ISO-10303-21;
HEADER;
/* Generated by software containing ST-Developer
 * from STEP Tools, Inc. (www.steptools.com) 
 */
/* OPTION: using custom renumber hook */

FILE_DESCRIPTION(
/* description */ ('STEP AP242 Edition 2',
'CAx-IF Rec.Pracs.---Representation and Presentation of Product Manufa
cturing Information (PMI)---4.0---2014-10-13',
'CAx-IF Rec.Pracs.---3D Tessellated Geometry---0.4---2014-09-14','2;1',
'CAx-IF Rec.Pracs.---User Defined Attributes---1.5---2016-08-15'),
/* implementation_level */ '2;1');

FILE_NAME(
/* name */ 'Part Studio 1 - Main Body',
/* time_stamp */ '2026-07-26T13:24:35Z',
/* author */ (''),
/* organization */ (''),
/* preprocessor_version */ 'ST-DEVELOPER v20',
/* originating_system */ 'ONSHAPE BY PTC INC, 1.218',
/* authorisation */ '  ');

FILE_SCHEMA (('AP242_MANAGED_MODEL_BASED_3D_ENGINEERING_MIM_LF { 1 0 10303 442 3 1 4 }'));
ENDSEC;

DATA;
#10=SHAPE_REPRESENTATION_RELATIONSHIP('','',#1805,#11);
#11=ADVANCED_BREP_SHAPE_REPRESENTATION('',(#1803),#3835);
#12=(
BOUNDED_SURFACE()
B_SPLINE_SURFACE(3,2,((#2930,#2931,#2932,#2933,#2934,#2935,#2936,#2937,
#2938,#2939,#2940,#2941,#2942,#2943,#2944,#2945,#2946,#2947,#2948,#2949,
#2950,#2951,#2952,#2953,#2954,#2955,#2956,#2957,#2958,#2959,#2960,#2961,
#2962,#2963,#2964,#2965,#2966,#2967,#2968,#2969,#2970,#2971,#2972,#2973,
#2974,#2975,#2976,#2977,#2978,#2979,#2980,#2981,#2982,#2983,#2984,#2985,
#2986,#2987,#2988,#2989,#2990),(#2991,#2992,#2993,#2994,#2995,#2996,#2997,
#2998,#2999,#3000,#3001,#3002,#3003,#3004,#3005,#3006,#3007,#3008,#3009,
#3010,#3011,#3012,#3013,#3014,#3015,#3016,#3017,#3018,#3019,#3020,#3021,
#3022,#3023,#3024,#3025,#3026,#3027,#3028,#3029,#3030,#3031,#3032,#3033,
#3034,#3035,#3036,#3037,#3038,#3039,#3040,#3041,#3042,#3043,#3044,#3045,
#3046,#3047,#3048,#3049,#3050,#3051),(#3052,#3053,#3054,#3055,#3056,#3057,
#3058,#3059,#3060,#3061,#3062,#3063,#3064,#3065,#3066,#3067,#3068,#3069,
#3070,#3071,#3072,#3073,#3074,#3075,#3076,#3077,#3078,#3079,#3080,#3081,
#3082,#3083,#3084,#3085,#3086,#3087,#3088,#3089,#3090,#3091,#3092,#3093,
#3094,#3095,#3096,#3097,#3098,#3099,#3100,#3101,#3102,#3103,#3104,#3105,
#3106,#3107,#3108,#3109,#3110,#3111,#3112),(#3113,#3114,#3115,#3116,#3117,
#3118,#3119,#3120,#3121,#3122,#3123,#3124,#3125,#3126,#3127,#3128,#3129,
#3130,#3131,#3132,#3133,#3134,#3135,#3136,#3137,#3138,#3139,#3140,#3141,
#3142,#3143,#3144,#3145,#3146,#3147,#3148,#3149,#3150,#3151,#3152,#3153,
#3154,#3155,#3156,#3157,#3158,#3159,#3160,#3161,#3162,#3163,#3164,#3165,
#3166,#3167,#3168,#3169,#3170,#3171,#3172,#3173),(#3174,#3175,#3176,#3177,
#3178,#3179,#3180,#3181,#3182,#3183,#3184,#3185,#3186,#3187,#3188,#3189,
#3190,#3191,#3192,#3193,#3194,#3195,#3196,#3197,#3198,#3199,#3200,#3201,
#3202,#3203,#3204,#3205,#3206,#3207,#3208,#3209,#3210,#3211,#3212,#3213,
#3214,#3215,#3216,#3217,#3218,#3219,#3220,#3221,#3222,#3223,#3224,#3225,
#3226,#3227,#3228,#3229,#3230,#3231,#3232,#3233,#3234),(#3235,#3236,#3237,
#3238,#3239,#3240,#3241,#3242,#3243,#3244,#3245,#3246,#3247,#3248,#3249,
#3250,#3251,#3252,#3253,#3254,#3255,#3256,#3257,#3258,#3259,#3260,#3261,
#3262,#3263,#3264,#3265,#3266,#3267,#3268,#3269,#3270,#3271,#3272,#3273,
#3274,#3275,#3276,#3277,#3278,#3279,#3280,#3281,#3282,#3283,#3284,#3285,
#3286,#3287,#3288,#3289,#3290,#3291,#3292,#3293,#3294,#3295),(#3296,#3297,
#3298,#3299,#3300,#3301,#3302,#3303,#3304,#3305,#3306,#3307,#3308,#3309,
#3310,#3311,#3312,#3313,#3314,#3315,#3316,#3317,#3318,#3319,#3320,#3321,
#3322,#3323,#3324,#3325,#3326,#3327,#3328,#3329,#3330,#3331,#3332,#3333,
#3334,#3335,#3336,#3337,#3338,#3339,#3340,#3341,#3342,#3343,#3344,#3345,
#3346,#3347,#3348,#3349,#3350,#3351,#3352,#3353,#3354,#3355,#3356)),
 .UNSPECIFIED.,.T.,.F.,.F.)
B_SPLINE_SURFACE_WITH_KNOTS((4,3,4),(3,2,2,2,2,2,2,2,2,2,2,2,2,2,2,2,2,
2,2,2,2,2,2,2,2,2,2,2,2,2,3),(0.,0.5,1.),(0.,0.0333333333333333,0.0666666666666667,
0.1,0.133333333333333,0.166666666666667,0.2,0.233333333333334,0.266666666666666,
0.3,0.333333333333334,0.366666666666666,0.4,0.433333333333334,0.466666666666667,
0.5,0.533333333333333,0.566666666666667,0.6,0.633333333333333,0.666666666666667,
0.7,0.733333333333333,0.766666666666667,0.8,0.833333333333333,0.866666666666667,
0.9,0.933333333333333,0.966666666666667,1.),.UNSPECIFIED.)
GEOMETRIC_REPRESENTATION_ITEM()
RATIONAL_B_SPLINE_SURFACE(((1.,0.866025403784439,1.,0.866025403784439,1.,
0.866025403784439,1.,0.866025403784439,1.,0.866025403784439,1.,0.866025403784439,
1.,0.866025403784439,1.,0.866025403784439,1.,0.866025403784439,1.,0.866025403784439,
1.,0.866025403784439,1.,0.866025403784439,1.,0.866025403784439,1.,0.866025403784439,
1.,0.866025403784439,1.,0.866025403784439,1.,0.866025403784439,1.,0.866025403784439,
1.,0.866025403784439,1.,0.866025403784439,1.,0.866025403784439,1.,0.866025403784439,
1.,0.866025403784439,1.,0.866025403784439,1.,0.866025403784439,1.,0.866025403784439,
1.,0.866025403784439,1.,0.866025403784439,1.,0.866025403784439,1.,0.866025403784439,
1.),(0.333333333333334,0.288675134594813,0.333333333333334,0.288675134594813,
0.333333333333334,0.288675134594813,0.333333333333334,0.288675134594813,
0.333333333333334,0.288675134594813,0.333333333333334,0.288675134594813,
0.333333333333334,0.288675134594813,0.333333333333334,0.288675134594813,
0.333333333333334,0.288675134594813,0.333333333333334,0.288675134594813,
0.333333333333334,0.288675134594813,0.333333333333334,0.288675134594813,
0.333333333333334,0.288675134594813,0.333333333333334,0.288675134594813,
0.333333333333334,0.288675134594813,0.333333333333334,0.288675134594813,
0.333333333333334,0.288675134594813,0.333333333333334,0.288675134594813,
0.333333333333334,0.288675134594813,0.333333333333334,0.288675134594813,
0.333333333333334,0.288675134594813,0.333333333333334,0.288675134594813,
0.333333333333334,0.288675134594813,0.333333333333334,0.288675134594813,
0.333333333333334,0.288675134594813,0.333333333333334,0.288675134594813,
0.333333333333334,0.288675134594813,0.333333333333334,0.288675134594813,
0.333333333333334,0.288675134594813,0.333333333333334,0.288675134594813,
0.333333333333334),(0.333333333333334,0.288675134594813,0.333333333333334,
0.288675134594813,0.333333333333334,0.288675134594813,0.333333333333334,
0.288675134594813,0.333333333333334,0.288675134594813,0.333333333333334,
0.288675134594813,0.333333333333334,0.288675134594813,0.333333333333334,
0.288675134594813,0.333333333333334,0.288675134594813,0.333333333333334,
0.288675134594813,0.333333333333334,0.288675134594813,0.333333333333334,
0.288675134594813,0.333333333333334,0.288675134594813,0.333333333333334,
0.288675134594813,0.333333333333334,0.288675134594813,0.333333333333334,
0.288675134594813,0.333333333333334,0.288675134594813,0.333333333333334,
0.288675134594813,0.333333333333334,0.288675134594813,0.333333333333334,
0.288675134594813,0.333333333333334,0.288675134594813,0.333333333333334,
0.288675134594813,0.333333333333334,0.288675134594813,0.333333333333334,
0.288675134594813,0.333333333333334,0.288675134594813,0.333333333333334,
0.288675134594813,0.333333333333334,0.288675134594813,0.333333333333334,
0.288675134594813,0.333333333333334,0.288675134594813,0.333333333333334,
0.288675134594813,0.333333333333334),(1.,0.866025403784439,1.,0.866025403784439,
1.,0.866025403784439,1.,0.866025403784439,1.,0.866025403784439,1.,0.866025403784439,
1.,0.866025403784439,1.,0.866025403784439,1.,0.866025403784439,1.,0.866025403784439,
1.,0.866025403784439,1.,0.866025403784439,1.,0.866025403784439,1.,0.866025403784439,
1.,0.866025403784439,1.,0.866025403784439,1.,0.866025403784439,1.,0.866025403784439,
1.,0.866025403784439,1.,0.866025403784439,1.,0.866025403784439,1.,0.866025403784439,
1.,0.866025403784439,1.,0.866025403784439,1.,0.866025403784439,1.,0.866025403784439,
1.,0.866025403784439,1.,0.866025403784439,1.,0.866025403784439,1.,0.866025403784439,
1.),(0.333333333333334,0.288675134594813,0.333333333333334,0.288675134594813,
0.333333333333334,0.288675134594813,0.333333333333334,0.288675134594813,
0.333333333333334,0.288675134594813,0.333333333333334,0.288675134594813,
0.333333333333334,0.288675134594813,0.333333333333334,0.288675134594813,
0.333333333333334,0.288675134594813,0.333333333333334,0.288675134594813,
0.333333333333334,0.288675134594813,0.333333333333334,0.288675134594813,
0.333333333333334,0.288675134594813,0.333333333333334,0.288675134594813,
0.333333333333334,0.288675134594813,0.333333333333334,0.288675134594813,
0.333333333333334,0.288675134594813,0.333333333333334,0.288675134594813,
0.333333333333334,0.288675134594813,0.333333333333334,0.288675134594813,
0.333333333333334,0.288675134594813,0.333333333333334,0.288675134594813,
0.333333333333334,0.288675134594813,0.333333333333334,0.288675134594813,
0.333333333333334,0.288675134594813,0.333333333333334,0.288675134594813,
0.333333333333334,0.288675134594813,0.333333333333334,0.288675134594813,
0.333333333333334,0.288675134594813,0.333333333333334,0.288675134594813,
0.333333333333334),(0.333333333333334,0.288675134594813,0.333333333333334,
0.288675134594813,0.333333333333334,0.288675134594813,0.333333333333334,
0.288675134594813,0.333333333333334,0.288675134594813,0.333333333333334,
0.288675134594813,0.333333333333334,0.288675134594813,0.333333333333334,
0.288675134594813,0.333333333333334,0.288675134594813,0.333333333333334,
0.288675134594813,0.333333333333334,0.288675134594813,0.333333333333334,
0.288675134594813,0.333333333333334,0.288675134594813,0.333333333333334,
0.288675134594813,0.333333333333334,0.288675134594813,0.333333333333334,
0.288675134594813,0.333333333333334,0.288675134594813,0.333333333333334,
0.288675134594813,0.333333333333334,0.288675134594813,0.333333333333334,
0.288675134594813,0.333333333333334,0.288675134594813,0.333333333333334,
0.288675134594813,0.333333333333334,0.288675134594813,0.333333333333334,
0.288675134594813,0.333333333333334,0.288675134594813,0.333333333333334,
0.288675134594813,0.333333333333334,0.288675134594813,0.333333333333334,
0.288675134594813,0.333333333333334,0.288675134594813,0.333333333333334,
0.288675134594813,0.333333333333334),(1.,0.866025403784439,1.,0.866025403784439,
1.,0.866025403784439,1.,0.866025403784439,1.,0.866025403784439,1.,0.866025403784439,
1.,0.866025403784439,1.,0.866025403784439,1.,0.866025403784439,1.,0.866025403784439,
1.,0.866025403784439,1.,0.866025403784439,1.,0.866025403784439,1.,0.866025403784439,
1.,0.866025403784439,1.,0.866025403784439,1.,0.866025403784439,1.,0.866025403784439,
1.,0.866025403784439,1.,0.866025403784439,1.,0.866025403784439,1.,0.866025403784439,
1.,0.866025403784439,1.,0.866025403784439,1.,0.866025403784439,1.,0.866025403784439,
1.,0.866025403784439,1.,0.866025403784439,1.,0.866025403784439,1.,0.866025403784439,
1.)))
REPRESENTATION_ITEM('')
SURFACE()
);
#13=(
BOUNDED_SURFACE()
B_SPLINE_SURFACE(3,2,((#3364,#3365,#3366,#3367,#3368,#3369,#3370,#3371,
#3372,#3373,#3374,#3375,#3376,#3377,#3378,#3379,#3380,#3381,#3382,#3383,
#3384,#3385,#3386,#3387,#3388,#3389,#3390,#3391,#3392,#3393,#3394,#3395,
#3396,#3397,#3398,#3399,#3400,#3401,#3402,#3403,#3404,#3405,#3406,#3407,
#3408,#3409,#3410,#3411,#3412,#3413,#3414,#3415,#3416,#3417,#3418,#3419,
#3420,#3421,#3422,#3423,#3424),(#3425,#3426,#3427,#3428,#3429,#3430,#3431,
#3432,#3433,#3434,#3435,#3436,#3437,#3438,#3439,#3440,#3441,#3442,#3443,
#3444,#3445,#3446,#3447,#3448,#3449,#3450,#3451,#3452,#3453,#3454,#3455,
#3456,#3457,#3458,#3459,#3460,#3461,#3462,#3463,#3464,#3465,#3466,#3467,
#3468,#3469,#3470,#3471,#3472,#3473,#3474,#3475,#3476,#3477,#3478,#3479,
#3480,#3481,#3482,#3483,#3484,#3485),(#3486,#3487,#3488,#3489,#3490,#3491,
#3492,#3493,#3494,#3495,#3496,#3497,#3498,#3499,#3500,#3501,#3502,#3503,
#3504,#3505,#3506,#3507,#3508,#3509,#3510,#3511,#3512,#3513,#3514,#3515,
#3516,#3517,#3518,#3519,#3520,#3521,#3522,#3523,#3524,#3525,#3526,#3527,
#3528,#3529,#3530,#3531,#3532,#3533,#3534,#3535,#3536,#3537,#3538,#3539,
#3540,#3541,#3542,#3543,#3544,#3545,#3546),(#3547,#3548,#3549,#3550,#3551,
#3552,#3553,#3554,#3555,#3556,#3557,#3558,#3559,#3560,#3561,#3562,#3563,
#3564,#3565,#3566,#3567,#3568,#3569,#3570,#3571,#3572,#3573,#3574,#3575,
#3576,#3577,#3578,#3579,#3580,#3581,#3582,#3583,#3584,#3585,#3586,#3587,
#3588,#3589,#3590,#3591,#3592,#3593,#3594,#3595,#3596,#3597,#3598,#3599,
#3600,#3601,#3602,#3603,#3604,#3605,#3606,#3607),(#3608,#3609,#3610,#3611,
#3612,#3613,#3614,#3615,#3616,#3617,#3618,#3619,#3620,#3621,#3622,#3623,
#3624,#3625,#3626,#3627,#3628,#3629,#3630,#3631,#3632,#3633,#3634,#3635,
#3636,#3637,#3638,#3639,#3640,#3641,#3642,#3643,#3644,#3645,#3646,#3647,
#3648,#3649,#3650,#3651,#3652,#3653,#3654,#3655,#3656,#3657,#3658,#3659,
#3660,#3661,#3662,#3663,#3664,#3665,#3666,#3667,#3668),(#3669,#3670,#3671,
#3672,#3673,#3674,#3675,#3676,#3677,#3678,#3679,#3680,#3681,#3682,#3683,
#3684,#3685,#3686,#3687,#3688,#3689,#3690,#3691,#3692,#3693,#3694,#3695,
#3696,#3697,#3698,#3699,#3700,#3701,#3702,#3703,#3704,#3705,#3706,#3707,
#3708,#3709,#3710,#3711,#3712,#3713,#3714,#3715,#3716,#3717,#3718,#3719,
#3720,#3721,#3722,#3723,#3724,#3725,#3726,#3727,#3728,#3729),(#3730,#3731,
#3732,#3733,#3734,#3735,#3736,#3737,#3738,#3739,#3740,#3741,#3742,#3743,
#3744,#3745,#3746,#3747,#3748,#3749,#3750,#3751,#3752,#3753,#3754,#3755,
#3756,#3757,#3758,#3759,#3760,#3761,#3762,#3763,#3764,#3765,#3766,#3767,
#3768,#3769,#3770,#3771,#3772,#3773,#3774,#3775,#3776,#3777,#3778,#3779,
#3780,#3781,#3782,#3783,#3784,#3785,#3786,#3787,#3788,#3789,#3790)),
 .UNSPECIFIED.,.T.,.F.,.F.)
B_SPLINE_SURFACE_WITH_KNOTS((4,3,4),(3,2,2,2,2,2,2,2,2,2,2,2,2,2,2,2,2,
2,2,2,2,2,2,2,2,2,2,2,2,2,3),(0.,0.5,1.),(0.,0.0333333333333333,0.0666666666666667,
0.1,0.133333333333333,0.166666666666667,0.2,0.233333333333334,0.266666666666666,
0.3,0.333333333333334,0.366666666666666,0.4,0.433333333333334,0.466666666666667,
0.5,0.533333333333333,0.566666666666667,0.6,0.633333333333333,0.666666666666667,
0.7,0.733333333333333,0.766666666666667,0.8,0.833333333333333,0.866666666666667,
0.9,0.933333333333333,0.966666666666667,1.),.UNSPECIFIED.)
GEOMETRIC_REPRESENTATION_ITEM()
RATIONAL_B_SPLINE_SURFACE(((1.,0.866025403784439,1.,0.866025403784439,1.,
0.866025403784439,1.,0.866025403784439,1.,0.866025403784439,1.,0.866025403784439,
1.,0.866025403784439,1.,0.866025403784439,1.,0.866025403784439,1.,0.866025403784439,
1.,0.866025403784439,1.,0.866025403784439,1.,0.866025403784439,1.,0.866025403784439,
1.,0.866025403784439,1.,0.866025403784439,1.,0.866025403784439,1.,0.866025403784439,
1.,0.866025403784439,1.,0.866025403784439,1.,0.866025403784439,1.,0.866025403784439,
1.,0.866025403784439,1.,0.866025403784439,1.,0.866025403784439,1.,0.866025403784439,
1.,0.866025403784439,1.,0.866025403784439,1.,0.866025403784439,1.,0.866025403784439,
1.),(0.333333333333334,0.288675134594813,0.333333333333334,0.288675134594813,
0.333333333333334,0.288675134594813,0.333333333333334,0.288675134594813,
0.333333333333334,0.288675134594813,0.333333333333334,0.288675134594813,
0.333333333333334,0.288675134594813,0.333333333333334,0.288675134594813,
0.333333333333334,0.288675134594813,0.333333333333334,0.288675134594813,
0.333333333333334,0.288675134594813,0.333333333333334,0.288675134594813,
0.333333333333334,0.288675134594813,0.333333333333334,0.288675134594813,
0.333333333333334,0.288675134594813,0.333333333333334,0.288675134594813,
0.333333333333334,0.288675134594813,0.333333333333334,0.288675134594813,
0.333333333333334,0.288675134594813,0.333333333333334,0.288675134594813,
0.333333333333334,0.288675134594813,0.333333333333334,0.288675134594813,
0.333333333333334,0.288675134594813,0.333333333333334,0.288675134594813,
0.333333333333334,0.288675134594813,0.333333333333334,0.288675134594813,
0.333333333333334,0.288675134594813,0.333333333333334,0.288675134594813,
0.333333333333334,0.288675134594813,0.333333333333334,0.288675134594813,
0.333333333333334),(0.333333333333334,0.288675134594813,0.333333333333334,
0.288675134594813,0.333333333333334,0.288675134594813,0.333333333333334,
0.288675134594813,0.333333333333334,0.288675134594813,0.333333333333334,
0.288675134594813,0.333333333333334,0.288675134594813,0.333333333333334,
0.288675134594813,0.333333333333334,0.288675134594813,0.333333333333334,
0.288675134594813,0.333333333333334,0.288675134594813,0.333333333333334,
0.288675134594813,0.333333333333334,0.288675134594813,0.333333333333334,
0.288675134594813,0.333333333333334,0.288675134594813,0.333333333333334,
0.288675134594813,0.333333333333334,0.288675134594813,0.333333333333334,
0.288675134594813,0.333333333333334,0.288675134594813,0.333333333333334,
0.288675134594813,0.333333333333334,0.288675134594813,0.333333333333334,
0.288675134594813,0.333333333333334,0.288675134594813,0.333333333333334,
0.288675134594813,0.333333333333334,0.288675134594813,0.333333333333334,
0.288675134594813,0.333333333333334,0.288675134594813,0.333333333333334,
0.288675134594813,0.333333333333334,0.288675134594813,0.333333333333334,
0.288675134594813,0.333333333333334),(1.,0.866025403784439,1.,0.866025403784439,
1.,0.866025403784439,1.,0.866025403784439,1.,0.866025403784439,1.,0.866025403784439,
1.,0.866025403784439,1.,0.866025403784439,1.,0.866025403784439,1.,0.866025403784439,
1.,0.866025403784439,1.,0.866025403784439,1.,0.866025403784439,1.,0.866025403784439,
1.,0.866025403784439,1.,0.866025403784439,1.,0.866025403784439,1.,0.866025403784439,
1.,0.866025403784439,1.,0.866025403784439,1.,0.866025403784439,1.,0.866025403784439,
1.,0.866025403784439,1.,0.866025403784439,1.,0.866025403784439,1.,0.866025403784439,
1.,0.866025403784439,1.,0.866025403784439,1.,0.866025403784439,1.,0.866025403784439,
1.),(0.333333333333334,0.288675134594813,0.333333333333334,0.288675134594813,
0.333333333333334,0.288675134594813,0.333333333333334,0.288675134594813,
0.333333333333334,0.288675134594813,0.333333333333334,0.288675134594813,
0.333333333333334,0.288675134594813,0.333333333333334,0.288675134594813,
0.333333333333334,0.288675134594813,0.333333333333334,0.288675134594813,
0.333333333333334,0.288675134594813,0.333333333333334,0.288675134594813,
0.333333333333334,0.288675134594813,0.333333333333334,0.288675134594813,
0.333333333333334,0.288675134594813,0.333333333333334,0.288675134594813,
0.333333333333334,0.288675134594813,0.333333333333334,0.288675134594813,
0.333333333333334,0.288675134594813,0.333333333333334,0.288675134594813,
0.333333333333334,0.288675134594813,0.333333333333334,0.288675134594813,
0.333333333333334,0.288675134594813,0.333333333333334,0.288675134594813,
0.333333333333334,0.288675134594813,0.333333333333334,0.288675134594813,
0.333333333333334,0.288675134594813,0.333333333333334,0.288675134594813,
0.333333333333334,0.288675134594813,0.333333333333334,0.288675134594813,
0.333333333333334),(0.333333333333334,0.288675134594813,0.333333333333334,
0.288675134594813,0.333333333333334,0.288675134594813,0.333333333333334,
0.288675134594813,0.333333333333334,0.288675134594813,0.333333333333334,
0.288675134594813,0.333333333333334,0.288675134594813,0.333333333333334,
0.288675134594813,0.333333333333334,0.288675134594813,0.333333333333334,
0.288675134594813,0.333333333333334,0.288675134594813,0.333333333333334,
0.288675134594813,0.333333333333334,0.288675134594813,0.333333333333334,
0.288675134594813,0.333333333333334,0.288675134594813,0.333333333333334,
0.288675134594813,0.333333333333334,0.288675134594813,0.333333333333334,
0.288675134594813,0.333333333333334,0.288675134594813,0.333333333333334,
0.288675134594813,0.333333333333334,0.288675134594813,0.333333333333334,
0.288675134594813,0.333333333333334,0.288675134594813,0.333333333333334,
0.288675134594813,0.333333333333334,0.288675134594813,0.333333333333334,
0.288675134594813,0.333333333333334,0.288675134594813,0.333333333333334,
0.288675134594813,0.333333333333334,0.288675134594813,0.333333333333334,
0.288675134594813,0.333333333333334),(1.,0.866025403784439,1.,0.866025403784439,
1.,0.866025403784439,1.,0.866025403784439,1.,0.866025403784439,1.,0.866025403784439,
1.,0.866025403784439,1.,0.866025403784439,1.,0.866025403784439,1.,0.866025403784439,
1.,0.866025403784439,1.,0.866025403784439,1.,0.866025403784439,1.,0.866025403784439,
1.,0.866025403784439,1.,0.866025403784439,1.,0.866025403784439,1.,0.866025403784439,
1.,0.866025403784439,1.,0.866025403784439,1.,0.866025403784439,1.,0.866025403784439,
1.,0.866025403784439,1.,0.866025403784439,1.,0.866025403784439,1.,0.866025403784439,
1.,0.866025403784439,1.,0.866025403784439,1.,0.866025403784439,1.,0.866025403784439,
1.)))
REPRESENTATION_ITEM('')
SURFACE()
);
#14=TOROIDAL_SURFACE('',#1935,0.0009,0.0005);
#15=TOROIDAL_SURFACE('',#1936,0.00225,0.0005);
#16=TOROIDAL_SURFACE('',#1937,0.00225,0.0005);
#17=TOROIDAL_SURFACE('',#1958,0.0009,0.0005);
#18=TOROIDAL_SURFACE('',#1959,0.00225,0.0005);
#19=TOROIDAL_SURFACE('',#1960,0.00225,0.0005);
#20=OVER_RIDING_STYLED_ITEM('',(#1687),#1662,#1685);
#21=OVER_RIDING_STYLED_ITEM('',(#1688),#1663,#1685);
#22=OVER_RIDING_STYLED_ITEM('',(#1689),#1664,#1685);
#23=OVER_RIDING_STYLED_ITEM('',(#1690),#1665,#1685);
#24=OVER_RIDING_STYLED_ITEM('',(#1691),#1666,#1685);
#25=OVER_RIDING_STYLED_ITEM('',(#1692),#1667,#1685);
#26=OVER_RIDING_STYLED_ITEM('',(#1693),#1668,#1685);
#27=OVER_RIDING_STYLED_ITEM('',(#1694),#1669,#1685);
#28=OVER_RIDING_STYLED_ITEM('',(#1695),#1671,#1685);
#29=OVER_RIDING_STYLED_ITEM('',(#1696),#1674,#1685);
#30=OVER_RIDING_STYLED_ITEM('',(#1697),#1676,#1685);
#31=OVER_RIDING_STYLED_ITEM('',(#1698),#1677,#1685);
#32=OVER_RIDING_STYLED_ITEM('',(#1699),#1678,#1685);
#33=OVER_RIDING_STYLED_ITEM('',(#1700),#1679,#1685);
#34=OVER_RIDING_STYLED_ITEM('',(#1701),#1680,#1685);
#35=OVER_RIDING_STYLED_ITEM('',(#1702),#1681,#1685);
#36=OVER_RIDING_STYLED_ITEM('',(#1703),#1682,#1685);
#37=OVER_RIDING_STYLED_ITEM('',(#1704),#1683,#1685);
#38=B_SPLINE_CURVE_WITH_KNOTS('',3,(#2810,#2811,#2812,#2813,#2814,#2815,
#2816,#2817,#2818,#2819,#2820,#2821,#2822,#2823,#2824,#2825,#2826,#2827,
#2828),.UNSPECIFIED.,.F.,.F.,(4,1,1,1,1,1,1,1,1,1,1,1,1,1,1,1,4),(0.,0.00060120900349881,
0.00120241800699762,0.00150302250874703,0.00180362701049643,0.00210423151224584,
0.00240483601399524,0.00247998713943259,0.00255513826486994,0.0026302893903073,
0.00270544051574465,0.00285574276661935,0.00300604501749405,0.00330664951924346,
0.00360725402099286,0.00420846302449167,0.00480967202799048),
 .UNSPECIFIED.);
#39=B_SPLINE_CURVE_WITH_KNOTS('',3,(#2836,#2837,#2838,#2839,#2840,#2841,
#2842,#2843,#2844,#2845,#2846,#2847,#2848,#2849,#2850,#2851,#2852,#2853,
#2854),.UNSPECIFIED.,.F.,.F.,(4,1,1,1,1,1,1,1,1,1,1,1,1,1,1,1,4),(0.,0.000601209003498891,
0.00120241800699778,0.00150302250874723,0.00180362701049667,0.00210423151224612,
0.00240483601399556,0.00247998713943292,0.00255513826487029,0.00263028939030765,
0.00270544051574501,0.00285574276661973,0.00300604501749445,0.0033066495192439,
0.00360725402099334,0.00420846302449223,0.00480967202799113),
 .UNSPECIFIED.);
#40=B_SPLINE_CURVE_WITH_KNOTS('',3,(#2892,#2893,#2894,#2895,#2896,#2897,
#2898,#2899,#2900,#2901,#2902,#2903,#2904,#2905,#2906,#2907,#2908,#2909,
#2910),.UNSPECIFIED.,.F.,.F.,(4,1,1,1,1,1,1,1,1,1,1,1,1,1,1,1,4),(0.,0.000603189116260581,
0.00120637823252116,0.00150797279065145,0.00180956734878174,0.00196036462784689,
0.00211116190691203,0.00218656054644461,0.00226195918597718,0.00233735782550975,
0.00241275646504232,0.00271435102317262,0.00301594558130291,0.0033175401394332,
0.00361913469756349,0.00422232381382407,0.00482551293008465),
 .UNSPECIFIED.);
#41=B_SPLINE_CURVE_WITH_KNOTS('',3,(#3792,#3793,#3794,#3795,#3796,#3797,
#3798,#3799,#3800,#3801,#3802,#3803,#3804,#3805,#3806,#3807,#3808,#3809,
#3810),.UNSPECIFIED.,.F.,.F.,(4,1,1,1,1,1,1,1,1,1,1,1,1,1,1,1,4),(0.,0.00060120900349883,
0.00120241800699766,0.00150302250874708,0.00180362701049649,0.00210423151224591,
0.00240483601399532,0.00247998713943268,0.00255513826487003,0.00263028939030738,
0.00270544051574474,0.00285574276661944,0.00300604501749415,0.00330664951924357,
0.00360725402099298,0.00420846302449181,0.00480967202799064),
 .UNSPECIFIED.);
#42=LINE('',#2445,#202);
#43=LINE('',#2448,#203);
#44=LINE('',#2450,#204);
#45=LINE('',#2452,#205);
#46=LINE('',#2454,#206);
#47=LINE('',#2456,#207);
#48=LINE('',#2458,#208);
#49=LINE('',#2460,#209);
#50=LINE('',#2463,#210);
#51=LINE('',#2465,#211);
#52=LINE('',#2467,#212);
#53=LINE('',#2469,#213);
#54=LINE('',#2472,#214);
#55=LINE('',#2474,#215);
#56=LINE('',#2476,#216);
#57=LINE('',#2480,#217);
#58=LINE('',#2483,#218);
#59=LINE('',#2485,#219);
#60=LINE('',#2487,#220);
#61=LINE('',#2489,#221);
#62=LINE('',#2491,#222);
#63=LINE('',#2493,#223);
#64=LINE('',#2495,#224);
#65=LINE('',#2498,#225);
#66=LINE('',#2500,#226);
#67=LINE('',#2502,#227);
#68=LINE('',#2504,#228);
#69=LINE('',#2507,#229);
#70=LINE('',#2509,#230);
#71=LINE('',#2511,#231);
#72=LINE('',#2513,#232);
#73=LINE('',#2518,#233);
#74=LINE('',#2520,#234);
#75=LINE('',#2522,#235);
#76=LINE('',#2524,#236);
#77=LINE('',#2526,#237);
#78=LINE('',#2528,#238);
#79=LINE('',#2529,#239);
#80=LINE('',#2531,#240);
#81=LINE('',#2535,#241);
#82=LINE('',#2539,#242);
#83=LINE('',#2541,#243);
#84=LINE('',#2543,#244);
#85=LINE('',#2547,#245);
#86=LINE('',#2551,#246);
#87=LINE('',#2553,#247);
#88=LINE('',#2554,#248);
#89=LINE('',#2558,#249);
#90=LINE('',#2562,#250);
#91=LINE('',#2563,#251);
#92=LINE('',#2567,#252);
#93=LINE('',#2571,#253);
#94=LINE('',#2572,#254);
#95=LINE('',#2576,#255);
#96=LINE('',#2580,#256);
#97=LINE('',#2581,#257);
#98=LINE('',#2583,#258);
#99=LINE('',#2587,#259);
#100=LINE('',#2591,#260);
#101=LINE('',#2593,#261);
#102=LINE('',#2595,#262);
#103=LINE('',#2599,#263);
#104=LINE('',#2603,#264);
#105=LINE('',#2605,#265);
#106=LINE('',#2608,#266);
#107=LINE('',#2613,#267);
#108=LINE('',#2615,#268);
#109=LINE('',#2617,#269);
#110=LINE('',#2619,#270);
#111=LINE('',#2621,#271);
#112=LINE('',#2623,#272);
#113=LINE('',#2624,#273);
#114=LINE('',#2626,#274);
#115=LINE('',#2630,#275);
#116=LINE('',#2634,#276);
#117=LINE('',#2636,#277);
#118=LINE('',#2638,#278);
#119=LINE('',#2642,#279);
#120=LINE('',#2646,#280);
#121=LINE('',#2648,#281);
#122=LINE('',#2649,#282);
#123=LINE('',#2653,#283);
#124=LINE('',#2657,#284);
#125=LINE('',#2658,#285);
#126=LINE('',#2662,#286);
#127=LINE('',#2666,#287);
#128=LINE('',#2667,#288);
#129=LINE('',#2671,#289);
#130=LINE('',#2675,#290);
#131=LINE('',#2676,#291);
#132=LINE('',#2678,#292);
#133=LINE('',#2682,#293);
#134=LINE('',#2686,#294);
#135=LINE('',#2688,#295);
#136=LINE('',#2690,#296);
#137=LINE('',#2694,#297);
#138=LINE('',#2698,#298);
#139=LINE('',#2700,#299);
#140=LINE('',#2703,#300);
#141=LINE('',#2704,#301);
#142=LINE('',#2706,#302);
#143=LINE('',#2708,#303);
#144=LINE('',#2710,#304);
#145=LINE('',#2715,#305);
#146=LINE('',#2718,#306);
#147=LINE('',#2720,#307);
#148=LINE('',#2721,#308);
#149=LINE('',#2723,#309);
#150=LINE('',#2724,#310);
#151=LINE('',#2725,#311);
#152=LINE('',#2727,#312);
#153=LINE('',#2729,#313);
#154=LINE('',#2731,#314);
#155=LINE('',#2736,#315);
#156=LINE('',#2739,#316);
#157=LINE('',#2741,#317);
#158=LINE('',#2742,#318);
#159=LINE('',#2744,#319);
#160=LINE('',#2745,#320);
#161=LINE('',#2746,#321);
#162=LINE('',#2748,#322);
#163=LINE('',#2750,#323);
#164=LINE('',#2752,#324);
#165=LINE('',#2753,#325);
#166=LINE('',#2755,#326);
#167=LINE('',#2757,#327);
#168=LINE('',#2759,#328);
#169=LINE('',#2760,#329);
#170=LINE('',#2762,#330);
#171=LINE('',#2763,#331);
#172=LINE('',#2765,#332);
#173=LINE('',#2766,#333);
#174=LINE('',#2768,#334);
#175=LINE('',#2769,#335);
#176=LINE('',#2771,#336);
#177=LINE('',#2773,#337);
#178=LINE('',#2775,#338);
#179=LINE('',#2776,#339);
#180=LINE('',#2778,#340);
#181=LINE('',#2779,#341);
#182=LINE('',#2781,#342);
#183=LINE('',#2782,#343);
#184=LINE('',#2784,#344);
#185=LINE('',#2785,#345);
#186=LINE('',#2787,#346);
#187=LINE('',#2788,#347);
#188=LINE('',#2790,#348);
#189=LINE('',#2791,#349);
#190=LINE('',#2793,#350);
#191=LINE('',#2794,#351);
#192=LINE('',#2796,#352);
#193=LINE('',#2797,#353);
#194=LINE('',#2799,#354);
#195=LINE('',#2800,#355);
#196=LINE('',#2802,#356);
#197=LINE('',#2803,#357);
#198=LINE('',#2831,#358);
#199=LINE('',#2857,#359);
#200=LINE('',#2889,#360);
#201=LINE('',#3360,#361);
#202=VECTOR('',#1979,1.);
#203=VECTOR('',#1980,1.);
#204=VECTOR('',#1981,1.);
#205=VECTOR('',#1982,1.);
#206=VECTOR('',#1983,1.);
#207=VECTOR('',#1984,1.);
#208=VECTOR('',#1985,1.);
#209=VECTOR('',#1988,1.);
#210=VECTOR('',#1989,1.);
#211=VECTOR('',#1990,1.);
#212=VECTOR('',#1991,1.);
#213=VECTOR('',#1994,1.);
#214=VECTOR('',#1995,1.);
#215=VECTOR('',#1996,1.);
#216=VECTOR('',#1997,1.);
#217=VECTOR('',#2002,1.);
#218=VECTOR('',#2003,1.);
#219=VECTOR('',#2004,1.);
#220=VECTOR('',#2005,1.);
#221=VECTOR('',#2006,1.);
#222=VECTOR('',#2007,1.);
#223=VECTOR('',#2008,1.);
#224=VECTOR('',#2011,1.);
#225=VECTOR('',#2012,1.);
#226=VECTOR('',#2013,1.);
#227=VECTOR('',#2014,1.);
#228=VECTOR('',#2017,1.);
#229=VECTOR('',#2018,1.);
#230=VECTOR('',#2019,1.);
#231=VECTOR('',#2020,1.);
#232=VECTOR('',#2023,1.);
#233=VECTOR('',#2026,1.);
#234=VECTOR('',#2027,1.);
#235=VECTOR('',#2028,1.);
#236=VECTOR('',#2029,1.);
#237=VECTOR('',#2030,1.);
#238=VECTOR('',#2031,1.);
#239=VECTOR('',#2032,1.);
#240=VECTOR('',#2033,1.);
#241=VECTOR('',#2036,1.);
#242=VECTOR('',#2039,1.);
#243=VECTOR('',#2040,1.);
#244=VECTOR('',#2041,1.);
#245=VECTOR('',#2044,1.);
#246=VECTOR('',#2047,1.);
#247=VECTOR('',#2048,1.);
#248=VECTOR('',#2049,1.);
#249=VECTOR('',#2052,1.);
#250=VECTOR('',#2055,1.);
#251=VECTOR('',#2056,1.);
#252=VECTOR('',#2059,1.);
#253=VECTOR('',#2062,1.);
#254=VECTOR('',#2063,1.);
#255=VECTOR('',#2066,1.);
#256=VECTOR('',#2069,1.);
#257=VECTOR('',#2070,1.);
#258=VECTOR('',#2071,1.);
#259=VECTOR('',#2074,1.);
#260=VECTOR('',#2077,1.);
#261=VECTOR('',#2078,1.);
#262=VECTOR('',#2079,1.);
#263=VECTOR('',#2082,1.);
#264=VECTOR('',#2085,1.);
#265=VECTOR('',#2086,1.);
#266=VECTOR('',#2091,1.);
#267=VECTOR('',#2094,1.);
#268=VECTOR('',#2095,1.);
#269=VECTOR('',#2096,1.);
#270=VECTOR('',#2097,1.);
#271=VECTOR('',#2098,1.);
#272=VECTOR('',#2099,1.);
#273=VECTOR('',#2100,1.);
#274=VECTOR('',#2101,1.);
#275=VECTOR('',#2104,1.);
#276=VECTOR('',#2107,1.);
#277=VECTOR('',#2108,1.);
#278=VECTOR('',#2109,1.);
#279=VECTOR('',#2112,1.);
#280=VECTOR('',#2115,1.);
#281=VECTOR('',#2116,1.);
#282=VECTOR('',#2117,1.);
#283=VECTOR('',#2120,1.);
#284=VECTOR('',#2123,1.);
#285=VECTOR('',#2124,1.);
#286=VECTOR('',#2127,1.);
#287=VECTOR('',#2130,1.);
#288=VECTOR('',#2131,1.);
#289=VECTOR('',#2134,1.);
#290=VECTOR('',#2137,1.);
#291=VECTOR('',#2138,1.);
#292=VECTOR('',#2139,1.);
#293=VECTOR('',#2142,1.);
#294=VECTOR('',#2145,1.);
#295=VECTOR('',#2146,1.);
#296=VECTOR('',#2147,1.);
#297=VECTOR('',#2150,1.);
#298=VECTOR('',#2153,1.);
#299=VECTOR('',#2154,1.);
#300=VECTOR('',#2159,1.);
#301=VECTOR('',#2160,1.);
#302=VECTOR('',#2163,1.);
#303=VECTOR('',#2164,1.);
#304=VECTOR('',#2167,1.);
#305=VECTOR('',#2170,1.);
#306=VECTOR('',#2173,1.);
#307=VECTOR('',#2176,1.);
#308=VECTOR('',#2177,1.);
#309=VECTOR('',#2180,1.);
#310=VECTOR('',#2181,1.);
#311=VECTOR('',#2182,1.);
#312=VECTOR('',#2185,1.);
#313=VECTOR('',#2186,1.);
#314=VECTOR('',#2189,1.);
#315=VECTOR('',#2192,1.);
#316=VECTOR('',#2195,1.);
#317=VECTOR('',#2198,1.);
#318=VECTOR('',#2199,1.);
#319=VECTOR('',#2202,1.);
#320=VECTOR('',#2203,1.);
#321=VECTOR('',#2204,1.);
#322=VECTOR('',#2207,1.);
#323=VECTOR('',#2210,1.);
#324=VECTOR('',#2213,1.);
#325=VECTOR('',#2214,1.);
#326=VECTOR('',#2217,1.);
#327=VECTOR('',#2220,1.);
#328=VECTOR('',#2223,1.);
#329=VECTOR('',#2224,1.);
#330=VECTOR('',#2227,1.);
#331=VECTOR('',#2228,1.);
#332=VECTOR('',#2231,1.);
#333=VECTOR('',#2232,1.);
#334=VECTOR('',#2235,1.);
#335=VECTOR('',#2236,1.);
#336=VECTOR('',#2239,1.);
#337=VECTOR('',#2242,1.);
#338=VECTOR('',#2245,1.);
#339=VECTOR('',#2246,1.);
#340=VECTOR('',#2249,1.);
#341=VECTOR('',#2250,1.);
#342=VECTOR('',#2253,1.);
#343=VECTOR('',#2254,1.);
#344=VECTOR('',#2257,1.);
#345=VECTOR('',#2258,1.);
#346=VECTOR('',#2261,1.);
#347=VECTOR('',#2262,1.);
#348=VECTOR('',#2265,1.);
#349=VECTOR('',#2266,1.);
#350=VECTOR('',#2269,1.);
#351=VECTOR('',#2270,1.);
#352=VECTOR('',#2273,1.);
#353=VECTOR('',#2274,1.);
#354=VECTOR('',#2277,1.);
#355=VECTOR('',#2278,1.);
#356=VECTOR('',#2281,1.);
#357=VECTOR('',#2282,1.);
#358=VECTOR('',#2293,1.);
#359=VECTOR('',#2300,1.);
#360=VECTOR('',#2359,1.);
#361=VECTOR('',#2394,1.);
#362=PLANE('',#1813);
#363=PLANE('',#1815);
#364=PLANE('',#1816);
#365=PLANE('',#1817);
#366=PLANE('',#1819);
#367=PLANE('',#1820);
#368=PLANE('',#1821);
#369=PLANE('',#1838);
#370=PLANE('',#1855);
#371=PLANE('',#1856);
#372=PLANE('',#1857);
#373=PLANE('',#1860);
#374=PLANE('',#1861);
#375=PLANE('',#1862);
#376=PLANE('',#1863);
#377=PLANE('',#1866);
#378=PLANE('',#1867);
#379=PLANE('',#1868);
#380=PLANE('',#1869);
#381=PLANE('',#1870);
#382=PLANE('',#1871);
#383=PLANE('',#1872);
#384=PLANE('',#1873);
#385=PLANE('',#1874);
#386=PLANE('',#1875);
#387=PLANE('',#1876);
#388=PLANE('',#1877);
#389=PLANE('',#1878);
#390=PLANE('',#1879);
#391=PLANE('',#1880);
#392=PLANE('',#1881);
#393=PLANE('',#1882);
#394=PLANE('',#1883);
#395=PLANE('',#1884);
#396=PLANE('',#1885);
#397=PLANE('',#1886);
#398=PLANE('',#1887);
#399=PLANE('',#1888);
#400=PLANE('',#1889);
#401=PLANE('',#1890);
#402=PLANE('',#1893);
#403=PLANE('',#1896);
#404=PLANE('',#1897);
#405=PLANE('',#1898);
#406=PLANE('',#1899);
#407=PLANE('',#1900);
#408=PLANE('',#1901);
#409=PLANE('',#1902);
#410=PLANE('',#1903);
#411=PLANE('',#1904);
#412=PLANE('',#1923);
#413=PLANE('',#1928);
#414=PLANE('',#1933);
#415=PLANE('',#1938);
#416=PLANE('',#1941);
#417=PLANE('',#1942);
#418=PLANE('',#1945);
#419=PLANE('',#1946);
#420=PLANE('',#1951);
#421=PLANE('',#1956);
#422=ORIENTED_EDGE('',*,*,#874,.F.);
#423=ORIENTED_EDGE('',*,*,#875,.T.);
#424=ORIENTED_EDGE('',*,*,#876,.F.);
#425=ORIENTED_EDGE('',*,*,#877,.T.);
#426=ORIENTED_EDGE('',*,*,#878,.F.);
#427=ORIENTED_EDGE('',*,*,#879,.F.);
#428=ORIENTED_EDGE('',*,*,#880,.T.);
#429=ORIENTED_EDGE('',*,*,#881,.F.);
#430=ORIENTED_EDGE('',*,*,#882,.T.);
#431=ORIENTED_EDGE('',*,*,#883,.F.);
#432=ORIENTED_EDGE('',*,*,#884,.F.);
#433=ORIENTED_EDGE('',*,*,#885,.T.);
#434=ORIENTED_EDGE('',*,*,#886,.F.);
#435=ORIENTED_EDGE('',*,*,#887,.T.);
#436=ORIENTED_EDGE('',*,*,#888,.F.);
#437=ORIENTED_EDGE('',*,*,#889,.T.);
#438=ORIENTED_EDGE('',*,*,#890,.F.);
#439=ORIENTED_EDGE('',*,*,#891,.T.);
#440=ORIENTED_EDGE('',*,*,#892,.F.);
#441=ORIENTED_EDGE('',*,*,#893,.T.);
#442=ORIENTED_EDGE('',*,*,#894,.F.);
#443=ORIENTED_EDGE('',*,*,#895,.T.);
#444=ORIENTED_EDGE('',*,*,#896,.T.);
#445=ORIENTED_EDGE('',*,*,#897,.F.);
#446=ORIENTED_EDGE('',*,*,#898,.T.);
#447=ORIENTED_EDGE('',*,*,#899,.F.);
#448=ORIENTED_EDGE('',*,*,#900,.F.);
#449=ORIENTED_EDGE('',*,*,#901,.T.);
#450=ORIENTED_EDGE('',*,*,#902,.F.);
#451=ORIENTED_EDGE('',*,*,#903,.T.);
#452=ORIENTED_EDGE('',*,*,#904,.F.);
#453=ORIENTED_EDGE('',*,*,#905,.F.);
#454=ORIENTED_EDGE('',*,*,#906,.F.);
#455=ORIENTED_EDGE('',*,*,#907,.F.);
#456=ORIENTED_EDGE('',*,*,#908,.F.);
#457=ORIENTED_EDGE('',*,*,#909,.F.);
#458=ORIENTED_EDGE('',*,*,#910,.T.);
#459=ORIENTED_EDGE('',*,*,#911,.T.);
#460=ORIENTED_EDGE('',*,*,#912,.F.);
#461=ORIENTED_EDGE('',*,*,#913,.T.);
#462=ORIENTED_EDGE('',*,*,#914,.F.);
#463=ORIENTED_EDGE('',*,*,#915,.T.);
#464=ORIENTED_EDGE('',*,*,#916,.F.);
#465=ORIENTED_EDGE('',*,*,#917,.F.);
#466=ORIENTED_EDGE('',*,*,#883,.T.);
#467=ORIENTED_EDGE('',*,*,#918,.T.);
#468=ORIENTED_EDGE('',*,*,#919,.F.);
#469=ORIENTED_EDGE('',*,*,#920,.T.);
#470=ORIENTED_EDGE('',*,*,#921,.T.);
#471=ORIENTED_EDGE('',*,*,#922,.T.);
#472=ORIENTED_EDGE('',*,*,#923,.T.);
#473=ORIENTED_EDGE('',*,*,#924,.T.);
#474=ORIENTED_EDGE('',*,*,#925,.F.);
#475=ORIENTED_EDGE('',*,*,#926,.T.);
#476=ORIENTED_EDGE('',*,*,#927,.T.);
#477=ORIENTED_EDGE('',*,*,#928,.T.);
#478=ORIENTED_EDGE('',*,*,#929,.T.);
#479=ORIENTED_EDGE('',*,*,#930,.T.);
#480=ORIENTED_EDGE('',*,*,#890,.T.);
#481=ORIENTED_EDGE('',*,*,#931,.F.);
#482=ORIENTED_EDGE('',*,*,#932,.T.);
#483=ORIENTED_EDGE('',*,*,#933,.T.);
#484=ORIENTED_EDGE('',*,*,#934,.T.);
#485=ORIENTED_EDGE('',*,*,#935,.T.);
#486=ORIENTED_EDGE('',*,*,#886,.T.);
#487=ORIENTED_EDGE('',*,*,#936,.F.);
#488=ORIENTED_EDGE('',*,*,#937,.T.);
#489=ORIENTED_EDGE('',*,*,#938,.T.);
#490=ORIENTED_EDGE('',*,*,#939,.T.);
#491=ORIENTED_EDGE('',*,*,#940,.T.);
#492=ORIENTED_EDGE('',*,*,#907,.T.);
#493=ORIENTED_EDGE('',*,*,#941,.F.);
#494=ORIENTED_EDGE('',*,*,#942,.T.);
#495=ORIENTED_EDGE('',*,*,#943,.T.);
#496=ORIENTED_EDGE('',*,*,#944,.T.);
#497=ORIENTED_EDGE('',*,*,#945,.T.);
#498=ORIENTED_EDGE('',*,*,#904,.T.);
#499=ORIENTED_EDGE('',*,*,#946,.T.);
#500=ORIENTED_EDGE('',*,*,#947,.F.);
#501=ORIENTED_EDGE('',*,*,#948,.T.);
#502=ORIENTED_EDGE('',*,*,#949,.T.);
#503=ORIENTED_EDGE('',*,*,#950,.T.);
#504=ORIENTED_EDGE('',*,*,#951,.T.);
#505=ORIENTED_EDGE('',*,*,#952,.T.);
#506=ORIENTED_EDGE('',*,*,#953,.F.);
#507=ORIENTED_EDGE('',*,*,#954,.T.);
#508=ORIENTED_EDGE('',*,*,#955,.T.);
#509=ORIENTED_EDGE('',*,*,#956,.T.);
#510=ORIENTED_EDGE('',*,*,#957,.T.);
#511=ORIENTED_EDGE('',*,*,#958,.T.);
#512=ORIENTED_EDGE('',*,*,#897,.T.);
#513=ORIENTED_EDGE('',*,*,#959,.T.);
#514=ORIENTED_EDGE('',*,*,#960,.T.);
#515=ORIENTED_EDGE('',*,*,#961,.T.);
#516=ORIENTED_EDGE('',*,*,#962,.F.);
#517=ORIENTED_EDGE('',*,*,#963,.T.);
#518=ORIENTED_EDGE('',*,*,#964,.F.);
#519=ORIENTED_EDGE('',*,*,#965,.T.);
#520=ORIENTED_EDGE('',*,*,#966,.F.);
#521=ORIENTED_EDGE('',*,*,#967,.F.);
#522=ORIENTED_EDGE('',*,*,#899,.T.);
#523=ORIENTED_EDGE('',*,*,#968,.T.);
#524=ORIENTED_EDGE('',*,*,#969,.F.);
#525=ORIENTED_EDGE('',*,*,#970,.T.);
#526=ORIENTED_EDGE('',*,*,#971,.T.);
#527=ORIENTED_EDGE('',*,*,#972,.T.);
#528=ORIENTED_EDGE('',*,*,#973,.T.);
#529=ORIENTED_EDGE('',*,*,#974,.T.);
#530=ORIENTED_EDGE('',*,*,#975,.F.);
#531=ORIENTED_EDGE('',*,*,#976,.T.);
#532=ORIENTED_EDGE('',*,*,#977,.T.);
#533=ORIENTED_EDGE('',*,*,#978,.T.);
#534=ORIENTED_EDGE('',*,*,#979,.T.);
#535=ORIENTED_EDGE('',*,*,#980,.T.);
#536=ORIENTED_EDGE('',*,*,#902,.T.);
#537=ORIENTED_EDGE('',*,*,#981,.F.);
#538=ORIENTED_EDGE('',*,*,#982,.T.);
#539=ORIENTED_EDGE('',*,*,#983,.T.);
#540=ORIENTED_EDGE('',*,*,#984,.T.);
#541=ORIENTED_EDGE('',*,*,#985,.T.);
#542=ORIENTED_EDGE('',*,*,#909,.T.);
#543=ORIENTED_EDGE('',*,*,#986,.F.);
#544=ORIENTED_EDGE('',*,*,#987,.T.);
#545=ORIENTED_EDGE('',*,*,#988,.T.);
#546=ORIENTED_EDGE('',*,*,#989,.T.);
#547=ORIENTED_EDGE('',*,*,#990,.T.);
#548=ORIENTED_EDGE('',*,*,#888,.T.);
#549=ORIENTED_EDGE('',*,*,#991,.F.);
#550=ORIENTED_EDGE('',*,*,#992,.T.);
#551=ORIENTED_EDGE('',*,*,#993,.T.);
#552=ORIENTED_EDGE('',*,*,#994,.T.);
#553=ORIENTED_EDGE('',*,*,#995,.T.);
#554=ORIENTED_EDGE('',*,*,#892,.T.);
#555=ORIENTED_EDGE('',*,*,#996,.T.);
#556=ORIENTED_EDGE('',*,*,#997,.F.);
#557=ORIENTED_EDGE('',*,*,#998,.T.);
#558=ORIENTED_EDGE('',*,*,#999,.T.);
#559=ORIENTED_EDGE('',*,*,#1000,.T.);
#560=ORIENTED_EDGE('',*,*,#1001,.T.);
#561=ORIENTED_EDGE('',*,*,#1002,.T.);
#562=ORIENTED_EDGE('',*,*,#1003,.F.);
#563=ORIENTED_EDGE('',*,*,#1004,.T.);
#564=ORIENTED_EDGE('',*,*,#1005,.T.);
#565=ORIENTED_EDGE('',*,*,#1006,.T.);
#566=ORIENTED_EDGE('',*,*,#1007,.T.);
#567=ORIENTED_EDGE('',*,*,#1008,.T.);
#568=ORIENTED_EDGE('',*,*,#881,.T.);
#569=ORIENTED_EDGE('',*,*,#1009,.T.);
#570=ORIENTED_EDGE('',*,*,#914,.T.);
#571=ORIENTED_EDGE('',*,*,#1010,.F.);
#572=ORIENTED_EDGE('',*,*,#964,.T.);
#573=ORIENTED_EDGE('',*,*,#1011,.T.);
#574=ORIENTED_EDGE('',*,*,#1012,.F.);
#575=ORIENTED_EDGE('',*,*,#1013,.T.);
#576=ORIENTED_EDGE('',*,*,#900,.T.);
#577=ORIENTED_EDGE('',*,*,#967,.T.);
#578=ORIENTED_EDGE('',*,*,#1014,.T.);
#579=ORIENTED_EDGE('',*,*,#1015,.T.);
#580=ORIENTED_EDGE('',*,*,#1016,.F.);
#581=ORIENTED_EDGE('',*,*,#1017,.T.);
#582=ORIENTED_EDGE('',*,*,#895,.F.);
#583=ORIENTED_EDGE('',*,*,#1018,.T.);
#584=ORIENTED_EDGE('',*,*,#1016,.T.);
#585=ORIENTED_EDGE('',*,*,#1019,.T.);
#586=ORIENTED_EDGE('',*,*,#910,.F.);
#587=ORIENTED_EDGE('',*,*,#1020,.T.);
#588=ORIENTED_EDGE('',*,*,#912,.T.);
#589=ORIENTED_EDGE('',*,*,#1021,.T.);
#590=ORIENTED_EDGE('',*,*,#1014,.F.);
#591=ORIENTED_EDGE('',*,*,#1022,.T.);
#592=ORIENTED_EDGE('',*,*,#1012,.T.);
#593=ORIENTED_EDGE('',*,*,#966,.T.);
#594=ORIENTED_EDGE('',*,*,#1023,.T.);
#595=ORIENTED_EDGE('',*,*,#874,.T.);
#596=ORIENTED_EDGE('',*,*,#1024,.F.);
#597=ORIENTED_EDGE('',*,*,#1025,.T.);
#598=ORIENTED_EDGE('',*,*,#884,.T.);
#599=ORIENTED_EDGE('',*,*,#917,.T.);
#600=ORIENTED_EDGE('',*,*,#1026,.F.);
#601=ORIENTED_EDGE('',*,*,#1027,.T.);
#602=ORIENTED_EDGE('',*,*,#1028,.F.);
#603=ORIENTED_EDGE('',*,*,#1029,.T.);
#604=ORIENTED_EDGE('',*,*,#879,.T.);
#605=ORIENTED_EDGE('',*,*,#1030,.T.);
#606=ORIENTED_EDGE('',*,*,#1028,.T.);
#607=ORIENTED_EDGE('',*,*,#1031,.T.);
#608=ORIENTED_EDGE('',*,*,#960,.F.);
#609=ORIENTED_EDGE('',*,*,#1032,.T.);
#610=ORIENTED_EDGE('',*,*,#962,.T.);
#611=ORIENTED_EDGE('',*,*,#1033,.T.);
#612=ORIENTED_EDGE('',*,*,#1026,.T.);
#613=ORIENTED_EDGE('',*,*,#1034,.T.);
#614=ORIENTED_EDGE('',*,*,#1024,.T.);
#615=ORIENTED_EDGE('',*,*,#916,.T.);
#616=ORIENTED_EDGE('',*,*,#1035,.T.);
#617=ORIENTED_EDGE('',*,*,#876,.T.);
#618=ORIENTED_EDGE('',*,*,#990,.F.);
#619=ORIENTED_EDGE('',*,*,#1036,.T.);
#620=ORIENTED_EDGE('',*,*,#936,.T.);
#621=ORIENTED_EDGE('',*,*,#889,.F.);
#622=ORIENTED_EDGE('',*,*,#940,.F.);
#623=ORIENTED_EDGE('',*,*,#1037,.T.);
#624=ORIENTED_EDGE('',*,*,#986,.T.);
#625=ORIENTED_EDGE('',*,*,#908,.T.);
#626=ORIENTED_EDGE('',*,*,#988,.F.);
#627=ORIENTED_EDGE('',*,*,#1038,.T.);
#628=ORIENTED_EDGE('',*,*,#938,.F.);
#629=ORIENTED_EDGE('',*,*,#1039,.T.);
#630=ORIENTED_EDGE('',*,*,#945,.F.);
#631=ORIENTED_EDGE('',*,*,#1040,.T.);
#632=ORIENTED_EDGE('',*,*,#981,.T.);
#633=ORIENTED_EDGE('',*,*,#905,.T.);
#634=ORIENTED_EDGE('',*,*,#985,.F.);
#635=ORIENTED_EDGE('',*,*,#1041,.T.);
#636=ORIENTED_EDGE('',*,*,#941,.T.);
#637=ORIENTED_EDGE('',*,*,#906,.T.);
#638=ORIENTED_EDGE('',*,*,#983,.F.);
#639=ORIENTED_EDGE('',*,*,#1042,.T.);
#640=ORIENTED_EDGE('',*,*,#943,.F.);
#641=ORIENTED_EDGE('',*,*,#1043,.T.);
#642=ORIENTED_EDGE('',*,*,#951,.F.);
#643=ORIENTED_EDGE('',*,*,#1044,.T.);
#644=ORIENTED_EDGE('',*,*,#975,.T.);
#645=ORIENTED_EDGE('',*,*,#1045,.F.);
#646=ORIENTED_EDGE('',*,*,#979,.F.);
#647=ORIENTED_EDGE('',*,*,#1046,.T.);
#648=ORIENTED_EDGE('',*,*,#947,.T.);
#649=ORIENTED_EDGE('',*,*,#1047,.T.);
#650=ORIENTED_EDGE('',*,*,#977,.F.);
#651=ORIENTED_EDGE('',*,*,#1048,.T.);
#652=ORIENTED_EDGE('',*,*,#949,.F.);
#653=ORIENTED_EDGE('',*,*,#1049,.T.);
#654=ORIENTED_EDGE('',*,*,#935,.F.);
#655=ORIENTED_EDGE('',*,*,#1050,.T.);
#656=ORIENTED_EDGE('',*,*,#991,.T.);
#657=ORIENTED_EDGE('',*,*,#887,.F.);
#658=ORIENTED_EDGE('',*,*,#995,.F.);
#659=ORIENTED_EDGE('',*,*,#1051,.T.);
#660=ORIENTED_EDGE('',*,*,#931,.T.);
#661=ORIENTED_EDGE('',*,*,#893,.F.);
#662=ORIENTED_EDGE('',*,*,#993,.F.);
#663=ORIENTED_EDGE('',*,*,#1052,.T.);
#664=ORIENTED_EDGE('',*,*,#933,.F.);
#665=ORIENTED_EDGE('',*,*,#1053,.T.);
#666=ORIENTED_EDGE('',*,*,#929,.F.);
#667=ORIENTED_EDGE('',*,*,#1054,.T.);
#668=ORIENTED_EDGE('',*,*,#997,.T.);
#669=ORIENTED_EDGE('',*,*,#1055,.T.);
#670=ORIENTED_EDGE('',*,*,#1001,.F.);
#671=ORIENTED_EDGE('',*,*,#1056,.T.);
#672=ORIENTED_EDGE('',*,*,#925,.T.);
#673=ORIENTED_EDGE('',*,*,#1057,.T.);
#674=ORIENTED_EDGE('',*,*,#999,.F.);
#675=ORIENTED_EDGE('',*,*,#1058,.T.);
#676=ORIENTED_EDGE('',*,*,#927,.F.);
#677=ORIENTED_EDGE('',*,*,#1059,.T.);
#678=ORIENTED_EDGE('',*,*,#923,.F.);
#679=ORIENTED_EDGE('',*,*,#1060,.T.);
#680=ORIENTED_EDGE('',*,*,#1003,.T.);
#681=ORIENTED_EDGE('',*,*,#1061,.T.);
#682=ORIENTED_EDGE('',*,*,#1007,.F.);
#683=ORIENTED_EDGE('',*,*,#1062,.T.);
#684=ORIENTED_EDGE('',*,*,#919,.T.);
#685=ORIENTED_EDGE('',*,*,#1063,.T.);
#686=ORIENTED_EDGE('',*,*,#1005,.F.);
#687=ORIENTED_EDGE('',*,*,#1064,.T.);
#688=ORIENTED_EDGE('',*,*,#921,.F.);
#689=ORIENTED_EDGE('',*,*,#1065,.T.);
#690=ORIENTED_EDGE('',*,*,#957,.F.);
#691=ORIENTED_EDGE('',*,*,#1066,.T.);
#692=ORIENTED_EDGE('',*,*,#969,.T.);
#693=ORIENTED_EDGE('',*,*,#1067,.T.);
#694=ORIENTED_EDGE('',*,*,#973,.F.);
#695=ORIENTED_EDGE('',*,*,#1068,.T.);
#696=ORIENTED_EDGE('',*,*,#953,.T.);
#697=ORIENTED_EDGE('',*,*,#1069,.F.);
#698=ORIENTED_EDGE('',*,*,#971,.F.);
#699=ORIENTED_EDGE('',*,*,#1070,.T.);
#700=ORIENTED_EDGE('',*,*,#955,.F.);
#701=ORIENTED_EDGE('',*,*,#1071,.T.);
#702=ORIENTED_EDGE('',*,*,#974,.F.);
#703=ORIENTED_EDGE('',*,*,#1069,.T.);
#704=ORIENTED_EDGE('',*,*,#952,.F.);
#705=ORIENTED_EDGE('',*,*,#1045,.T.);
#706=ORIENTED_EDGE('',*,*,#1061,.F.);
#707=ORIENTED_EDGE('',*,*,#1002,.F.);
#708=ORIENTED_EDGE('',*,*,#1057,.F.);
#709=ORIENTED_EDGE('',*,*,#924,.F.);
#710=ORIENTED_EDGE('',*,*,#1072,.F.);
#711=ORIENTED_EDGE('',*,*,#878,.T.);
#712=ORIENTED_EDGE('',*,*,#1073,.F.);
#713=ORIENTED_EDGE('',*,*,#1074,.F.);
#714=ORIENTED_EDGE('',*,*,#877,.F.);
#715=ORIENTED_EDGE('',*,*,#1072,.T.);
#716=ORIENTED_EDGE('',*,*,#1075,.F.);
#717=ORIENTED_EDGE('',*,*,#894,.T.);
#718=ORIENTED_EDGE('',*,*,#1076,.F.);
#719=ORIENTED_EDGE('',*,*,#1077,.F.);
#720=ORIENTED_EDGE('',*,*,#875,.F.);
#721=ORIENTED_EDGE('',*,*,#1075,.T.);
#722=ORIENTED_EDGE('',*,*,#980,.F.);
#723=ORIENTED_EDGE('',*,*,#1047,.F.);
#724=ORIENTED_EDGE('',*,*,#946,.F.);
#725=ORIENTED_EDGE('',*,*,#903,.F.);
#726=ORIENTED_EDGE('',*,*,#968,.F.);
#727=ORIENTED_EDGE('',*,*,#898,.F.);
#728=ORIENTED_EDGE('',*,*,#958,.F.);
#729=ORIENTED_EDGE('',*,*,#1067,.F.);
#730=ORIENTED_EDGE('',*,*,#1008,.F.);
#731=ORIENTED_EDGE('',*,*,#1063,.F.);
#732=ORIENTED_EDGE('',*,*,#918,.F.);
#733=ORIENTED_EDGE('',*,*,#882,.F.);
#734=ORIENTED_EDGE('',*,*,#996,.F.);
#735=ORIENTED_EDGE('',*,*,#891,.F.);
#736=ORIENTED_EDGE('',*,*,#930,.F.);
#737=ORIENTED_EDGE('',*,*,#1055,.F.);
#738=ORIENTED_EDGE('',*,*,#963,.F.);
#739=ORIENTED_EDGE('',*,*,#1035,.F.);
#740=ORIENTED_EDGE('',*,*,#915,.F.);
#741=ORIENTED_EDGE('',*,*,#1011,.F.);
#742=ORIENTED_EDGE('',*,*,#965,.F.);
#743=ORIENTED_EDGE('',*,*,#1010,.T.);
#744=ORIENTED_EDGE('',*,*,#913,.F.);
#745=ORIENTED_EDGE('',*,*,#1023,.F.);
#746=ORIENTED_EDGE('',*,*,#885,.F.);
#747=ORIENTED_EDGE('',*,*,#1025,.F.);
#748=ORIENTED_EDGE('',*,*,#1034,.F.);
#749=ORIENTED_EDGE('',*,*,#1030,.F.);
#750=ORIENTED_EDGE('',*,*,#901,.F.);
#751=ORIENTED_EDGE('',*,*,#1013,.F.);
#752=ORIENTED_EDGE('',*,*,#1022,.F.);
#753=ORIENTED_EDGE('',*,*,#1018,.F.);
#754=ORIENTED_EDGE('',*,*,#911,.F.);
#755=ORIENTED_EDGE('',*,*,#1019,.F.);
#756=ORIENTED_EDGE('',*,*,#1015,.F.);
#757=ORIENTED_EDGE('',*,*,#1021,.F.);
#758=ORIENTED_EDGE('',*,*,#961,.F.);
#759=ORIENTED_EDGE('',*,*,#1031,.F.);
#760=ORIENTED_EDGE('',*,*,#1027,.F.);
#761=ORIENTED_EDGE('',*,*,#1033,.F.);
#762=ORIENTED_EDGE('',*,*,#959,.F.);
#763=ORIENTED_EDGE('',*,*,#896,.F.);
#764=ORIENTED_EDGE('',*,*,#1017,.F.);
#765=ORIENTED_EDGE('',*,*,#1020,.F.);
#766=ORIENTED_EDGE('',*,*,#1009,.F.);
#767=ORIENTED_EDGE('',*,*,#880,.F.);
#768=ORIENTED_EDGE('',*,*,#1029,.F.);
#769=ORIENTED_EDGE('',*,*,#1032,.F.);
#770=ORIENTED_EDGE('',*,*,#970,.F.);
#771=ORIENTED_EDGE('',*,*,#1066,.F.);
#772=ORIENTED_EDGE('',*,*,#956,.F.);
#773=ORIENTED_EDGE('',*,*,#1070,.F.);
#774=ORIENTED_EDGE('',*,*,#972,.F.);
#775=ORIENTED_EDGE('',*,*,#1071,.F.);
#776=ORIENTED_EDGE('',*,*,#954,.F.);
#777=ORIENTED_EDGE('',*,*,#1068,.F.);
#778=ORIENTED_EDGE('',*,*,#950,.F.);
#779=ORIENTED_EDGE('',*,*,#1048,.F.);
#780=ORIENTED_EDGE('',*,*,#976,.F.);
#781=ORIENTED_EDGE('',*,*,#1044,.F.);
#782=ORIENTED_EDGE('',*,*,#978,.F.);
#783=ORIENTED_EDGE('',*,*,#1049,.F.);
#784=ORIENTED_EDGE('',*,*,#948,.F.);
#785=ORIENTED_EDGE('',*,*,#1046,.F.);
#786=ORIENTED_EDGE('',*,*,#982,.F.);
#787=ORIENTED_EDGE('',*,*,#1040,.F.);
#788=ORIENTED_EDGE('',*,*,#944,.F.);
#789=ORIENTED_EDGE('',*,*,#1042,.F.);
#790=ORIENTED_EDGE('',*,*,#942,.F.);
#791=ORIENTED_EDGE('',*,*,#1041,.F.);
#792=ORIENTED_EDGE('',*,*,#984,.F.);
#793=ORIENTED_EDGE('',*,*,#1043,.F.);
#794=ORIENTED_EDGE('',*,*,#987,.F.);
#795=ORIENTED_EDGE('',*,*,#1037,.F.);
#796=ORIENTED_EDGE('',*,*,#939,.F.);
#797=ORIENTED_EDGE('',*,*,#1038,.F.);
#798=ORIENTED_EDGE('',*,*,#989,.F.);
#799=ORIENTED_EDGE('',*,*,#1039,.F.);
#800=ORIENTED_EDGE('',*,*,#937,.F.);
#801=ORIENTED_EDGE('',*,*,#1036,.F.);
#802=ORIENTED_EDGE('',*,*,#934,.F.);
#803=ORIENTED_EDGE('',*,*,#1052,.F.);
#804=ORIENTED_EDGE('',*,*,#992,.F.);
#805=ORIENTED_EDGE('',*,*,#1050,.F.);
#806=ORIENTED_EDGE('',*,*,#994,.F.);
#807=ORIENTED_EDGE('',*,*,#1053,.F.);
#808=ORIENTED_EDGE('',*,*,#932,.F.);
#809=ORIENTED_EDGE('',*,*,#1051,.F.);
#810=ORIENTED_EDGE('',*,*,#998,.F.);
#811=ORIENTED_EDGE('',*,*,#1054,.F.);
#812=ORIENTED_EDGE('',*,*,#928,.F.);
#813=ORIENTED_EDGE('',*,*,#1058,.F.);
#814=ORIENTED_EDGE('',*,*,#926,.F.);
#815=ORIENTED_EDGE('',*,*,#1056,.F.);
#816=ORIENTED_EDGE('',*,*,#1000,.F.);
#817=ORIENTED_EDGE('',*,*,#1059,.F.);
#818=ORIENTED_EDGE('',*,*,#1004,.F.);
#819=ORIENTED_EDGE('',*,*,#1060,.F.);
#820=ORIENTED_EDGE('',*,*,#922,.F.);
#821=ORIENTED_EDGE('',*,*,#1064,.F.);
#822=ORIENTED_EDGE('',*,*,#1006,.F.);
#823=ORIENTED_EDGE('',*,*,#1065,.F.);
#824=ORIENTED_EDGE('',*,*,#920,.F.);
#825=ORIENTED_EDGE('',*,*,#1062,.F.);
#826=ORIENTED_EDGE('',*,*,#1078,.T.);
#827=ORIENTED_EDGE('',*,*,#1079,.T.);
#828=ORIENTED_EDGE('',*,*,#1080,.F.);
#829=ORIENTED_EDGE('',*,*,#1081,.T.);
#830=ORIENTED_EDGE('',*,*,#1082,.T.);
#831=ORIENTED_EDGE('',*,*,#1078,.F.);
#832=ORIENTED_EDGE('',*,*,#1083,.T.);
#833=ORIENTED_EDGE('',*,*,#1084,.T.);
#834=ORIENTED_EDGE('',*,*,#1085,.T.);
#835=ORIENTED_EDGE('',*,*,#1086,.T.);
#836=ORIENTED_EDGE('',*,*,#1083,.F.);
#837=ORIENTED_EDGE('',*,*,#1082,.F.);
#838=ORIENTED_EDGE('',*,*,#1079,.F.);
#839=ORIENTED_EDGE('',*,*,#1084,.F.);
#840=ORIENTED_EDGE('',*,*,#1085,.F.);
#841=ORIENTED_EDGE('',*,*,#1086,.F.);
#842=ORIENTED_EDGE('',*,*,#1087,.F.);
#843=ORIENTED_EDGE('',*,*,#1080,.T.);
#844=ORIENTED_EDGE('',*,*,#1088,.F.);
#845=ORIENTED_EDGE('',*,*,#1076,.T.);
#846=ORIENTED_EDGE('',*,*,#1081,.F.);
#847=ORIENTED_EDGE('',*,*,#1087,.T.);
#848=ORIENTED_EDGE('',*,*,#1088,.T.);
#849=ORIENTED_EDGE('',*,*,#1077,.T.);
#850=ORIENTED_EDGE('',*,*,#1089,.F.);
#851=ORIENTED_EDGE('',*,*,#1090,.F.);
#852=ORIENTED_EDGE('',*,*,#1091,.F.);
#853=ORIENTED_EDGE('',*,*,#1073,.T.);
#854=ORIENTED_EDGE('',*,*,#1090,.T.);
#855=ORIENTED_EDGE('',*,*,#1092,.T.);
#856=ORIENTED_EDGE('',*,*,#1091,.T.);
#857=ORIENTED_EDGE('',*,*,#1074,.T.);
#858=ORIENTED_EDGE('',*,*,#1093,.T.);
#859=ORIENTED_EDGE('',*,*,#1094,.T.);
#860=ORIENTED_EDGE('',*,*,#1092,.F.);
#861=ORIENTED_EDGE('',*,*,#1089,.T.);
#862=ORIENTED_EDGE('',*,*,#1095,.T.);
#863=ORIENTED_EDGE('',*,*,#1094,.F.);
#864=ORIENTED_EDGE('',*,*,#1096,.T.);
#865=ORIENTED_EDGE('',*,*,#1097,.T.);
#866=ORIENTED_EDGE('',*,*,#1098,.T.);
#867=ORIENTED_EDGE('',*,*,#1099,.T.);
#868=ORIENTED_EDGE('',*,*,#1096,.F.);
#869=ORIENTED_EDGE('',*,*,#1095,.F.);
#870=ORIENTED_EDGE('',*,*,#1093,.F.);
#871=ORIENTED_EDGE('',*,*,#1097,.F.);
#872=ORIENTED_EDGE('',*,*,#1098,.F.);
#873=ORIENTED_EDGE('',*,*,#1099,.F.);
#874=EDGE_CURVE('',#1100,#1100,#1258,.T.);
#875=EDGE_CURVE('',#1101,#1101,#1259,.T.);
#876=EDGE_CURVE('',#1102,#1102,#1260,.T.);
#877=EDGE_CURVE('',#1103,#1103,#1261,.T.);
#878=EDGE_CURVE('',#1104,#1104,#1262,.T.);
#879=EDGE_CURVE('',#1105,#1106,#42,.T.);
#880=EDGE_CURVE('',#1105,#1107,#43,.F.);
#881=EDGE_CURVE('',#1108,#1107,#44,.T.);
#882=EDGE_CURVE('',#1108,#1109,#45,.T.);
#883=EDGE_CURVE('',#1110,#1109,#46,.T.);
#884=EDGE_CURVE('',#1111,#1110,#47,.T.);
#885=EDGE_CURVE('',#1111,#1106,#48,.F.);
#886=EDGE_CURVE('',#1112,#1113,#49,.T.);
#887=EDGE_CURVE('',#1112,#1114,#50,.T.);
#888=EDGE_CURVE('',#1115,#1114,#51,.T.);
#889=EDGE_CURVE('',#1115,#1113,#52,.T.);
#890=EDGE_CURVE('',#1116,#1117,#53,.T.);
#891=EDGE_CURVE('',#1116,#1118,#54,.T.);
#892=EDGE_CURVE('',#1119,#1118,#55,.T.);
#893=EDGE_CURVE('',#1119,#1117,#56,.T.);
#894=EDGE_CURVE('',#1120,#1120,#1263,.T.);
#895=EDGE_CURVE('',#1121,#1122,#57,.T.);
#896=EDGE_CURVE('',#1122,#1123,#58,.F.);
#897=EDGE_CURVE('',#1124,#1123,#59,.T.);
#898=EDGE_CURVE('',#1124,#1125,#60,.T.);
#899=EDGE_CURVE('',#1126,#1125,#61,.T.);
#900=EDGE_CURVE('',#1127,#1126,#62,.T.);
#901=EDGE_CURVE('',#1127,#1121,#63,.T.);
#902=EDGE_CURVE('',#1128,#1129,#64,.T.);
#903=EDGE_CURVE('',#1128,#1130,#65,.T.);
#904=EDGE_CURVE('',#1131,#1130,#66,.T.);
#905=EDGE_CURVE('',#1129,#1131,#67,.T.);
#906=EDGE_CURVE('',#1132,#1133,#68,.T.);
#907=EDGE_CURVE('',#1134,#1132,#69,.T.);
#908=EDGE_CURVE('',#1135,#1134,#70,.T.);
#909=EDGE_CURVE('',#1133,#1135,#71,.T.);
#910=EDGE_CURVE('',#1136,#1137,#72,.T.);
#911=EDGE_CURVE('',#1137,#1138,#1264,.T.);
#912=EDGE_CURVE('',#1139,#1138,#73,.T.);
#913=EDGE_CURVE('',#1139,#1140,#74,.F.);
#914=EDGE_CURVE('',#1141,#1140,#75,.T.);
#915=EDGE_CURVE('',#1141,#1142,#76,.T.);
#916=EDGE_CURVE('',#1143,#1142,#77,.T.);
#917=EDGE_CURVE('',#1110,#1143,#78,.T.);
#918=EDGE_CURVE('',#1109,#1144,#79,.F.);
#919=EDGE_CURVE('',#1145,#1144,#80,.T.);
#920=EDGE_CURVE('',#1145,#1146,#1265,.T.);
#921=EDGE_CURVE('',#1146,#1147,#81,.T.);
#922=EDGE_CURVE('',#1147,#1148,#1266,.T.);
#923=EDGE_CURVE('',#1148,#1149,#82,.T.);
#924=EDGE_CURVE('',#1149,#1150,#83,.T.);
#925=EDGE_CURVE('',#1151,#1150,#84,.T.);
#926=EDGE_CURVE('',#1151,#1152,#1267,.T.);
#927=EDGE_CURVE('',#1152,#1153,#85,.T.);
#928=EDGE_CURVE('',#1153,#1154,#1268,.T.);
#929=EDGE_CURVE('',#1154,#1155,#86,.T.);
#930=EDGE_CURVE('',#1155,#1116,#87,.T.);
#931=EDGE_CURVE('',#1156,#1117,#88,.T.);
#932=EDGE_CURVE('',#1156,#1157,#1269,.T.);
#933=EDGE_CURVE('',#1157,#1158,#89,.T.);
#934=EDGE_CURVE('',#1158,#1159,#1270,.T.);
#935=EDGE_CURVE('',#1159,#1112,#90,.T.);
#936=EDGE_CURVE('',#1160,#1113,#91,.T.);
#937=EDGE_CURVE('',#1160,#1161,#1271,.T.);
#938=EDGE_CURVE('',#1161,#1162,#92,.T.);
#939=EDGE_CURVE('',#1162,#1163,#1272,.T.);
#940=EDGE_CURVE('',#1163,#1134,#93,.T.);
#941=EDGE_CURVE('',#1164,#1132,#94,.T.);
#942=EDGE_CURVE('',#1164,#1165,#1273,.T.);
#943=EDGE_CURVE('',#1165,#1166,#95,.T.);
#944=EDGE_CURVE('',#1166,#1167,#1274,.T.);
#945=EDGE_CURVE('',#1167,#1131,#96,.T.);
#946=EDGE_CURVE('',#1130,#1168,#97,.F.);
#947=EDGE_CURVE('',#1169,#1168,#98,.T.);
#948=EDGE_CURVE('',#1169,#1170,#1275,.T.);
#949=EDGE_CURVE('',#1170,#1171,#99,.T.);
#950=EDGE_CURVE('',#1171,#1172,#1276,.T.);
#951=EDGE_CURVE('',#1172,#1173,#100,.T.);
#952=EDGE_CURVE('',#1173,#1174,#101,.T.);
#953=EDGE_CURVE('',#1175,#1174,#102,.T.);
#954=EDGE_CURVE('',#1175,#1176,#1277,.T.);
#955=EDGE_CURVE('',#1176,#1177,#103,.T.);
#956=EDGE_CURVE('',#1177,#1178,#1278,.T.);
#957=EDGE_CURVE('',#1178,#1179,#104,.T.);
#958=EDGE_CURVE('',#1179,#1124,#105,.T.);
#959=EDGE_CURVE('',#1123,#1136,#1279,.T.);
#960=EDGE_CURVE('',#1180,#1181,#106,.T.);
#961=EDGE_CURVE('',#1181,#1182,#1280,.T.);
#962=EDGE_CURVE('',#1183,#1182,#107,.T.);
#963=EDGE_CURVE('',#1183,#1184,#108,.T.);
#964=EDGE_CURVE('',#1185,#1184,#109,.T.);
#965=EDGE_CURVE('',#1185,#1186,#110,.F.);
#966=EDGE_CURVE('',#1187,#1186,#111,.T.);
#967=EDGE_CURVE('',#1126,#1187,#112,.T.);
#968=EDGE_CURVE('',#1125,#1188,#113,.T.);
#969=EDGE_CURVE('',#1189,#1188,#114,.T.);
#970=EDGE_CURVE('',#1189,#1190,#1281,.T.);
#971=EDGE_CURVE('',#1190,#1191,#115,.T.);
#972=EDGE_CURVE('',#1191,#1192,#1282,.T.);
#973=EDGE_CURVE('',#1192,#1193,#116,.T.);
#974=EDGE_CURVE('',#1193,#1194,#117,.T.);
#975=EDGE_CURVE('',#1195,#1194,#118,.T.);
#976=EDGE_CURVE('',#1195,#1196,#1283,.T.);
#977=EDGE_CURVE('',#1196,#1197,#119,.T.);
#978=EDGE_CURVE('',#1197,#1198,#1284,.T.);
#979=EDGE_CURVE('',#1198,#1199,#120,.T.);
#980=EDGE_CURVE('',#1199,#1128,#121,.F.);
#981=EDGE_CURVE('',#1200,#1129,#122,.T.);
#982=EDGE_CURVE('',#1200,#1201,#1285,.T.);
#983=EDGE_CURVE('',#1201,#1202,#123,.T.);
#984=EDGE_CURVE('',#1202,#1203,#1286,.T.);
#985=EDGE_CURVE('',#1203,#1133,#124,.T.);
#986=EDGE_CURVE('',#1204,#1135,#125,.T.);
#987=EDGE_CURVE('',#1204,#1205,#1287,.T.);
#988=EDGE_CURVE('',#1205,#1206,#126,.T.);
#989=EDGE_CURVE('',#1206,#1207,#1288,.T.);
#990=EDGE_CURVE('',#1207,#1115,#127,.T.);
#991=EDGE_CURVE('',#1208,#1114,#128,.T.);
#992=EDGE_CURVE('',#1208,#1209,#1289,.T.);
#993=EDGE_CURVE('',#1209,#1210,#129,.T.);
#994=EDGE_CURVE('',#1210,#1211,#1290,.T.);
#995=EDGE_CURVE('',#1211,#1119,#130,.T.);
#996=EDGE_CURVE('',#1118,#1212,#131,.T.);
#997=EDGE_CURVE('',#1213,#1212,#132,.T.);
#998=EDGE_CURVE('',#1213,#1214,#1291,.T.);
#999=EDGE_CURVE('',#1214,#1215,#133,.T.);
#1000=EDGE_CURVE('',#1215,#1216,#1292,.T.);
#1001=EDGE_CURVE('',#1216,#1217,#134,.T.);
#1002=EDGE_CURVE('',#1217,#1218,#135,.T.);
#1003=EDGE_CURVE('',#1219,#1218,#136,.T.);
#1004=EDGE_CURVE('',#1219,#1220,#1293,.T.);
#1005=EDGE_CURVE('',#1220,#1221,#137,.T.);
#1006=EDGE_CURVE('',#1221,#1222,#1294,.T.);
#1007=EDGE_CURVE('',#1222,#1223,#138,.T.);
#1008=EDGE_CURVE('',#1223,#1108,#139,.F.);
#1009=EDGE_CURVE('',#1107,#1180,#1295,.T.);
#1010=EDGE_CURVE('',#1185,#1140,#140,.T.);
#1011=EDGE_CURVE('',#1184,#1141,#141,.T.);
#1012=EDGE_CURVE('',#1224,#1187,#142,.T.);
#1013=EDGE_CURVE('',#1224,#1127,#143,.T.);
#1014=EDGE_CURVE('',#1225,#1226,#144,.T.);
#1015=EDGE_CURVE('',#1226,#1227,#1296,.F.);
#1016=EDGE_CURVE('',#1228,#1227,#145,.T.);
#1017=EDGE_CURVE('',#1228,#1122,#1297,.F.);
#1018=EDGE_CURVE('',#1121,#1225,#146,.T.);
#1019=EDGE_CURVE('',#1227,#1137,#147,.F.);
#1020=EDGE_CURVE('',#1136,#1228,#148,.T.);
#1021=EDGE_CURVE('',#1138,#1226,#149,.T.);
#1022=EDGE_CURVE('',#1225,#1224,#150,.T.);
#1023=EDGE_CURVE('',#1186,#1139,#151,.T.);
#1024=EDGE_CURVE('',#1229,#1143,#152,.T.);
#1025=EDGE_CURVE('',#1229,#1111,#153,.T.);
#1026=EDGE_CURVE('',#1230,#1231,#154,.T.);
#1027=EDGE_CURVE('',#1230,#1232,#1298,.T.);
#1028=EDGE_CURVE('',#1233,#1232,#155,.T.);
#1029=EDGE_CURVE('',#1233,#1105,#1299,.T.);
#1030=EDGE_CURVE('',#1106,#1231,#156,.T.);
#1031=EDGE_CURVE('',#1232,#1181,#157,.F.);
#1032=EDGE_CURVE('',#1180,#1233,#158,.T.);
#1033=EDGE_CURVE('',#1182,#1230,#159,.T.);
#1034=EDGE_CURVE('',#1231,#1229,#160,.F.);
#1035=EDGE_CURVE('',#1142,#1183,#161,.T.);
#1036=EDGE_CURVE('',#1207,#1160,#162,.T.);
#1037=EDGE_CURVE('',#1163,#1204,#163,.F.);
#1038=EDGE_CURVE('',#1205,#1162,#164,.T.);
#1039=EDGE_CURVE('',#1161,#1206,#165,.F.);
#1040=EDGE_CURVE('',#1167,#1200,#166,.F.);
#1041=EDGE_CURVE('',#1203,#1164,#167,.F.);
#1042=EDGE_CURVE('',#1201,#1166,#168,.T.);
#1043=EDGE_CURVE('',#1165,#1202,#169,.T.);
#1044=EDGE_CURVE('',#1172,#1195,#170,.T.);
#1045=EDGE_CURVE('',#1173,#1194,#171,.T.);
#1046=EDGE_CURVE('',#1198,#1169,#172,.T.);
#1047=EDGE_CURVE('',#1168,#1199,#173,.T.);
#1048=EDGE_CURVE('',#1196,#1171,#174,.F.);
#1049=EDGE_CURVE('',#1170,#1197,#175,.F.);
#1050=EDGE_CURVE('',#1159,#1208,#176,.T.);
#1051=EDGE_CURVE('',#1211,#1156,#177,.T.);
#1052=EDGE_CURVE('',#1209,#1158,#178,.F.);
#1053=EDGE_CURVE('',#1157,#1210,#179,.F.);
#1054=EDGE_CURVE('',#1154,#1213,#180,.F.);
#1055=EDGE_CURVE('',#1212,#1155,#181,.T.);
#1056=EDGE_CURVE('',#1216,#1151,#182,.F.);
#1057=EDGE_CURVE('',#1150,#1217,#183,.T.);
#1058=EDGE_CURVE('',#1214,#1153,#184,.T.);
#1059=EDGE_CURVE('',#1152,#1215,#185,.T.);
#1060=EDGE_CURVE('',#1148,#1219,#186,.F.);
#1061=EDGE_CURVE('',#1218,#1149,#187,.T.);
#1062=EDGE_CURVE('',#1222,#1145,#188,.T.);
#1063=EDGE_CURVE('',#1144,#1223,#189,.T.);
#1064=EDGE_CURVE('',#1220,#1147,#190,.T.);
#1065=EDGE_CURVE('',#1146,#1221,#191,.F.);
#1066=EDGE_CURVE('',#1178,#1189,#192,.F.);
#1067=EDGE_CURVE('',#1188,#1179,#193,.T.);
#1068=EDGE_CURVE('',#1192,#1175,#194,.T.);
#1069=EDGE_CURVE('',#1193,#1174,#195,.T.);
#1070=EDGE_CURVE('',#1190,#1177,#196,.T.);
#1071=EDGE_CURVE('',#1176,#1191,#197,.F.);
#1072=EDGE_CURVE('',#1234,#1234,#1300,.T.);
#1073=EDGE_CURVE('',#1235,#1236,#38,.T.);
#1074=EDGE_CURVE('',#1236,#1235,#198,.T.);
#1075=EDGE_CURVE('',#1237,#1237,#1301,.T.);
#1076=EDGE_CURVE('',#1238,#1239,#39,.T.);
#1077=EDGE_CURVE('',#1239,#1238,#199,.T.);
#1078=EDGE_CURVE('',#1240,#1240,#1302,.T.);
#1079=EDGE_CURVE('',#1241,#1241,#1303,.F.);
#1080=EDGE_CURVE('',#1242,#1243,#200,.T.);
#1081=EDGE_CURVE('',#1242,#1243,#40,.T.);
#1082=EDGE_CURVE('',#1244,#1244,#1304,.T.);
#1083=EDGE_CURVE('',#1245,#1245,#1305,.F.);
#1084=EDGE_CURVE('',#1246,#1246,#1306,.T.);
#1085=EDGE_CURVE('',#1247,#1247,#1307,.F.);
#1086=EDGE_CURVE('',#1248,#1248,#1308,.T.);
#1087=EDGE_CURVE('',#1242,#1243,#1309,.T.);
#1088=EDGE_CURVE('',#1238,#1239,#1310,.T.);
#1089=EDGE_CURVE('',#1249,#1250,#201,.T.);
#1090=EDGE_CURVE('',#1250,#1249,#1311,.T.);
#1091=EDGE_CURVE('',#1235,#1236,#1312,.T.);
#1092=EDGE_CURVE('',#1249,#1250,#41,.T.);
#1093=EDGE_CURVE('',#1251,#1251,#1313,.F.);
#1094=EDGE_CURVE('',#1252,#1252,#1314,.T.);
#1095=EDGE_CURVE('',#1253,#1253,#1315,.T.);
#1096=EDGE_CURVE('',#1254,#1254,#1316,.F.);
#1097=EDGE_CURVE('',#1255,#1255,#1317,.T.);
#1098=EDGE_CURVE('',#1256,#1256,#1318,.F.);
#1099=EDGE_CURVE('',#1257,#1257,#1319,.T.);
#1100=VERTEX_POINT('',#2434);
#1101=VERTEX_POINT('',#2436);
#1102=VERTEX_POINT('',#2439);
#1103=VERTEX_POINT('',#2441);
#1104=VERTEX_POINT('',#2444);
#1105=VERTEX_POINT('',#2446);
#1106=VERTEX_POINT('',#2447);
#1107=VERTEX_POINT('',#2449);
#1108=VERTEX_POINT('',#2451);
#1109=VERTEX_POINT('',#2453);
#1110=VERTEX_POINT('',#2455);
#1111=VERTEX_POINT('',#2457);
#1112=VERTEX_POINT('',#2461);
#1113=VERTEX_POINT('',#2462);
#1114=VERTEX_POINT('',#2464);
#1115=VERTEX_POINT('',#2466);
#1116=VERTEX_POINT('',#2470);
#1117=VERTEX_POINT('',#2471);
#1118=VERTEX_POINT('',#2473);
#1119=VERTEX_POINT('',#2475);
#1120=VERTEX_POINT('',#2479);
#1121=VERTEX_POINT('',#2481);
#1122=VERTEX_POINT('',#2482);
#1123=VERTEX_POINT('',#2484);
#1124=VERTEX_POINT('',#2486);
#1125=VERTEX_POINT('',#2488);
#1126=VERTEX_POINT('',#2490);
#1127=VERTEX_POINT('',#2492);
#1128=VERTEX_POINT('',#2496);
#1129=VERTEX_POINT('',#2497);
#1130=VERTEX_POINT('',#2499);
#1131=VERTEX_POINT('',#2501);
#1132=VERTEX_POINT('',#2505);
#1133=VERTEX_POINT('',#2506);
#1134=VERTEX_POINT('',#2508);
#1135=VERTEX_POINT('',#2510);
#1136=VERTEX_POINT('',#2514);
#1137=VERTEX_POINT('',#2515);
#1138=VERTEX_POINT('',#2517);
#1139=VERTEX_POINT('',#2519);
#1140=VERTEX_POINT('',#2521);
#1141=VERTEX_POINT('',#2523);
#1142=VERTEX_POINT('',#2525);
#1143=VERTEX_POINT('',#2527);
#1144=VERTEX_POINT('',#2530);
#1145=VERTEX_POINT('',#2532);
#1146=VERTEX_POINT('',#2534);
#1147=VERTEX_POINT('',#2536);
#1148=VERTEX_POINT('',#2538);
#1149=VERTEX_POINT('',#2540);
#1150=VERTEX_POINT('',#2542);
#1151=VERTEX_POINT('',#2544);
#1152=VERTEX_POINT('',#2546);
#1153=VERTEX_POINT('',#2548);
#1154=VERTEX_POINT('',#2550);
#1155=VERTEX_POINT('',#2552);
#1156=VERTEX_POINT('',#2555);
#1157=VERTEX_POINT('',#2557);
#1158=VERTEX_POINT('',#2559);
#1159=VERTEX_POINT('',#2561);
#1160=VERTEX_POINT('',#2564);
#1161=VERTEX_POINT('',#2566);
#1162=VERTEX_POINT('',#2568);
#1163=VERTEX_POINT('',#2570);
#1164=VERTEX_POINT('',#2573);
#1165=VERTEX_POINT('',#2575);
#1166=VERTEX_POINT('',#2577);
#1167=VERTEX_POINT('',#2579);
#1168=VERTEX_POINT('',#2582);
#1169=VERTEX_POINT('',#2584);
#1170=VERTEX_POINT('',#2586);
#1171=VERTEX_POINT('',#2588);
#1172=VERTEX_POINT('',#2590);
#1173=VERTEX_POINT('',#2592);
#1174=VERTEX_POINT('',#2594);
#1175=VERTEX_POINT('',#2596);
#1176=VERTEX_POINT('',#2598);
#1177=VERTEX_POINT('',#2600);
#1178=VERTEX_POINT('',#2602);
#1179=VERTEX_POINT('',#2604);
#1180=VERTEX_POINT('',#2609);
#1181=VERTEX_POINT('',#2610);
#1182=VERTEX_POINT('',#2612);
#1183=VERTEX_POINT('',#2614);
#1184=VERTEX_POINT('',#2616);
#1185=VERTEX_POINT('',#2618);
#1186=VERTEX_POINT('',#2620);
#1187=VERTEX_POINT('',#2622);
#1188=VERTEX_POINT('',#2625);
#1189=VERTEX_POINT('',#2627);
#1190=VERTEX_POINT('',#2629);
#1191=VERTEX_POINT('',#2631);
#1192=VERTEX_POINT('',#2633);
#1193=VERTEX_POINT('',#2635);
#1194=VERTEX_POINT('',#2637);
#1195=VERTEX_POINT('',#2639);
#1196=VERTEX_POINT('',#2641);
#1197=VERTEX_POINT('',#2643);
#1198=VERTEX_POINT('',#2645);
#1199=VERTEX_POINT('',#2647);
#1200=VERTEX_POINT('',#2650);
#1201=VERTEX_POINT('',#2652);
#1202=VERTEX_POINT('',#2654);
#1203=VERTEX_POINT('',#2656);
#1204=VERTEX_POINT('',#2659);
#1205=VERTEX_POINT('',#2661);
#1206=VERTEX_POINT('',#2663);
#1207=VERTEX_POINT('',#2665);
#1208=VERTEX_POINT('',#2668);
#1209=VERTEX_POINT('',#2670);
#1210=VERTEX_POINT('',#2672);
#1211=VERTEX_POINT('',#2674);
#1212=VERTEX_POINT('',#2677);
#1213=VERTEX_POINT('',#2679);
#1214=VERTEX_POINT('',#2681);
#1215=VERTEX_POINT('',#2683);
#1216=VERTEX_POINT('',#2685);
#1217=VERTEX_POINT('',#2687);
#1218=VERTEX_POINT('',#2689);
#1219=VERTEX_POINT('',#2691);
#1220=VERTEX_POINT('',#2693);
#1221=VERTEX_POINT('',#2695);
#1222=VERTEX_POINT('',#2697);
#1223=VERTEX_POINT('',#2699);
#1224=VERTEX_POINT('',#2707);
#1225=VERTEX_POINT('',#2711);
#1226=VERTEX_POINT('',#2712);
#1227=VERTEX_POINT('',#2714);
#1228=VERTEX_POINT('',#2716);
#1229=VERTEX_POINT('',#2728);
#1230=VERTEX_POINT('',#2732);
#1231=VERTEX_POINT('',#2733);
#1232=VERTEX_POINT('',#2735);
#1233=VERTEX_POINT('',#2737);
#1234=VERTEX_POINT('',#2808);
#1235=VERTEX_POINT('',#2829);
#1236=VERTEX_POINT('',#2830);
#1237=VERTEX_POINT('',#2834);
#1238=VERTEX_POINT('',#2855);
#1239=VERTEX_POINT('',#2856);
#1240=VERTEX_POINT('',#2886);
#1241=VERTEX_POINT('',#2888);
#1242=VERTEX_POINT('',#2890);
#1243=VERTEX_POINT('',#2891);
#1244=VERTEX_POINT('',#2913);
#1245=VERTEX_POINT('',#2916);
#1246=VERTEX_POINT('',#2919);
#1247=VERTEX_POINT('',#2921);
#1248=VERTEX_POINT('',#2924);
#1249=VERTEX_POINT('',#3361);
#1250=VERTEX_POINT('',#3362);
#1251=VERTEX_POINT('',#3814);
#1252=VERTEX_POINT('',#3816);
#1253=VERTEX_POINT('',#3819);
#1254=VERTEX_POINT('',#3822);
#1255=VERTEX_POINT('',#3825);
#1256=VERTEX_POINT('',#3827);
#1257=VERTEX_POINT('',#3830);
#1258=CIRCLE('',#1808,0.0015);
#1259=CIRCLE('',#1809,0.0015);
#1260=CIRCLE('',#1811,0.0015);
#1261=CIRCLE('',#1812,0.0015);
#1262=CIRCLE('',#1814,0.0025);
#1263=CIRCLE('',#1818,0.0025);
#1264=CIRCLE('',#1822,0.0005);
#1265=CIRCLE('',#1823,0.0005);
#1266=CIRCLE('',#1824,0.0005);
#1267=CIRCLE('',#1825,0.0005);
#1268=CIRCLE('',#1826,0.0005);
#1269=CIRCLE('',#1827,0.0005);
#1270=CIRCLE('',#1828,0.0005);
#1271=CIRCLE('',#1829,0.0005);
#1272=CIRCLE('',#1830,0.0005);
#1273=CIRCLE('',#1831,0.0005);
#1274=CIRCLE('',#1832,0.0005);
#1275=CIRCLE('',#1833,0.0005);
#1276=CIRCLE('',#1834,0.0005);
#1277=CIRCLE('',#1835,0.0005);
#1278=CIRCLE('',#1836,0.0005);
#1279=CIRCLE('',#1837,0.0005);
#1280=CIRCLE('',#1839,0.0005);
#1281=CIRCLE('',#1840,0.0005);
#1282=CIRCLE('',#1841,0.0005);
#1283=CIRCLE('',#1842,0.0005);
#1284=CIRCLE('',#1843,0.0005);
#1285=CIRCLE('',#1844,0.0005);
#1286=CIRCLE('',#1845,0.0005);
#1287=CIRCLE('',#1846,0.0005);
#1288=CIRCLE('',#1847,0.0005);
#1289=CIRCLE('',#1848,0.0005);
#1290=CIRCLE('',#1849,0.0005);
#1291=CIRCLE('',#1850,0.0005);
#1292=CIRCLE('',#1851,0.0005);
#1293=CIRCLE('',#1852,0.0005);
#1294=CIRCLE('',#1853,0.0005);
#1295=CIRCLE('',#1854,0.0005);
#1296=CIRCLE('',#1858,0.0005);
#1297=CIRCLE('',#1859,0.0005);
#1298=CIRCLE('',#1864,0.0005);
#1299=CIRCLE('',#1865,0.0005);
#1300=CIRCLE('',#1892,0.0025);
#1301=CIRCLE('',#1895,0.0025);
#1302=CIRCLE('',#1924,0.0014);
#1303=CIRCLE('',#1925,0.00225);
#1304=CIRCLE('',#1927,0.0014);
#1305=CIRCLE('',#1929,0.0009);
#1306=CIRCLE('',#1931,0.00275);
#1307=CIRCLE('',#1932,0.00275);
#1308=CIRCLE('',#1934,0.00225);
#1309=CIRCLE('',#1939,0.000225);
#1310=CIRCLE('',#1940,0.000225);
#1311=CIRCLE('',#1943,0.000225);
#1312=CIRCLE('',#1944,0.000225);
#1313=CIRCLE('',#1947,0.00225);
#1314=CIRCLE('',#1948,0.0014);
#1315=CIRCLE('',#1950,0.0014);
#1316=CIRCLE('',#1952,0.0009);
#1317=CIRCLE('',#1954,0.00275);
#1318=CIRCLE('',#1955,0.00275);
#1319=CIRCLE('',#1957,0.00225);
#1320=EDGE_LOOP('',(#422));
#1321=EDGE_LOOP('',(#423));
#1322=EDGE_LOOP('',(#424));
#1323=EDGE_LOOP('',(#425));
#1324=EDGE_LOOP('',(#426));
#1325=EDGE_LOOP('',(#427,#428,#429,#430,#431,#432,#433));
#1326=EDGE_LOOP('',(#434,#435,#436,#437));
#1327=EDGE_LOOP('',(#438,#439,#440,#441));
#1328=EDGE_LOOP('',(#442));
#1329=EDGE_LOOP('',(#443,#444,#445,#446,#447,#448,#449));
#1330=EDGE_LOOP('',(#450,#451,#452,#453));
#1331=EDGE_LOOP('',(#454,#455,#456,#457));
#1332=EDGE_LOOP('',(#458,#459,#460,#461,#462,#463,#464,#465,#466,#467,#468,
#469,#470,#471,#472,#473,#474,#475,#476,#477,#478,#479,#480,#481,#482,#483,
#484,#485,#486,#487,#488,#489,#490,#491,#492,#493,#494,#495,#496,#497,#498,
#499,#500,#501,#502,#503,#504,#505,#506,#507,#508,#509,#510,#511,#512,#513));
#1333=EDGE_LOOP('',(#514,#515,#516,#517,#518,#519,#520,#521,#522,#523,#524,
#525,#526,#527,#528,#529,#530,#531,#532,#533,#534,#535,#536,#537,#538,#539,
#540,#541,#542,#543,#544,#545,#546,#547,#548,#549,#550,#551,#552,#553,#554,
#555,#556,#557,#558,#559,#560,#561,#562,#563,#564,#565,#566,#567,#568,#569));
#1334=EDGE_LOOP('',(#570,#571,#572,#573));
#1335=EDGE_LOOP('',(#574,#575,#576,#577));
#1336=EDGE_LOOP('',(#578,#579,#580,#581,#582,#583));
#1337=EDGE_LOOP('',(#584,#585,#586,#587));
#1338=EDGE_LOOP('',(#588,#589,#590,#591,#592,#593,#594));
#1339=EDGE_LOOP('',(#595));
#1340=EDGE_LOOP('',(#596,#597,#598,#599));
#1341=EDGE_LOOP('',(#600,#601,#602,#603,#604,#605));
#1342=EDGE_LOOP('',(#606,#607,#608,#609));
#1343=EDGE_LOOP('',(#610,#611,#612,#613,#614,#615,#616));
#1344=EDGE_LOOP('',(#617));
#1345=EDGE_LOOP('',(#618,#619,#620,#621));
#1346=EDGE_LOOP('',(#622,#623,#624,#625));
#1347=EDGE_LOOP('',(#626,#627,#628,#629));
#1348=EDGE_LOOP('',(#630,#631,#632,#633));
#1349=EDGE_LOOP('',(#634,#635,#636,#637));
#1350=EDGE_LOOP('',(#638,#639,#640,#641));
#1351=EDGE_LOOP('',(#642,#643,#644,#645));
#1352=EDGE_LOOP('',(#646,#647,#648,#649));
#1353=EDGE_LOOP('',(#650,#651,#652,#653));
#1354=EDGE_LOOP('',(#654,#655,#656,#657));
#1355=EDGE_LOOP('',(#658,#659,#660,#661));
#1356=EDGE_LOOP('',(#662,#663,#664,#665));
#1357=EDGE_LOOP('',(#666,#667,#668,#669));
#1358=EDGE_LOOP('',(#670,#671,#672,#673));
#1359=EDGE_LOOP('',(#674,#675,#676,#677));
#1360=EDGE_LOOP('',(#678,#679,#680,#681));
#1361=EDGE_LOOP('',(#682,#683,#684,#685));
#1362=EDGE_LOOP('',(#686,#687,#688,#689));
#1363=EDGE_LOOP('',(#690,#691,#692,#693));
#1364=EDGE_LOOP('',(#694,#695,#696,#697));
#1365=EDGE_LOOP('',(#698,#699,#700,#701));
#1366=EDGE_LOOP('',(#702,#703,#704,#705));
#1367=EDGE_LOOP('',(#706,#707,#708,#709));
#1368=EDGE_LOOP('',(#710));
#1369=EDGE_LOOP('',(#711));
#1370=EDGE_LOOP('',(#712,#713));
#1371=EDGE_LOOP('',(#714));
#1372=EDGE_LOOP('',(#715));
#1373=EDGE_LOOP('',(#716));
#1374=EDGE_LOOP('',(#717));
#1375=EDGE_LOOP('',(#718,#719));
#1376=EDGE_LOOP('',(#720));
#1377=EDGE_LOOP('',(#721));
#1378=EDGE_LOOP('',(#722,#723,#724,#725));
#1379=EDGE_LOOP('',(#726,#727,#728,#729));
#1380=EDGE_LOOP('',(#730,#731,#732,#733));
#1381=EDGE_LOOP('',(#734,#735,#736,#737));
#1382=EDGE_LOOP('',(#738,#739,#740,#741));
#1383=EDGE_LOOP('',(#742,#743,#744,#745));
#1384=EDGE_LOOP('',(#746,#747,#748,#749));
#1385=EDGE_LOOP('',(#750,#751,#752,#753));
#1386=EDGE_LOOP('',(#754,#755,#756,#757));
#1387=EDGE_LOOP('',(#758,#759,#760,#761));
#1388=EDGE_LOOP('',(#762,#763,#764,#765));
#1389=EDGE_LOOP('',(#766,#767,#768,#769));
#1390=EDGE_LOOP('',(#770,#771,#772,#773));
#1391=EDGE_LOOP('',(#774,#775,#776,#777));
#1392=EDGE_LOOP('',(#778,#779,#780,#781));
#1393=EDGE_LOOP('',(#782,#783,#784,#785));
#1394=EDGE_LOOP('',(#786,#787,#788,#789));
#1395=EDGE_LOOP('',(#790,#791,#792,#793));
#1396=EDGE_LOOP('',(#794,#795,#796,#797));
#1397=EDGE_LOOP('',(#798,#799,#800,#801));
#1398=EDGE_LOOP('',(#802,#803,#804,#805));
#1399=EDGE_LOOP('',(#806,#807,#808,#809));
#1400=EDGE_LOOP('',(#810,#811,#812,#813));
#1401=EDGE_LOOP('',(#814,#815,#816,#817));
#1402=EDGE_LOOP('',(#818,#819,#820,#821));
#1403=EDGE_LOOP('',(#822,#823,#824,#825));
#1404=EDGE_LOOP('',(#826));
#1405=EDGE_LOOP('',(#827));
#1406=EDGE_LOOP('',(#828,#829));
#1407=EDGE_LOOP('',(#830));
#1408=EDGE_LOOP('',(#831));
#1409=EDGE_LOOP('',(#832));
#1410=EDGE_LOOP('',(#833));
#1411=EDGE_LOOP('',(#834));
#1412=EDGE_LOOP('',(#835));
#1413=EDGE_LOOP('',(#836));
#1414=EDGE_LOOP('',(#837));
#1415=EDGE_LOOP('',(#838));
#1416=EDGE_LOOP('',(#839));
#1417=EDGE_LOOP('',(#840));
#1418=EDGE_LOOP('',(#841));
#1419=EDGE_LOOP('',(#842,#843));
#1420=EDGE_LOOP('',(#844,#845));
#1421=EDGE_LOOP('',(#846,#847));
#1422=EDGE_LOOP('',(#848,#849));
#1423=EDGE_LOOP('',(#850,#851));
#1424=EDGE_LOOP('',(#852,#853));
#1425=EDGE_LOOP('',(#854,#855));
#1426=EDGE_LOOP('',(#856,#857));
#1427=EDGE_LOOP('',(#858));
#1428=EDGE_LOOP('',(#859));
#1429=EDGE_LOOP('',(#860,#861));
#1430=EDGE_LOOP('',(#862));
#1431=EDGE_LOOP('',(#863));
#1432=EDGE_LOOP('',(#864));
#1433=EDGE_LOOP('',(#865));
#1434=EDGE_LOOP('',(#866));
#1435=EDGE_LOOP('',(#867));
#1436=EDGE_LOOP('',(#868));
#1437=EDGE_LOOP('',(#869));
#1438=EDGE_LOOP('',(#870));
#1439=EDGE_LOOP('',(#871));
#1440=EDGE_LOOP('',(#872));
#1441=EDGE_LOOP('',(#873));
#1442=FACE_BOUND('',#1320,.T.);
#1443=FACE_BOUND('',#1321,.T.);
#1444=FACE_BOUND('',#1322,.T.);
#1445=FACE_BOUND('',#1323,.T.);
#1446=FACE_BOUND('',#1324,.T.);
#1447=FACE_BOUND('',#1325,.T.);
#1448=FACE_BOUND('',#1326,.T.);
#1449=FACE_BOUND('',#1327,.T.);
#1450=FACE_BOUND('',#1328,.T.);
#1451=FACE_BOUND('',#1329,.T.);
#1452=FACE_BOUND('',#1330,.T.);
#1453=FACE_BOUND('',#1331,.T.);
#1454=FACE_BOUND('',#1332,.T.);
#1455=FACE_BOUND('',#1333,.T.);
#1456=FACE_BOUND('',#1334,.T.);
#1457=FACE_BOUND('',#1335,.T.);
#1458=FACE_BOUND('',#1336,.T.);
#1459=FACE_BOUND('',#1337,.T.);
#1460=FACE_BOUND('',#1338,.T.);
#1461=FACE_BOUND('',#1339,.T.);
#1462=FACE_BOUND('',#1340,.T.);
#1463=FACE_BOUND('',#1341,.T.);
#1464=FACE_BOUND('',#1342,.T.);
#1465=FACE_BOUND('',#1343,.T.);
#1466=FACE_BOUND('',#1344,.T.);
#1467=FACE_BOUND('',#1345,.T.);
#1468=FACE_BOUND('',#1346,.T.);
#1469=FACE_BOUND('',#1347,.T.);
#1470=FACE_BOUND('',#1348,.T.);
#1471=FACE_BOUND('',#1349,.T.);
#1472=FACE_BOUND('',#1350,.T.);
#1473=FACE_BOUND('',#1351,.T.);
#1474=FACE_BOUND('',#1352,.T.);
#1475=FACE_BOUND('',#1353,.T.);
#1476=FACE_BOUND('',#1354,.T.);
#1477=FACE_BOUND('',#1355,.T.);
#1478=FACE_BOUND('',#1356,.T.);
#1479=FACE_BOUND('',#1357,.T.);
#1480=FACE_BOUND('',#1358,.T.);
#1481=FACE_BOUND('',#1359,.T.);
#1482=FACE_BOUND('',#1360,.T.);
#1483=FACE_BOUND('',#1361,.T.);
#1484=FACE_BOUND('',#1362,.T.);
#1485=FACE_BOUND('',#1363,.T.);
#1486=FACE_BOUND('',#1364,.T.);
#1487=FACE_BOUND('',#1365,.T.);
#1488=FACE_BOUND('',#1366,.T.);
#1489=FACE_BOUND('',#1367,.T.);
#1490=FACE_BOUND('',#1368,.T.);
#1491=FACE_BOUND('',#1369,.T.);
#1492=FACE_BOUND('',#1370,.T.);
#1493=FACE_BOUND('',#1371,.T.);
#1494=FACE_BOUND('',#1372,.T.);
#1495=FACE_BOUND('',#1373,.T.);
#1496=FACE_BOUND('',#1374,.T.);
#1497=FACE_BOUND('',#1375,.T.);
#1498=FACE_BOUND('',#1376,.T.);
#1499=FACE_BOUND('',#1377,.T.);
#1500=FACE_BOUND('',#1378,.T.);
#1501=FACE_BOUND('',#1379,.T.);
#1502=FACE_BOUND('',#1380,.T.);
#1503=FACE_BOUND('',#1381,.T.);
#1504=FACE_BOUND('',#1382,.T.);
#1505=FACE_BOUND('',#1383,.T.);
#1506=FACE_BOUND('',#1384,.T.);
#1507=FACE_BOUND('',#1385,.T.);
#1508=FACE_BOUND('',#1386,.T.);
#1509=FACE_BOUND('',#1387,.T.);
#1510=FACE_BOUND('',#1388,.T.);
#1511=FACE_BOUND('',#1389,.T.);
#1512=FACE_BOUND('',#1390,.T.);
#1513=FACE_BOUND('',#1391,.T.);
#1514=FACE_BOUND('',#1392,.T.);
#1515=FACE_BOUND('',#1393,.T.);
#1516=FACE_BOUND('',#1394,.T.);
#1517=FACE_BOUND('',#1395,.T.);
#1518=FACE_BOUND('',#1396,.T.);
#1519=FACE_BOUND('',#1397,.T.);
#1520=FACE_BOUND('',#1398,.T.);
#1521=FACE_BOUND('',#1399,.T.);
#1522=FACE_BOUND('',#1400,.T.);
#1523=FACE_BOUND('',#1401,.T.);
#1524=FACE_BOUND('',#1402,.T.);
#1525=FACE_BOUND('',#1403,.T.);
#1526=FACE_BOUND('',#1404,.T.);
#1527=FACE_BOUND('',#1405,.T.);
#1528=FACE_BOUND('',#1406,.T.);
#1529=FACE_BOUND('',#1407,.T.);
#1530=FACE_BOUND('',#1408,.T.);
#1531=FACE_BOUND('',#1409,.T.);
#1532=FACE_BOUND('',#1410,.T.);
#1533=FACE_BOUND('',#1411,.T.);
#1534=FACE_BOUND('',#1412,.T.);
#1535=FACE_BOUND('',#1413,.T.);
#1536=FACE_BOUND('',#1414,.T.);
#1537=FACE_BOUND('',#1415,.T.);
#1538=FACE_BOUND('',#1416,.T.);
#1539=FACE_BOUND('',#1417,.T.);
#1540=FACE_BOUND('',#1418,.T.);
#1541=FACE_BOUND('',#1419,.T.);
#1542=FACE_BOUND('',#1420,.T.);
#1543=FACE_BOUND('',#1421,.T.);
#1544=FACE_BOUND('',#1422,.T.);
#1545=FACE_BOUND('',#1423,.T.);
#1546=FACE_BOUND('',#1424,.T.);
#1547=FACE_BOUND('',#1425,.T.);
#1548=FACE_BOUND('',#1426,.T.);
#1549=FACE_BOUND('',#1427,.T.);
#1550=FACE_BOUND('',#1428,.T.);
#1551=FACE_BOUND('',#1429,.T.);
#1552=FACE_BOUND('',#1430,.T.);
#1553=FACE_BOUND('',#1431,.T.);
#1554=FACE_BOUND('',#1432,.T.);
#1555=FACE_BOUND('',#1433,.T.);
#1556=FACE_BOUND('',#1434,.T.);
#1557=FACE_BOUND('',#1435,.T.);
#1558=FACE_BOUND('',#1436,.T.);
#1559=FACE_BOUND('',#1437,.T.);
#1560=FACE_BOUND('',#1438,.T.);
#1561=FACE_BOUND('',#1439,.T.);
#1562=FACE_BOUND('',#1440,.T.);
#1563=FACE_BOUND('',#1441,.T.);
#1564=CYLINDRICAL_SURFACE('',#1807,0.0015);
#1565=CYLINDRICAL_SURFACE('',#1810,0.0015);
#1566=CYLINDRICAL_SURFACE('',#1891,0.0025);
#1567=CYLINDRICAL_SURFACE('',#1894,0.0025);
#1568=CYLINDRICAL_SURFACE('',#1905,0.0005);
#1569=CYLINDRICAL_SURFACE('',#1906,0.0005);
#1570=CYLINDRICAL_SURFACE('',#1907,0.0005);
#1571=CYLINDRICAL_SURFACE('',#1908,0.0005);
#1572=CYLINDRICAL_SURFACE('',#1909,0.0005);
#1573=CYLINDRICAL_SURFACE('',#1910,0.0005);
#1574=CYLINDRICAL_SURFACE('',#1911,0.0005);
#1575=CYLINDRICAL_SURFACE('',#1912,0.0005);
#1576=CYLINDRICAL_SURFACE('',#1913,0.0005);
#1577=CYLINDRICAL_SURFACE('',#1914,0.0005);
#1578=CYLINDRICAL_SURFACE('',#1915,0.0005);
#1579=CYLINDRICAL_SURFACE('',#1916,0.0005);
#1580=CYLINDRICAL_SURFACE('',#1917,0.0005);
#1581=CYLINDRICAL_SURFACE('',#1918,0.0005);
#1582=CYLINDRICAL_SURFACE('',#1919,0.0005);
#1583=CYLINDRICAL_SURFACE('',#1920,0.0005);
#1584=CYLINDRICAL_SURFACE('',#1921,0.0005);
#1585=CYLINDRICAL_SURFACE('',#1922,0.0005);
#1586=CYLINDRICAL_SURFACE('',#1926,0.0014);
#1587=CYLINDRICAL_SURFACE('',#1930,0.00275);
#1588=CYLINDRICAL_SURFACE('',#1949,0.0014);
#1589=CYLINDRICAL_SURFACE('',#1953,0.00275);
#1590=ADVANCED_FACE('',(#1442,#1443),#1564,.F.);
#1591=ADVANCED_FACE('',(#1444,#1445),#1565,.F.);
#1592=ADVANCED_FACE('',(#1446,#1447),#362,.T.);
#1593=ADVANCED_FACE('',(#1448),#363,.T.);
#1594=ADVANCED_FACE('',(#1449),#364,.T.);
#1595=ADVANCED_FACE('',(#1450,#1451),#365,.T.);
#1596=ADVANCED_FACE('',(#1452),#366,.T.);
#1597=ADVANCED_FACE('',(#1453),#367,.T.);
#1598=ADVANCED_FACE('',(#1454),#368,.T.);
#1599=ADVANCED_FACE('',(#1455),#369,.T.);
#1600=ADVANCED_FACE('',(#1456),#370,.F.);
#1601=ADVANCED_FACE('',(#1457),#371,.T.);
#1602=ADVANCED_FACE('',(#1458),#372,.F.);
#1603=ADVANCED_FACE('',(#1459),#373,.T.);
#1604=ADVANCED_FACE('',(#1460,#1461),#374,.F.);
#1605=ADVANCED_FACE('',(#1462),#375,.T.);
#1606=ADVANCED_FACE('',(#1463),#376,.T.);
#1607=ADVANCED_FACE('',(#1464),#377,.T.);
#1608=ADVANCED_FACE('',(#1465,#1466),#378,.F.);
#1609=ADVANCED_FACE('',(#1467),#379,.T.);
#1610=ADVANCED_FACE('',(#1468),#380,.F.);
#1611=ADVANCED_FACE('',(#1469),#381,.T.);
#1612=ADVANCED_FACE('',(#1470),#382,.F.);
#1613=ADVANCED_FACE('',(#1471),#383,.F.);
#1614=ADVANCED_FACE('',(#1472),#384,.T.);
#1615=ADVANCED_FACE('',(#1473),#385,.T.);
#1616=ADVANCED_FACE('',(#1474),#386,.T.);
#1617=ADVANCED_FACE('',(#1475),#387,.T.);
#1618=ADVANCED_FACE('',(#1476),#388,.T.);
#1619=ADVANCED_FACE('',(#1477),#389,.T.);
#1620=ADVANCED_FACE('',(#1478),#390,.T.);
#1621=ADVANCED_FACE('',(#1479),#391,.F.);
#1622=ADVANCED_FACE('',(#1480),#392,.F.);
#1623=ADVANCED_FACE('',(#1481),#393,.T.);
#1624=ADVANCED_FACE('',(#1482),#394,.F.);
#1625=ADVANCED_FACE('',(#1483),#395,.T.);
#1626=ADVANCED_FACE('',(#1484),#396,.T.);
#1627=ADVANCED_FACE('',(#1485),#397,.F.);
#1628=ADVANCED_FACE('',(#1486),#398,.T.);
#1629=ADVANCED_FACE('',(#1487),#399,.T.);
#1630=ADVANCED_FACE('',(#1488),#400,.T.);
#1631=ADVANCED_FACE('',(#1489),#401,.T.);
#1632=ADVANCED_FACE('',(#1490,#1491),#1566,.F.);
#1633=ADVANCED_FACE('',(#1492,#1493,#1494),#402,.T.);
#1634=ADVANCED_FACE('',(#1495,#1496),#1567,.F.);
#1635=ADVANCED_FACE('',(#1497,#1498,#1499),#403,.T.);
#1636=ADVANCED_FACE('',(#1500),#404,.T.);
#1637=ADVANCED_FACE('',(#1501),#405,.F.);
#1638=ADVANCED_FACE('',(#1502),#406,.T.);
#1639=ADVANCED_FACE('',(#1503),#407,.F.);
#1640=ADVANCED_FACE('',(#1504),#408,.F.);
#1641=ADVANCED_FACE('',(#1505),#409,.T.);
#1642=ADVANCED_FACE('',(#1506),#410,.T.);
#1643=ADVANCED_FACE('',(#1507),#411,.F.);
#1644=ADVANCED_FACE('',(#1508),#1568,.T.);
#1645=ADVANCED_FACE('',(#1509),#1569,.T.);
#1646=ADVANCED_FACE('',(#1510),#1570,.T.);
#1647=ADVANCED_FACE('',(#1511),#1571,.T.);
#1648=ADVANCED_FACE('',(#1512),#1572,.T.);
#1649=ADVANCED_FACE('',(#1513),#1573,.T.);
#1650=ADVANCED_FACE('',(#1514),#1574,.T.);
#1651=ADVANCED_FACE('',(#1515),#1575,.T.);
#1652=ADVANCED_FACE('',(#1516),#1576,.T.);
#1653=ADVANCED_FACE('',(#1517),#1577,.T.);
#1654=ADVANCED_FACE('',(#1518),#1578,.T.);
#1655=ADVANCED_FACE('',(#1519),#1579,.T.);
#1656=ADVANCED_FACE('',(#1520),#1580,.T.);
#1657=ADVANCED_FACE('',(#1521),#1581,.T.);
#1658=ADVANCED_FACE('',(#1522),#1582,.T.);
#1659=ADVANCED_FACE('',(#1523),#1583,.T.);
#1660=ADVANCED_FACE('',(#1524),#1584,.T.);
#1661=ADVANCED_FACE('',(#1525),#1585,.T.);
#1662=ADVANCED_FACE('Face appearance 2',(#1526,#1527,#1528),#412,.F.);
#1663=ADVANCED_FACE('Face appearance 2',(#1529,#1530),#1586,.T.);
#1664=ADVANCED_FACE('Face appearance 2',(#1531),#413,.F.);
#1665=ADVANCED_FACE('Face appearance 2',(#1532,#1533),#1587,.T.);
#1666=ADVANCED_FACE('Face appearance 2',(#1534),#414,.T.);
#1667=ADVANCED_FACE('Face appearance 2',(#1535,#1536),#14,.T.);
#1668=ADVANCED_FACE('Face appearance 2',(#1537,#1538),#15,.T.);
#1669=ADVANCED_FACE('Face appearance 2',(#1539,#1540),#16,.T.);
#1670=ADVANCED_FACE('',(#1541),#415,.F.);
#1671=ADVANCED_FACE('Face appearance 1',(#1542,#1543),#12,.T.);
#1672=ADVANCED_FACE('',(#1544),#416,.T.);
#1673=ADVANCED_FACE('',(#1545),#417,.F.);
#1674=ADVANCED_FACE('Face appearance 1',(#1546,#1547),#13,.T.);
#1675=ADVANCED_FACE('',(#1548),#418,.T.);
#1676=ADVANCED_FACE('Face appearance 2',(#1549,#1550,#1551),#419,.F.);
#1677=ADVANCED_FACE('Face appearance 2',(#1552,#1553),#1588,.T.);
#1678=ADVANCED_FACE('Face appearance 2',(#1554),#420,.F.);
#1679=ADVANCED_FACE('Face appearance 2',(#1555,#1556),#1589,.T.);
#1680=ADVANCED_FACE('Face appearance 2',(#1557),#421,.T.);
#1681=ADVANCED_FACE('Face appearance 2',(#1558,#1559),#17,.T.);
#1682=ADVANCED_FACE('Face appearance 2',(#1560,#1561),#18,.T.);
#1683=ADVANCED_FACE('Face appearance 2',(#1562,#1563),#19,.T.);
#1684=CLOSED_SHELL('',(#1590,#1591,#1592,#1593,#1594,#1595,#1596,#1597,
#1598,#1599,#1600,#1601,#1602,#1603,#1604,#1605,#1606,#1607,#1608,#1609,
#1610,#1611,#1612,#1613,#1614,#1615,#1616,#1617,#1618,#1619,#1620,#1621,
#1622,#1623,#1624,#1625,#1626,#1627,#1628,#1629,#1630,#1631,#1632,#1633,
#1634,#1635,#1636,#1637,#1638,#1639,#1640,#1641,#1642,#1643,#1644,#1645,
#1646,#1647,#1648,#1649,#1650,#1651,#1652,#1653,#1654,#1655,#1656,#1657,
#1658,#1659,#1660,#1661,#1662,#1663,#1664,#1665,#1666,#1667,#1668,#1669,
#1670,#1671,#1672,#1673,#1674,#1675,#1676,#1677,#1678,#1679,#1680,#1681,
#1682,#1683));
#1685=STYLED_ITEM('',(#1686),#1803);
#1686=PRESENTATION_STYLE_ASSIGNMENT((#1705));
#1687=PRESENTATION_STYLE_ASSIGNMENT((#1706));
#1688=PRESENTATION_STYLE_ASSIGNMENT((#1707));
#1689=PRESENTATION_STYLE_ASSIGNMENT((#1708));
#1690=PRESENTATION_STYLE_ASSIGNMENT((#1709));
#1691=PRESENTATION_STYLE_ASSIGNMENT((#1710));
#1692=PRESENTATION_STYLE_ASSIGNMENT((#1711));
#1693=PRESENTATION_STYLE_ASSIGNMENT((#1712));
#1694=PRESENTATION_STYLE_ASSIGNMENT((#1713));
#1695=PRESENTATION_STYLE_ASSIGNMENT((#1714));
#1696=PRESENTATION_STYLE_ASSIGNMENT((#1715));
#1697=PRESENTATION_STYLE_ASSIGNMENT((#1716));
#1698=PRESENTATION_STYLE_ASSIGNMENT((#1717));
#1699=PRESENTATION_STYLE_ASSIGNMENT((#1718));
#1700=PRESENTATION_STYLE_ASSIGNMENT((#1719));
#1701=PRESENTATION_STYLE_ASSIGNMENT((#1720));
#1702=PRESENTATION_STYLE_ASSIGNMENT((#1721));
#1703=PRESENTATION_STYLE_ASSIGNMENT((#1722));
#1704=PRESENTATION_STYLE_ASSIGNMENT((#1723));
#1705=SURFACE_STYLE_USAGE(.BOTH.,#1724);
#1706=SURFACE_STYLE_USAGE(.BOTH.,#1725);
#1707=SURFACE_STYLE_USAGE(.BOTH.,#1726);
#1708=SURFACE_STYLE_USAGE(.BOTH.,#1727);
#1709=SURFACE_STYLE_USAGE(.BOTH.,#1728);
#1710=SURFACE_STYLE_USAGE(.BOTH.,#1729);
#1711=SURFACE_STYLE_USAGE(.BOTH.,#1730);
#1712=SURFACE_STYLE_USAGE(.BOTH.,#1731);
#1713=SURFACE_STYLE_USAGE(.BOTH.,#1732);
#1714=SURFACE_STYLE_USAGE(.BOTH.,#1733);
#1715=SURFACE_STYLE_USAGE(.BOTH.,#1734);
#1716=SURFACE_STYLE_USAGE(.BOTH.,#1735);
#1717=SURFACE_STYLE_USAGE(.BOTH.,#1736);
#1718=SURFACE_STYLE_USAGE(.BOTH.,#1737);
#1719=SURFACE_STYLE_USAGE(.BOTH.,#1738);
#1720=SURFACE_STYLE_USAGE(.BOTH.,#1739);
#1721=SURFACE_STYLE_USAGE(.BOTH.,#1740);
#1722=SURFACE_STYLE_USAGE(.BOTH.,#1741);
#1723=SURFACE_STYLE_USAGE(.BOTH.,#1742);
#1724=SURFACE_SIDE_STYLE('',(#1743));
#1725=SURFACE_SIDE_STYLE('',(#1744));
#1726=SURFACE_SIDE_STYLE('',(#1745));
#1727=SURFACE_SIDE_STYLE('',(#1746));
#1728=SURFACE_SIDE_STYLE('',(#1747));
#1729=SURFACE_SIDE_STYLE('',(#1748));
#1730=SURFACE_SIDE_STYLE('',(#1749));
#1731=SURFACE_SIDE_STYLE('',(#1750));
#1732=SURFACE_SIDE_STYLE('',(#1751));
#1733=SURFACE_SIDE_STYLE('',(#1752));
#1734=SURFACE_SIDE_STYLE('',(#1753));
#1735=SURFACE_SIDE_STYLE('',(#1754));
#1736=SURFACE_SIDE_STYLE('',(#1755));
#1737=SURFACE_SIDE_STYLE('',(#1756));
#1738=SURFACE_SIDE_STYLE('',(#1757));
#1739=SURFACE_SIDE_STYLE('',(#1758));
#1740=SURFACE_SIDE_STYLE('',(#1759));
#1741=SURFACE_SIDE_STYLE('',(#1760));
#1742=SURFACE_SIDE_STYLE('',(#1761));
#1743=SURFACE_STYLE_FILL_AREA(#1762);
#1744=SURFACE_STYLE_FILL_AREA(#1763);
#1745=SURFACE_STYLE_FILL_AREA(#1764);
#1746=SURFACE_STYLE_FILL_AREA(#1765);
#1747=SURFACE_STYLE_FILL_AREA(#1766);
#1748=SURFACE_STYLE_FILL_AREA(#1767);
#1749=SURFACE_STYLE_FILL_AREA(#1768);
#1750=SURFACE_STYLE_FILL_AREA(#1769);
#1751=SURFACE_STYLE_FILL_AREA(#1770);
#1752=SURFACE_STYLE_FILL_AREA(#1771);
#1753=SURFACE_STYLE_FILL_AREA(#1772);
#1754=SURFACE_STYLE_FILL_AREA(#1773);
#1755=SURFACE_STYLE_FILL_AREA(#1774);
#1756=SURFACE_STYLE_FILL_AREA(#1775);
#1757=SURFACE_STYLE_FILL_AREA(#1776);
#1758=SURFACE_STYLE_FILL_AREA(#1777);
#1759=SURFACE_STYLE_FILL_AREA(#1778);
#1760=SURFACE_STYLE_FILL_AREA(#1779);
#1761=SURFACE_STYLE_FILL_AREA(#1780);
#1762=FILL_AREA_STYLE('',(#1781));
#1763=FILL_AREA_STYLE('',(#1782));
#1764=FILL_AREA_STYLE('',(#1783));
#1765=FILL_AREA_STYLE('',(#1784));
#1766=FILL_AREA_STYLE('',(#1785));
#1767=FILL_AREA_STYLE('',(#1786));
#1768=FILL_AREA_STYLE('',(#1787));
#1769=FILL_AREA_STYLE('',(#1788));
#1770=FILL_AREA_STYLE('',(#1789));
#1771=FILL_AREA_STYLE('',(#1790));
#1772=FILL_AREA_STYLE('',(#1791));
#1773=FILL_AREA_STYLE('',(#1792));
#1774=FILL_AREA_STYLE('',(#1793));
#1775=FILL_AREA_STYLE('',(#1794));
#1776=FILL_AREA_STYLE('',(#1795));
#1777=FILL_AREA_STYLE('',(#1796));
#1778=FILL_AREA_STYLE('',(#1797));
#1779=FILL_AREA_STYLE('',(#1798));
#1780=FILL_AREA_STYLE('',(#1799));
#1781=FILL_AREA_STYLE_COLOUR('',#1800);
#1782=FILL_AREA_STYLE_COLOUR('',#1801);
#1783=FILL_AREA_STYLE_COLOUR('',#1801);
#1784=FILL_AREA_STYLE_COLOUR('',#1801);
#1785=FILL_AREA_STYLE_COLOUR('',#1801);
#1786=FILL_AREA_STYLE_COLOUR('',#1801);
#1787=FILL_AREA_STYLE_COLOUR('',#1801);
#1788=FILL_AREA_STYLE_COLOUR('',#1801);
#1789=FILL_AREA_STYLE_COLOUR('',#1801);
#1790=FILL_AREA_STYLE_COLOUR('',#1802);
#1791=FILL_AREA_STYLE_COLOUR('',#1802);
#1792=FILL_AREA_STYLE_COLOUR('',#1801);
#1793=FILL_AREA_STYLE_COLOUR('',#1801);
#1794=FILL_AREA_STYLE_COLOUR('',#1801);
#1795=FILL_AREA_STYLE_COLOUR('',#1801);
#1796=FILL_AREA_STYLE_COLOUR('',#1801);
#1797=FILL_AREA_STYLE_COLOUR('',#1801);
#1798=FILL_AREA_STYLE_COLOUR('',#1801);
#1799=FILL_AREA_STYLE_COLOUR('',#1801);
#1800=COLOUR_RGB('',0.901960784313726,0.901960784313726,0.901960784313726);
#1801=COLOUR_RGB('',0.301960784313725,0.301960784313725,0.301960784313725);
#1802=COLOUR_RGB('',0.623529411764706,0.666666666666667,0.701960784313725);
#1803=MANIFOLD_SOLID_BREP('Main Body',#1684);
#1804=SHAPE_DEFINITION_REPRESENTATION(#3840,#1805);
#1805=SHAPE_REPRESENTATION('Main Body',(#1806),#3835);
#1806=AXIS2_PLACEMENT_3D('',#2431,#1961,#1962);
#1807=AXIS2_PLACEMENT_3D('',#2432,#1963,#1964);
#1808=AXIS2_PLACEMENT_3D('',#2433,#1965,#1966);
#1809=AXIS2_PLACEMENT_3D('',#2435,#1967,#1968);
#1810=AXIS2_PLACEMENT_3D('',#2437,#1969,#1970);
#1811=AXIS2_PLACEMENT_3D('',#2438,#1971,#1972);
#1812=AXIS2_PLACEMENT_3D('',#2440,#1973,#1974);
#1813=AXIS2_PLACEMENT_3D('',#2442,#1975,#1976);
#1814=AXIS2_PLACEMENT_3D('',#2443,#1977,#1978);
#1815=AXIS2_PLACEMENT_3D('',#2459,#1986,#1987);
#1816=AXIS2_PLACEMENT_3D('',#2468,#1992,#1993);
#1817=AXIS2_PLACEMENT_3D('',#2477,#1998,#1999);
#1818=AXIS2_PLACEMENT_3D('',#2478,#2000,#2001);
#1819=AXIS2_PLACEMENT_3D('',#2494,#2009,#2010);
#1820=AXIS2_PLACEMENT_3D('',#2503,#2015,#2016);
#1821=AXIS2_PLACEMENT_3D('',#2512,#2021,#2022);
#1822=AXIS2_PLACEMENT_3D('',#2516,#2024,#2025);
#1823=AXIS2_PLACEMENT_3D('',#2533,#2034,#2035);
#1824=AXIS2_PLACEMENT_3D('',#2537,#2037,#2038);
#1825=AXIS2_PLACEMENT_3D('',#2545,#2042,#2043);
#1826=AXIS2_PLACEMENT_3D('',#2549,#2045,#2046);
#1827=AXIS2_PLACEMENT_3D('',#2556,#2050,#2051);
#1828=AXIS2_PLACEMENT_3D('',#2560,#2053,#2054);
#1829=AXIS2_PLACEMENT_3D('',#2565,#2057,#2058);
#1830=AXIS2_PLACEMENT_3D('',#2569,#2060,#2061);
#1831=AXIS2_PLACEMENT_3D('',#2574,#2064,#2065);
#1832=AXIS2_PLACEMENT_3D('',#2578,#2067,#2068);
#1833=AXIS2_PLACEMENT_3D('',#2585,#2072,#2073);
#1834=AXIS2_PLACEMENT_3D('',#2589,#2075,#2076);
#1835=AXIS2_PLACEMENT_3D('',#2597,#2080,#2081);
#1836=AXIS2_PLACEMENT_3D('',#2601,#2083,#2084);
#1837=AXIS2_PLACEMENT_3D('',#2606,#2087,#2088);
#1838=AXIS2_PLACEMENT_3D('',#2607,#2089,#2090);
#1839=AXIS2_PLACEMENT_3D('',#2611,#2092,#2093);
#1840=AXIS2_PLACEMENT_3D('',#2628,#2102,#2103);
#1841=AXIS2_PLACEMENT_3D('',#2632,#2105,#2106);
#1842=AXIS2_PLACEMENT_3D('',#2640,#2110,#2111);
#1843=AXIS2_PLACEMENT_3D('',#2644,#2113,#2114);
#1844=AXIS2_PLACEMENT_3D('',#2651,#2118,#2119);
#1845=AXIS2_PLACEMENT_3D('',#2655,#2121,#2122);
#1846=AXIS2_PLACEMENT_3D('',#2660,#2125,#2126);
#1847=AXIS2_PLACEMENT_3D('',#2664,#2128,#2129);
#1848=AXIS2_PLACEMENT_3D('',#2669,#2132,#2133);
#1849=AXIS2_PLACEMENT_3D('',#2673,#2135,#2136);
#1850=AXIS2_PLACEMENT_3D('',#2680,#2140,#2141);
#1851=AXIS2_PLACEMENT_3D('',#2684,#2143,#2144);
#1852=AXIS2_PLACEMENT_3D('',#2692,#2148,#2149);
#1853=AXIS2_PLACEMENT_3D('',#2696,#2151,#2152);
#1854=AXIS2_PLACEMENT_3D('',#2701,#2155,#2156);
#1855=AXIS2_PLACEMENT_3D('',#2702,#2157,#2158);
#1856=AXIS2_PLACEMENT_3D('',#2705,#2161,#2162);
#1857=AXIS2_PLACEMENT_3D('',#2709,#2165,#2166);
#1858=AXIS2_PLACEMENT_3D('',#2713,#2168,#2169);
#1859=AXIS2_PLACEMENT_3D('',#2717,#2171,#2172);
#1860=AXIS2_PLACEMENT_3D('',#2719,#2174,#2175);
#1861=AXIS2_PLACEMENT_3D('',#2722,#2178,#2179);
#1862=AXIS2_PLACEMENT_3D('',#2726,#2183,#2184);
#1863=AXIS2_PLACEMENT_3D('',#2730,#2187,#2188);
#1864=AXIS2_PLACEMENT_3D('',#2734,#2190,#2191);
#1865=AXIS2_PLACEMENT_3D('',#2738,#2193,#2194);
#1866=AXIS2_PLACEMENT_3D('',#2740,#2196,#2197);
#1867=AXIS2_PLACEMENT_3D('',#2743,#2200,#2201);
#1868=AXIS2_PLACEMENT_3D('',#2747,#2205,#2206);
#1869=AXIS2_PLACEMENT_3D('',#2749,#2208,#2209);
#1870=AXIS2_PLACEMENT_3D('',#2751,#2211,#2212);
#1871=AXIS2_PLACEMENT_3D('',#2754,#2215,#2216);
#1872=AXIS2_PLACEMENT_3D('',#2756,#2218,#2219);
#1873=AXIS2_PLACEMENT_3D('',#2758,#2221,#2222);
#1874=AXIS2_PLACEMENT_3D('',#2761,#2225,#2226);
#1875=AXIS2_PLACEMENT_3D('',#2764,#2229,#2230);
#1876=AXIS2_PLACEMENT_3D('',#2767,#2233,#2234);
#1877=AXIS2_PLACEMENT_3D('',#2770,#2237,#2238);
#1878=AXIS2_PLACEMENT_3D('',#2772,#2240,#2241);
#1879=AXIS2_PLACEMENT_3D('',#2774,#2243,#2244);
#1880=AXIS2_PLACEMENT_3D('',#2777,#2247,#2248);
#1881=AXIS2_PLACEMENT_3D('',#2780,#2251,#2252);
#1882=AXIS2_PLACEMENT_3D('',#2783,#2255,#2256);
#1883=AXIS2_PLACEMENT_3D('',#2786,#2259,#2260);
#1884=AXIS2_PLACEMENT_3D('',#2789,#2263,#2264);
#1885=AXIS2_PLACEMENT_3D('',#2792,#2267,#2268);
#1886=AXIS2_PLACEMENT_3D('',#2795,#2271,#2272);
#1887=AXIS2_PLACEMENT_3D('',#2798,#2275,#2276);
#1888=AXIS2_PLACEMENT_3D('',#2801,#2279,#2280);
#1889=AXIS2_PLACEMENT_3D('',#2804,#2283,#2284);
#1890=AXIS2_PLACEMENT_3D('',#2805,#2285,#2286);
#1891=AXIS2_PLACEMENT_3D('',#2806,#2287,#2288);
#1892=AXIS2_PLACEMENT_3D('',#2807,#2289,#2290);
#1893=AXIS2_PLACEMENT_3D('',#2809,#2291,#2292);
#1894=AXIS2_PLACEMENT_3D('',#2832,#2294,#2295);
#1895=AXIS2_PLACEMENT_3D('',#2833,#2296,#2297);
#1896=AXIS2_PLACEMENT_3D('',#2835,#2298,#2299);
#1897=AXIS2_PLACEMENT_3D('',#2858,#2301,#2302);
#1898=AXIS2_PLACEMENT_3D('',#2859,#2303,#2304);
#1899=AXIS2_PLACEMENT_3D('',#2860,#2305,#2306);
#1900=AXIS2_PLACEMENT_3D('',#2861,#2307,#2308);
#1901=AXIS2_PLACEMENT_3D('',#2862,#2309,#2310);
#1902=AXIS2_PLACEMENT_3D('',#2863,#2311,#2312);
#1903=AXIS2_PLACEMENT_3D('',#2864,#2313,#2314);
#1904=AXIS2_PLACEMENT_3D('',#2865,#2315,#2316);
#1905=AXIS2_PLACEMENT_3D('',#2866,#2317,#2318);
#1906=AXIS2_PLACEMENT_3D('',#2867,#2319,#2320);
#1907=AXIS2_PLACEMENT_3D('',#2868,#2321,#2322);
#1908=AXIS2_PLACEMENT_3D('',#2869,#2323,#2324);
#1909=AXIS2_PLACEMENT_3D('',#2870,#2325,#2326);
#1910=AXIS2_PLACEMENT_3D('',#2871,#2327,#2328);
#1911=AXIS2_PLACEMENT_3D('',#2872,#2329,#2330);
#1912=AXIS2_PLACEMENT_3D('',#2873,#2331,#2332);
#1913=AXIS2_PLACEMENT_3D('',#2874,#2333,#2334);
#1914=AXIS2_PLACEMENT_3D('',#2875,#2335,#2336);
#1915=AXIS2_PLACEMENT_3D('',#2876,#2337,#2338);
#1916=AXIS2_PLACEMENT_3D('',#2877,#2339,#2340);
#1917=AXIS2_PLACEMENT_3D('',#2878,#2341,#2342);
#1918=AXIS2_PLACEMENT_3D('',#2879,#2343,#2344);
#1919=AXIS2_PLACEMENT_3D('',#2880,#2345,#2346);
#1920=AXIS2_PLACEMENT_3D('',#2881,#2347,#2348);
#1921=AXIS2_PLACEMENT_3D('',#2882,#2349,#2350);
#1922=AXIS2_PLACEMENT_3D('',#2883,#2351,#2352);
#1923=AXIS2_PLACEMENT_3D('',#2884,#2353,#2354);
#1924=AXIS2_PLACEMENT_3D('',#2885,#2355,#2356);
#1925=AXIS2_PLACEMENT_3D('',#2887,#2357,#2358);
#1926=AXIS2_PLACEMENT_3D('',#2911,#2360,#2361);
#1927=AXIS2_PLACEMENT_3D('',#2912,#2362,#2363);
#1928=AXIS2_PLACEMENT_3D('',#2914,#2364,#2365);
#1929=AXIS2_PLACEMENT_3D('',#2915,#2366,#2367);
#1930=AXIS2_PLACEMENT_3D('',#2917,#2368,#2369);
#1931=AXIS2_PLACEMENT_3D('',#2918,#2370,#2371);
#1932=AXIS2_PLACEMENT_3D('',#2920,#2372,#2373);
#1933=AXIS2_PLACEMENT_3D('',#2922,#2374,#2375);
#1934=AXIS2_PLACEMENT_3D('',#2923,#2376,#2377);
#1935=AXIS2_PLACEMENT_3D('',#2925,#2378,#2379);
#1936=AXIS2_PLACEMENT_3D('',#2926,#2380,#2381);
#1937=AXIS2_PLACEMENT_3D('',#2927,#2382,#2383);
#1938=AXIS2_PLACEMENT_3D('',#2928,#2384,#2385);
#1939=AXIS2_PLACEMENT_3D('',#2929,#2386,#2387);
#1940=AXIS2_PLACEMENT_3D('',#3357,#2388,#2389);
#1941=AXIS2_PLACEMENT_3D('',#3358,#2390,#2391);
#1942=AXIS2_PLACEMENT_3D('',#3359,#2392,#2393);
#1943=AXIS2_PLACEMENT_3D('',#3363,#2395,#2396);
#1944=AXIS2_PLACEMENT_3D('',#3791,#2397,#2398);
#1945=AXIS2_PLACEMENT_3D('',#3811,#2399,#2400);
#1946=AXIS2_PLACEMENT_3D('',#3812,#2401,#2402);
#1947=AXIS2_PLACEMENT_3D('',#3813,#2403,#2404);
#1948=AXIS2_PLACEMENT_3D('',#3815,#2405,#2406);
#1949=AXIS2_PLACEMENT_3D('',#3817,#2407,#2408);
#1950=AXIS2_PLACEMENT_3D('',#3818,#2409,#2410);
#1951=AXIS2_PLACEMENT_3D('',#3820,#2411,#2412);
#1952=AXIS2_PLACEMENT_3D('',#3821,#2413,#2414);
#1953=AXIS2_PLACEMENT_3D('',#3823,#2415,#2416);
#1954=AXIS2_PLACEMENT_3D('',#3824,#2417,#2418);
#1955=AXIS2_PLACEMENT_3D('',#3826,#2419,#2420);
#1956=AXIS2_PLACEMENT_3D('',#3828,#2421,#2422);
#1957=AXIS2_PLACEMENT_3D('',#3829,#2423,#2424);
#1958=AXIS2_PLACEMENT_3D('',#3831,#2425,#2426);
#1959=AXIS2_PLACEMENT_3D('',#3832,#2427,#2428);
#1960=AXIS2_PLACEMENT_3D('',#3833,#2429,#2430);
#1961=DIRECTION('',(0.,0.,1.));
#1962=DIRECTION('',(1.,0.,0.));
#1963=DIRECTION('',(0.,0.,-1.));
#1964=DIRECTION('',(-1.,0.,0.));
#1965=DIRECTION('',(0.,0.,1.));
#1966=DIRECTION('',(1.,0.,0.));
#1967=DIRECTION('',(0.,0.,1.));
#1968=DIRECTION('',(1.,0.,0.));
#1969=DIRECTION('',(0.,0.,-1.));
#1970=DIRECTION('',(-1.,0.,0.));
#1971=DIRECTION('',(0.,0.,1.));
#1972=DIRECTION('',(1.,0.,0.));
#1973=DIRECTION('',(0.,0.,1.));
#1974=DIRECTION('',(1.,0.,0.));
#1975=DIRECTION('',(0.,0.,1.));
#1976=DIRECTION('',(1.,0.,0.));
#1977=DIRECTION('',(0.,0.,1.));
#1978=DIRECTION('',(1.,0.,0.));
#1979=DIRECTION('',(-1.,0.,0.));
#1980=DIRECTION('',(0.,-1.,0.));
#1981=DIRECTION('',(1.,7.54227598250786E-17,0.));
#1982=DIRECTION('',(0.,-1.,0.));
#1983=DIRECTION('',(-1.,-7.54227598250786E-17,0.));
#1984=DIRECTION('',(0.,-1.,0.));
#1985=DIRECTION('',(-0.707106781186548,-0.707106781186548,0.));
#1986=DIRECTION('',(0.,0.,1.));
#1987=DIRECTION('',(1.,0.,0.));
#1988=DIRECTION('',(-1.,-7.54227598250786E-17,0.));
#1989=DIRECTION('',(0.,1.,0.));
#1990=DIRECTION('',(1.,7.54227598250786E-17,0.));
#1991=DIRECTION('',(1.18276600634782E-16,-1.,0.));
#1992=DIRECTION('',(0.,0.,1.));
#1993=DIRECTION('',(1.,0.,0.));
#1994=DIRECTION('',(-1.,-7.54227598250786E-17,0.));
#1995=DIRECTION('',(-1.5770213417971E-16,1.,0.));
#1996=DIRECTION('',(1.,7.54227598250786E-17,0.));
#1997=DIRECTION('',(1.5770213417971E-16,-1.,0.));
#1998=DIRECTION('',(0.,0.,1.));
#1999=DIRECTION('',(1.,0.,0.));
#2000=DIRECTION('',(0.,0.,1.));
#2001=DIRECTION('',(1.,0.,0.));
#2002=DIRECTION('',(-1.,-2.47817639425258E-16,0.));
#2003=DIRECTION('',(0.,1.,0.));
#2004=DIRECTION('',(-1.,-7.54227598250786E-17,0.));
#2005=DIRECTION('',(0.,1.,0.));
#2006=DIRECTION('',(1.,7.54227598250786E-17,0.));
#2007=DIRECTION('',(0.,1.,0.));
#2008=DIRECTION('',(-0.707106781186547,-0.707106781186548,0.));
#2009=DIRECTION('',(0.,0.,1.));
#2010=DIRECTION('',(1.,0.,0.));
#2011=DIRECTION('',(1.,7.54227598250786E-17,0.));
#2012=DIRECTION('',(-1.5770213417971E-16,-1.,0.));
#2013=DIRECTION('',(-1.,-7.54227598250786E-17,0.));
#2014=DIRECTION('',(-1.5770213417971E-16,-1.,0.));
#2015=DIRECTION('',(0.,0.,1.));
#2016=DIRECTION('',(1.,0.,0.));
#2017=DIRECTION('',(0.,1.,0.));
#2018=DIRECTION('',(-1.,-7.54227598250786E-17,0.));
#2019=DIRECTION('',(-1.18276600634782E-16,-1.,0.));
#2020=DIRECTION('',(1.,7.54227598250786E-17,0.));
#2021=DIRECTION('',(7.54227598250786E-17,-1.,0.));
#2022=DIRECTION('',(1.,7.54227598250786E-17,0.));
#2023=DIRECTION('',(0.,0.,-1.));
#2024=DIRECTION('',(7.54227598250786E-17,-1.,0.));
#2025=DIRECTION('',(1.,7.54227598250786E-17,0.));
#2026=DIRECTION('',(-1.,-1.10141173077892E-16,0.));
#2027=DIRECTION('',(-0.707106781186548,-5.33319449281174E-17,0.707106781186547));
#2028=DIRECTION('',(-1.,-7.54227598250786E-17,0.));
#2029=DIRECTION('',(0.707106781186548,5.33319449281174E-17,0.707106781186547));
#2030=DIRECTION('',(-1.,0.,0.));
#2031=DIRECTION('',(0.,0.,-1.));
#2032=DIRECTION('',(0.707106781186548,5.33319449281174E-17,-0.707106781186547));
#2033=DIRECTION('',(0.,0.,-1.));
#2034=DIRECTION('',(7.54227598250786E-17,-1.,0.));
#2035=DIRECTION('',(1.,7.54227598250786E-17,0.));
#2036=DIRECTION('',(-1.,-7.54227598250786E-17,0.));
#2037=DIRECTION('',(7.54227598250786E-17,-1.,0.));
#2038=DIRECTION('',(1.,7.54227598250786E-17,0.));
#2039=DIRECTION('',(0.,0.,-1.));
#2040=DIRECTION('',(-1.,-7.54227598250786E-17,0.));
#2041=DIRECTION('',(0.,0.,-1.));
#2042=DIRECTION('',(7.54227598250786E-17,-1.,0.));
#2043=DIRECTION('',(1.,7.54227598250786E-17,0.));
#2044=DIRECTION('',(-1.,-7.54227598250786E-17,0.));
#2045=DIRECTION('',(7.54227598250786E-17,-1.,0.));
#2046=DIRECTION('',(1.,7.54227598250786E-17,0.));
#2047=DIRECTION('',(0.,0.,-1.));
#2048=DIRECTION('',(-0.707106781186548,-5.33319449281174E-17,-0.707106781186547));
#2049=DIRECTION('',(0.,0.,-1.));
#2050=DIRECTION('',(7.54227598250786E-17,-1.,0.));
#2051=DIRECTION('',(1.,7.54227598250786E-17,0.));
#2052=DIRECTION('',(-1.,-7.54227598250786E-17,0.));
#2053=DIRECTION('',(7.54227598250786E-17,-1.,0.));
#2054=DIRECTION('',(1.,7.54227598250786E-17,0.));
#2055=DIRECTION('',(0.,0.,-1.));
#2056=DIRECTION('',(0.,0.,-1.));
#2057=DIRECTION('',(7.54227598250786E-17,-1.,0.));
#2058=DIRECTION('',(1.,7.54227598250786E-17,0.));
#2059=DIRECTION('',(-1.,-7.54227598250786E-17,0.));
#2060=DIRECTION('',(7.54227598250786E-17,-1.,0.));
#2061=DIRECTION('',(1.,7.54227598250786E-17,0.));
#2062=DIRECTION('',(0.,0.,-1.));
#2063=DIRECTION('',(0.,0.,-1.));
#2064=DIRECTION('',(7.54227598250786E-17,-1.,0.));
#2065=DIRECTION('',(1.,7.54227598250786E-17,0.));
#2066=DIRECTION('',(-1.,-7.54227598250786E-17,0.));
#2067=DIRECTION('',(7.54227598250786E-17,-1.,0.));
#2068=DIRECTION('',(1.,7.54227598250786E-17,0.));
#2069=DIRECTION('',(0.,0.,-1.));
#2070=DIRECTION('',(0.707106781186548,5.33319449281174E-17,-0.707106781186547));
#2071=DIRECTION('',(0.,0.,-1.));
#2072=DIRECTION('',(7.54227598250786E-17,-1.,0.));
#2073=DIRECTION('',(1.,7.54227598250786E-17,0.));
#2074=DIRECTION('',(-1.,-7.54227598250786E-17,0.));
#2075=DIRECTION('',(7.54227598250786E-17,-1.,0.));
#2076=DIRECTION('',(1.,7.54227598250786E-17,0.));
#2077=DIRECTION('',(0.,0.,-1.));
#2078=DIRECTION('',(-1.,-7.54227598250786E-17,0.));
#2079=DIRECTION('',(0.,0.,-1.));
#2080=DIRECTION('',(7.54227598250786E-17,-1.,0.));
#2081=DIRECTION('',(1.,7.54227598250786E-17,0.));
#2082=DIRECTION('',(-1.,-7.54227598250786E-17,0.));
#2083=DIRECTION('',(7.54227598250786E-17,-1.,0.));
#2084=DIRECTION('',(1.,7.54227598250786E-17,0.));
#2085=DIRECTION('',(0.,0.,-1.));
#2086=DIRECTION('',(-0.707106781186548,-5.33319449281174E-17,-0.707106781186547));
#2087=DIRECTION('',(7.54227598250786E-17,-1.,0.));
#2088=DIRECTION('',(1.,7.54227598250786E-17,0.));
#2089=DIRECTION('',(-7.54227598250786E-17,1.,0.));
#2090=DIRECTION('',(-1.,-7.54227598250786E-17,0.));
#2091=DIRECTION('',(0.,0.,-1.));
#2092=DIRECTION('',(-7.54227598250786E-17,1.,0.));
#2093=DIRECTION('',(-1.,-7.54227598250786E-17,0.));
#2094=DIRECTION('',(1.,1.10141173077892E-16,0.));
#2095=DIRECTION('',(-0.707106781186548,-5.33319449281174E-17,-0.707106781186547));
#2096=DIRECTION('',(1.,7.54227598250786E-17,0.));
#2097=DIRECTION('',(0.707106781186548,5.33319449281174E-17,-0.707106781186547));
#2098=DIRECTION('',(1.,0.,0.));
#2099=DIRECTION('',(0.,0.,-1.));
#2100=DIRECTION('',(0.707106781186548,5.33319449281174E-17,0.707106781186547));
#2101=DIRECTION('',(0.,0.,-1.));
#2102=DIRECTION('',(-7.54227598250786E-17,1.,0.));
#2103=DIRECTION('',(-1.,-7.54227598250786E-17,0.));
#2104=DIRECTION('',(1.,7.54227598250786E-17,0.));
#2105=DIRECTION('',(-7.54227598250786E-17,1.,0.));
#2106=DIRECTION('',(-1.,-7.54227598250786E-17,0.));
#2107=DIRECTION('',(0.,0.,-1.));
#2108=DIRECTION('',(1.,7.54227598250786E-17,0.));
#2109=DIRECTION('',(0.,0.,-1.));
#2110=DIRECTION('',(-7.54227598250786E-17,1.,0.));
#2111=DIRECTION('',(-1.,-7.54227598250786E-17,0.));
#2112=DIRECTION('',(1.,7.54227598250786E-17,0.));
#2113=DIRECTION('',(-7.54227598250786E-17,1.,0.));
#2114=DIRECTION('',(-1.,-7.54227598250786E-17,0.));
#2115=DIRECTION('',(0.,0.,-1.));
#2116=DIRECTION('',(-0.707106781186548,-5.33319449281174E-17,0.707106781186547));
#2117=DIRECTION('',(0.,0.,-1.));
#2118=DIRECTION('',(-7.54227598250786E-17,1.,0.));
#2119=DIRECTION('',(-1.,-7.54227598250786E-17,0.));
#2120=DIRECTION('',(1.,7.54227598250786E-17,0.));
#2121=DIRECTION('',(-7.54227598250786E-17,1.,0.));
#2122=DIRECTION('',(-1.,-7.54227598250786E-17,0.));
#2123=DIRECTION('',(0.,0.,-1.));
#2124=DIRECTION('',(0.,0.,-1.));
#2125=DIRECTION('',(-7.54227598250786E-17,1.,0.));
#2126=DIRECTION('',(-1.,-7.54227598250786E-17,0.));
#2127=DIRECTION('',(1.,7.54227598250786E-17,0.));
#2128=DIRECTION('',(-7.54227598250786E-17,1.,0.));
#2129=DIRECTION('',(-1.,-7.54227598250786E-17,0.));
#2130=DIRECTION('',(0.,0.,-1.));
#2131=DIRECTION('',(0.,0.,-1.));
#2132=DIRECTION('',(-7.54227598250786E-17,1.,0.));
#2133=DIRECTION('',(-1.,-7.54227598250786E-17,0.));
#2134=DIRECTION('',(1.,7.54227598250786E-17,0.));
#2135=DIRECTION('',(-7.54227598250786E-17,1.,0.));
#2136=DIRECTION('',(-1.,-7.54227598250786E-17,0.));
#2137=DIRECTION('',(0.,0.,-1.));
#2138=DIRECTION('',(0.707106781186548,5.33319449281174E-17,0.707106781186547));
#2139=DIRECTION('',(0.,0.,-1.));
#2140=DIRECTION('',(-7.54227598250786E-17,1.,0.));
#2141=DIRECTION('',(-1.,-7.54227598250786E-17,0.));
#2142=DIRECTION('',(1.,7.54227598250786E-17,0.));
#2143=DIRECTION('',(-7.54227598250786E-17,1.,0.));
#2144=DIRECTION('',(-1.,-7.54227598250786E-17,0.));
#2145=DIRECTION('',(0.,0.,-1.));
#2146=DIRECTION('',(1.,7.54227598250786E-17,0.));
#2147=DIRECTION('',(0.,0.,-1.));
#2148=DIRECTION('',(-7.54227598250786E-17,1.,0.));
#2149=DIRECTION('',(-1.,-7.54227598250786E-17,0.));
#2150=DIRECTION('',(1.,7.54227598250786E-17,0.));
#2151=DIRECTION('',(-7.54227598250786E-17,1.,0.));
#2152=DIRECTION('',(-1.,-7.54227598250786E-17,0.));
#2153=DIRECTION('',(0.,0.,-1.));
#2154=DIRECTION('',(-0.707106781186548,-5.33319449281174E-17,0.707106781186547));
#2155=DIRECTION('',(-7.54227598250786E-17,1.,0.));
#2156=DIRECTION('',(-1.,-7.54227598250786E-17,0.));
#2157=DIRECTION('',(0.,0.,1.));
#2158=DIRECTION('',(1.,0.,0.));
#2159=DIRECTION('',(0.,-1.,0.));
#2160=DIRECTION('',(0.,-1.,0.));
#2161=DIRECTION('',(-1.,0.,0.));
#2162=DIRECTION('',(0.,0.,1.));
#2163=DIRECTION('',(0.,1.,0.));
#2164=DIRECTION('',(0.,0.,1.));
#2165=DIRECTION('',(2.47817639425259E-16,-1.,0.));
#2166=DIRECTION('',(1.,2.47817639425259E-16,0.));
#2167=DIRECTION('',(-1.,-2.47817639425258E-16,0.));
#2168=DIRECTION('',(2.47817639425259E-16,-1.,0.));
#2169=DIRECTION('',(1.,2.47817639425259E-16,0.));
#2170=DIRECTION('',(0.,0.,-1.));
#2171=DIRECTION('',(2.47817639425259E-16,-1.,0.));
#2172=DIRECTION('',(1.,2.47817639425259E-16,0.));
#2173=DIRECTION('',(0.,0.,-1.));
#2174=DIRECTION('',(-1.,0.,0.));
#2175=DIRECTION('',(0.,0.,1.));
#2176=DIRECTION('',(0.,1.,0.));
#2177=DIRECTION('',(0.,1.,0.));
#2178=DIRECTION('',(0.,0.,1.));
#2179=DIRECTION('',(1.,0.,0.));
#2180=DIRECTION('',(0.,1.,0.));
#2181=DIRECTION('',(0.707106781186547,0.707106781186548,0.));
#2182=DIRECTION('',(0.,-1.,0.));
#2183=DIRECTION('',(1.,0.,0.));
#2184=DIRECTION('',(0.,0.,-1.));
#2185=DIRECTION('',(0.,-1.,0.));
#2186=DIRECTION('',(0.,0.,1.));
#2187=DIRECTION('',(0.,-1.,0.));
#2188=DIRECTION('',(0.,0.,-1.));
#2189=DIRECTION('',(-1.,0.,0.));
#2190=DIRECTION('',(0.,-1.,0.));
#2191=DIRECTION('',(0.,0.,-1.));
#2192=DIRECTION('',(0.,0.,-1.));
#2193=DIRECTION('',(0.,-1.,0.));
#2194=DIRECTION('',(0.,0.,-1.));
#2195=DIRECTION('',(0.,0.,-1.));
#2196=DIRECTION('',(1.,0.,0.));
#2197=DIRECTION('',(0.,0.,-1.));
#2198=DIRECTION('',(0.,-1.,0.));
#2199=DIRECTION('',(0.,-1.,0.));
#2200=DIRECTION('',(0.,0.,1.));
#2201=DIRECTION('',(1.,0.,0.));
#2202=DIRECTION('',(0.,-1.,0.));
#2203=DIRECTION('',(0.707106781186548,0.707106781186548,0.));
#2204=DIRECTION('',(0.,1.,0.));
#2205=DIRECTION('',(1.,1.18276600634782E-16,0.));
#2206=DIRECTION('',(-1.18276600634782E-16,1.,0.));
#2207=DIRECTION('',(1.18276600634782E-16,-1.,0.));
#2208=DIRECTION('',(1.,-1.18276600634782E-16,0.));
#2209=DIRECTION('',(1.18276600634782E-16,1.,0.));
#2210=DIRECTION('',(-1.18276600634782E-16,-1.,0.));
#2211=DIRECTION('',(0.,0.,1.));
#2212=DIRECTION('',(1.,0.,0.));
#2213=DIRECTION('',(-1.18276600634782E-16,-1.,0.));
#2214=DIRECTION('',(1.18276600634782E-16,-1.,0.));
#2215=DIRECTION('',(1.,-1.5770213417971E-16,0.));
#2216=DIRECTION('',(1.5770213417971E-16,1.,0.));
#2217=DIRECTION('',(-1.5770213417971E-16,-1.,0.));
#2218=DIRECTION('',(-1.,0.,0.));
#2219=DIRECTION('',(0.,0.,1.));
#2220=DIRECTION('',(0.,1.,0.));
#2221=DIRECTION('',(0.,0.,1.));
#2222=DIRECTION('',(1.,0.,0.));
#2223=DIRECTION('',(-1.5770213417971E-16,-1.,0.));
#2224=DIRECTION('',(0.,1.,0.));
#2225=DIRECTION('',(-1.,0.,0.));
#2226=DIRECTION('',(0.,0.,1.));
#2227=DIRECTION('',(0.,1.,0.));
#2228=DIRECTION('',(0.,1.,0.));
#2229=DIRECTION('',(1.,-1.5770213417971E-16,0.));
#2230=DIRECTION('',(1.5770213417971E-16,1.,0.));
#2231=DIRECTION('',(-1.5770213417971E-16,-1.,0.));
#2232=DIRECTION('',(1.5770213417971E-16,1.,0.));
#2233=DIRECTION('',(0.,0.,1.));
#2234=DIRECTION('',(1.,0.,0.));
#2235=DIRECTION('',(0.,1.,0.));
#2236=DIRECTION('',(-1.5770213417971E-16,-1.,0.));
#2237=DIRECTION('',(-1.,0.,0.));
#2238=DIRECTION('',(0.,0.,1.));
#2239=DIRECTION('',(0.,1.,0.));
#2240=DIRECTION('',(1.,1.5770213417971E-16,0.));
#2241=DIRECTION('',(-1.5770213417971E-16,1.,0.));
#2242=DIRECTION('',(1.5770213417971E-16,-1.,0.));
#2243=DIRECTION('',(0.,0.,1.));
#2244=DIRECTION('',(1.,0.,0.));
#2245=DIRECTION('',(0.,1.,0.));
#2246=DIRECTION('',(1.5770213417971E-16,-1.,0.));
#2247=DIRECTION('',(1.,1.5770213417971E-16,0.));
#2248=DIRECTION('',(-1.5770213417971E-16,1.,0.));
#2249=DIRECTION('',(1.5770213417971E-16,-1.,0.));
#2250=DIRECTION('',(1.5770213417971E-16,-1.,0.));
#2251=DIRECTION('',(-1.,0.,0.));
#2252=DIRECTION('',(0.,0.,1.));
#2253=DIRECTION('',(0.,1.,0.));
#2254=DIRECTION('',(0.,1.,0.));
#2255=DIRECTION('',(0.,0.,1.));
#2256=DIRECTION('',(1.,0.,0.));
#2257=DIRECTION('',(1.5770213417971E-16,-1.,0.));
#2258=DIRECTION('',(0.,1.,0.));
#2259=DIRECTION('',(1.,1.5770213417971E-16,0.));
#2260=DIRECTION('',(-1.5770213417971E-16,1.,0.));
#2261=DIRECTION('',(1.5770213417971E-16,-1.,0.));
#2262=DIRECTION('',(1.5770213417971E-16,-1.,0.));
#2263=DIRECTION('',(1.,0.,0.));
#2264=DIRECTION('',(0.,0.,-1.));
#2265=DIRECTION('',(0.,-1.,0.));
#2266=DIRECTION('',(0.,1.,0.));
#2267=DIRECTION('',(0.,0.,1.));
#2268=DIRECTION('',(1.,0.,0.));
#2269=DIRECTION('',(1.5770213417971E-16,-1.,0.));
#2270=DIRECTION('',(0.,-1.,0.));
#2271=DIRECTION('',(1.,0.,0.));
#2272=DIRECTION('',(0.,0.,-1.));
#2273=DIRECTION('',(0.,-1.,0.));
#2274=DIRECTION('',(0.,-1.,0.));
#2275=DIRECTION('',(1.,-1.5770213417971E-16,0.));
#2276=DIRECTION('',(1.5770213417971E-16,1.,0.));
#2277=DIRECTION('',(-1.5770213417971E-16,-1.,0.));
#2278=DIRECTION('',(-1.5770213417971E-16,-1.,0.));
#2279=DIRECTION('',(0.,0.,1.));
#2280=DIRECTION('',(1.,0.,0.));
#2281=DIRECTION('',(0.,-1.,0.));
#2282=DIRECTION('',(-1.5770213417971E-16,-1.,0.));
#2283=DIRECTION('',(0.,0.,1.));
#2284=DIRECTION('',(1.,0.,0.));
#2285=DIRECTION('',(0.,0.,1.));
#2286=DIRECTION('',(1.,0.,0.));
#2287=DIRECTION('',(0.,0.,1.));
#2288=DIRECTION('',(1.,0.,0.));
#2289=DIRECTION('',(0.,0.,1.));
#2290=DIRECTION('',(1.,0.,0.));
#2291=DIRECTION('',(0.,0.,1.));
#2292=DIRECTION('',(1.,0.,0.));
#2293=DIRECTION('',(1.,0.,0.));
#2294=DIRECTION('',(0.,0.,1.));
#2295=DIRECTION('',(1.,0.,0.));
#2296=DIRECTION('',(0.,0.,1.));
#2297=DIRECTION('',(1.,0.,0.));
#2298=DIRECTION('',(0.,0.,1.));
#2299=DIRECTION('',(1.,0.,0.));
#2300=DIRECTION('',(1.,0.,0.));
#2301=DIRECTION('',(0.707106781186547,-1.11512248486063E-16,0.707106781186548));
#2302=DIRECTION('',(1.5770213417971E-16,1.,0.));
#2303=DIRECTION('',(0.707106781186547,0.,-0.707106781186548));
#2304=DIRECTION('',(0.,-1.,0.));
#2305=DIRECTION('',(0.707106781186547,0.,0.707106781186548));
#2306=DIRECTION('',(0.,1.,0.));
#2307=DIRECTION('',(0.707106781186547,1.11512248486063E-16,-0.707106781186548));
#2308=DIRECTION('',(1.5770213417971E-16,-1.,0.));
#2309=DIRECTION('',(-0.707106781186547,0.,0.707106781186548));
#2310=DIRECTION('',(0.,-1.,0.));
#2311=DIRECTION('',(-0.707106781186547,0.,-0.707106781186548));
#2312=DIRECTION('',(0.,1.,0.));
#2313=DIRECTION('',(0.707106781186548,-0.707106781186548,0.));
#2314=DIRECTION('',(0.,0.,1.));
#2315=DIRECTION('',(0.707106781186548,-0.707106781186547,0.));
#2316=DIRECTION('',(0.,0.,-1.));
#2317=DIRECTION('',(0.,-1.,0.));
#2318=DIRECTION('',(0.,0.,-1.));
#2319=DIRECTION('',(0.,1.,0.));
#2320=DIRECTION('',(0.,0.,1.));
#2321=DIRECTION('',(0.,1.,0.));
#2322=DIRECTION('',(0.,0.,1.));
#2323=DIRECTION('',(0.,-1.,0.));
#2324=DIRECTION('',(0.,0.,-1.));
#2325=DIRECTION('',(0.,1.,0.));
#2326=DIRECTION('',(0.,0.,1.));
#2327=DIRECTION('',(-1.5770213417971E-16,-1.,0.));
#2328=DIRECTION('',(1.,-1.5770213417971E-16,0.));
#2329=DIRECTION('',(0.,1.,0.));
#2330=DIRECTION('',(0.,0.,1.));
#2331=DIRECTION('',(-1.5770213417971E-16,-1.,0.));
#2332=DIRECTION('',(1.,-1.5770213417971E-16,0.));
#2333=DIRECTION('',(1.5770213417971E-16,1.,0.));
#2334=DIRECTION('',(-1.,1.5770213417971E-16,0.));
#2335=DIRECTION('',(0.,-1.,0.));
#2336=DIRECTION('',(0.,0.,-1.));
#2337=DIRECTION('',(1.18276600634782E-16,1.,0.));
#2338=DIRECTION('',(-1.,1.18276600634782E-16,0.));
#2339=DIRECTION('',(1.18276600634782E-16,-1.,0.));
#2340=DIRECTION('',(1.,1.18276600634782E-16,0.));
#2341=DIRECTION('',(0.,1.,0.));
#2342=DIRECTION('',(0.,0.,1.));
#2343=DIRECTION('',(1.5770213417971E-16,-1.,0.));
#2344=DIRECTION('',(1.,1.5770213417971E-16,0.));
#2345=DIRECTION('',(-1.5770213417971E-16,1.,0.));
#2346=DIRECTION('',(-1.,-1.5770213417971E-16,0.));
#2347=DIRECTION('',(0.,-1.,0.));
#2348=DIRECTION('',(0.,0.,-1.));
#2349=DIRECTION('',(-1.5770213417971E-16,1.,0.));
#2350=DIRECTION('',(-1.,-1.5770213417971E-16,0.));
#2351=DIRECTION('',(0.,-1.,0.));
#2352=DIRECTION('',(0.,0.,-1.));
#2353=DIRECTION('',(0.,0.,1.));
#2354=DIRECTION('',(1.,0.,0.));
#2355=DIRECTION('',(0.,0.,1.));
#2356=DIRECTION('',(1.,0.,0.));
#2357=DIRECTION('',(0.,0.,1.));
#2358=DIRECTION('',(1.,0.,0.));
#2359=DIRECTION('',(1.,0.,0.));
#2360=DIRECTION('',(0.,0.,-1.));
#2361=DIRECTION('',(-1.,0.,0.));
#2362=DIRECTION('',(0.,0.,1.));
#2363=DIRECTION('',(1.,0.,0.));
#2364=DIRECTION('',(0.,0.,1.));
#2365=DIRECTION('',(1.,0.,0.));
#2366=DIRECTION('',(0.,0.,1.));
#2367=DIRECTION('',(1.,0.,0.));
#2368=DIRECTION('',(0.,0.,1.));
#2369=DIRECTION('',(1.,0.,0.));
#2370=DIRECTION('',(0.,0.,1.));
#2371=DIRECTION('',(1.,0.,0.));
#2372=DIRECTION('',(0.,0.,1.));
#2373=DIRECTION('',(1.,0.,0.));
#2374=DIRECTION('',(0.,0.,1.));
#2375=DIRECTION('',(1.,0.,0.));
#2376=DIRECTION('',(0.,0.,1.));
#2377=DIRECTION('',(1.,0.,0.));
#2378=DIRECTION('',(0.,0.,1.));
#2379=DIRECTION('',(1.,0.,0.));
#2380=DIRECTION('',(0.,0.,1.));
#2381=DIRECTION('',(1.,0.,0.));
#2382=DIRECTION('',(0.,0.,1.));
#2383=DIRECTION('',(1.,0.,0.));
#2384=DIRECTION('',(0.,-1.,0.));
#2385=DIRECTION('',(1.,0.,0.));
#2386=DIRECTION('',(0.,-1.,0.));
#2387=DIRECTION('',(0.,0.,-1.));
#2388=DIRECTION('',(0.,-1.,0.));
#2389=DIRECTION('',(0.,0.,-1.));
#2390=DIRECTION('',(0.,-1.,0.));
#2391=DIRECTION('',(1.,0.,0.));
#2392=DIRECTION('',(0.,-1.,0.));
#2393=DIRECTION('',(1.,0.,0.));
#2394=DIRECTION('',(-1.,0.,0.));
#2395=DIRECTION('',(0.,-1.,0.));
#2396=DIRECTION('',(0.,0.,-1.));
#2397=DIRECTION('',(0.,-1.,0.));
#2398=DIRECTION('',(0.,0.,-1.));
#2399=DIRECTION('',(0.,-1.,0.));
#2400=DIRECTION('',(1.,0.,0.));
#2401=DIRECTION('',(0.,0.,1.));
#2402=DIRECTION('',(1.,0.,0.));
#2403=DIRECTION('',(0.,0.,1.));
#2404=DIRECTION('',(1.,0.,0.));
#2405=DIRECTION('',(0.,0.,1.));
#2406=DIRECTION('',(1.,0.,0.));
#2407=DIRECTION('',(0.,0.,-1.));
#2408=DIRECTION('',(-1.,0.,0.));
#2409=DIRECTION('',(0.,0.,1.));
#2410=DIRECTION('',(1.,0.,0.));
#2411=DIRECTION('',(0.,0.,1.));
#2412=DIRECTION('',(1.,0.,0.));
#2413=DIRECTION('',(0.,0.,1.));
#2414=DIRECTION('',(1.,0.,0.));
#2415=DIRECTION('',(0.,0.,1.));
#2416=DIRECTION('',(1.,0.,0.));
#2417=DIRECTION('',(0.,0.,1.));
#2418=DIRECTION('',(1.,0.,0.));
#2419=DIRECTION('',(0.,0.,1.));
#2420=DIRECTION('',(1.,0.,0.));
#2421=DIRECTION('',(0.,0.,1.));
#2422=DIRECTION('',(1.,0.,0.));
#2423=DIRECTION('',(0.,0.,1.));
#2424=DIRECTION('',(1.,0.,0.));
#2425=DIRECTION('',(0.,0.,1.));
#2426=DIRECTION('',(1.,0.,0.));
#2427=DIRECTION('',(0.,0.,1.));
#2428=DIRECTION('',(1.,0.,0.));
#2429=DIRECTION('',(0.,0.,1.));
#2430=DIRECTION('',(1.,0.,0.));
#2431=CARTESIAN_POINT('',(0.,0.,0.));
#2432=CARTESIAN_POINT('',(-0.02225,-0.006,0.003));
#2433=CARTESIAN_POINT('',(-0.02225,-0.006,0.001));
#2434=CARTESIAN_POINT('',(-0.02075,-0.006,0.001));
#2435=CARTESIAN_POINT('',(-0.02225,-0.006,0.002));
#2436=CARTESIAN_POINT('',(-0.02075,-0.006,0.002));
#2437=CARTESIAN_POINT('',(0.02225,0.006,0.003));
#2438=CARTESIAN_POINT('',(0.02225,0.006,0.001));
#2439=CARTESIAN_POINT('',(0.02375,0.006,0.001));
#2440=CARTESIAN_POINT('',(0.02225,0.006,0.002));
#2441=CARTESIAN_POINT('',(0.02375,0.006,0.002));
#2442=CARTESIAN_POINT('',(0.,0.,0.003));
#2443=CARTESIAN_POINT('',(0.02225,0.006,0.003));
#2444=CARTESIAN_POINT('',(0.02475,0.006,0.003));
#2445=CARTESIAN_POINT('',(0.02375,0.001,0.003));
#2446=CARTESIAN_POINT('',(0.02675,0.001,0.003));
#2447=CARTESIAN_POINT('',(0.02245,0.001,0.003));
#2448=CARTESIAN_POINT('',(0.02675,0.,0.003));
#2449=CARTESIAN_POINT('',(0.02675,0.011,0.003));
#2450=CARTESIAN_POINT('',(0.,0.011,0.003));
#2451=CARTESIAN_POINT('',(0.017,0.011,0.003));
#2452=CARTESIAN_POINT('',(0.017,-0.011,0.003));
#2453=CARTESIAN_POINT('',(0.017,-0.011,0.003));
#2454=CARTESIAN_POINT('',(0.,-0.011,0.003));
#2455=CARTESIAN_POINT('',(0.02025,-0.011,0.003));
#2456=CARTESIAN_POINT('',(0.02025,-0.005,0.003));
#2457=CARTESIAN_POINT('',(0.02025,-0.0012,0.003));
#2458=CARTESIAN_POINT('',(0.02245,0.001,0.003));
#2459=CARTESIAN_POINT('',(0.,0.,0.003));
#2460=CARTESIAN_POINT('',(0.,-0.011,0.003));
#2461=CARTESIAN_POINT('',(0.004,-0.011,0.003));
#2462=CARTESIAN_POINT('',(0.001,-0.011,0.003));
#2463=CARTESIAN_POINT('',(0.004,0.,0.003));
#2464=CARTESIAN_POINT('',(0.004,0.011,0.003));
#2465=CARTESIAN_POINT('',(0.,0.011,0.003));
#2466=CARTESIAN_POINT('',(0.001,0.011,0.003));
#2467=CARTESIAN_POINT('',(0.001,0.,0.003));
#2468=CARTESIAN_POINT('',(0.,0.,0.003));
#2469=CARTESIAN_POINT('',(0.,-0.011,0.003));
#2470=CARTESIAN_POINT('',(0.008,-0.011,0.003));
#2471=CARTESIAN_POINT('',(0.006,-0.011,0.003));
#2472=CARTESIAN_POINT('',(0.008,1.26161707343768E-18,0.003));
#2473=CARTESIAN_POINT('',(0.008,0.011,0.003));
#2474=CARTESIAN_POINT('',(0.,0.011,0.003));
#2475=CARTESIAN_POINT('',(0.006,0.011,0.003));
#2476=CARTESIAN_POINT('',(0.006,0.,0.003));
#2477=CARTESIAN_POINT('',(0.,0.,0.003));
#2478=CARTESIAN_POINT('',(-0.02225,-0.006,0.003));
#2479=CARTESIAN_POINT('',(-0.01975,-0.006,0.003));
#2480=CARTESIAN_POINT('',(-0.02375,-0.001,0.003));
#2481=CARTESIAN_POINT('',(-0.02245,-0.001,0.003));
#2482=CARTESIAN_POINT('',(-0.02675,-0.001,0.003));
#2483=CARTESIAN_POINT('',(-0.02675,0.,0.003));
#2484=CARTESIAN_POINT('',(-0.02675,-0.011,0.003));
#2485=CARTESIAN_POINT('',(0.,-0.011,0.003));
#2486=CARTESIAN_POINT('',(-0.017,-0.011,0.003));
#2487=CARTESIAN_POINT('',(-0.017,0.,0.003));
#2488=CARTESIAN_POINT('',(-0.017,0.011,0.003));
#2489=CARTESIAN_POINT('',(0.,0.011,0.003));
#2490=CARTESIAN_POINT('',(-0.02025,0.011,0.003));
#2491=CARTESIAN_POINT('',(-0.02025,0.005,0.003));
#2492=CARTESIAN_POINT('',(-0.02025,0.0012,0.003));
#2493=CARTESIAN_POINT('',(-0.02245,-0.001,0.003));
#2494=CARTESIAN_POINT('',(0.,0.,0.003));
#2495=CARTESIAN_POINT('',(0.,0.011,0.003));
#2496=CARTESIAN_POINT('',(-0.008,0.011,0.003));
#2497=CARTESIAN_POINT('',(-0.006,0.011,0.003));
#2498=CARTESIAN_POINT('',(-0.008,-0.011,0.003));
#2499=CARTESIAN_POINT('',(-0.008,-0.011,0.003));
#2500=CARTESIAN_POINT('',(0.,-0.011,0.003));
#2501=CARTESIAN_POINT('',(-0.006,-0.011,0.003));
#2502=CARTESIAN_POINT('',(-0.006,0.,0.003));
#2503=CARTESIAN_POINT('',(0.,0.,0.003));
#2504=CARTESIAN_POINT('',(-0.004,0.,0.003));
#2505=CARTESIAN_POINT('',(-0.004,-0.011,0.003));
#2506=CARTESIAN_POINT('',(-0.004,0.011,0.003));
#2507=CARTESIAN_POINT('',(0.,-0.011,0.003));
#2508=CARTESIAN_POINT('',(-0.001,-0.011,0.003));
#2509=CARTESIAN_POINT('',(-0.001,0.,0.003));
#2510=CARTESIAN_POINT('',(-0.001,0.011,0.003));
#2511=CARTESIAN_POINT('',(0.,0.011,0.003));
#2512=CARTESIAN_POINT('',(0.,-0.011,0.003));
#2513=CARTESIAN_POINT('',(-0.02725,-0.011,0.003));
#2514=CARTESIAN_POINT('',(-0.02725,-0.011,0.0025));
#2515=CARTESIAN_POINT('',(-0.02725,-0.011,0.0015));
#2516=CARTESIAN_POINT('',(-0.02675,-0.011,0.0015));
#2517=CARTESIAN_POINT('',(-0.02675,-0.011,0.001));
#2518=CARTESIAN_POINT('',(-0.019375,-0.011,0.001));
#2519=CARTESIAN_POINT('',(-0.0125,-0.011,0.001));
#2520=CARTESIAN_POINT('',(-0.0125,-0.011,0.001));
#2521=CARTESIAN_POINT('',(-0.0115,-0.011,0.));
#2522=CARTESIAN_POINT('',(0.,-0.011,0.));
#2523=CARTESIAN_POINT('',(0.0115,-0.011,0.));
#2524=CARTESIAN_POINT('',(0.0115,-0.011,4.14825179037932E-19));
#2525=CARTESIAN_POINT('',(0.0125,-0.011,0.001));
#2526=CARTESIAN_POINT('',(0.015875,-0.011,0.001));
#2527=CARTESIAN_POINT('',(0.02025,-0.011,0.001));
#2528=CARTESIAN_POINT('',(0.02025,-0.011,0.003));
#2529=CARTESIAN_POINT('',(0.017,-0.011,0.003));
#2530=CARTESIAN_POINT('',(0.016,-0.011,0.004));
#2531=CARTESIAN_POINT('',(0.016,-0.011,0.016));
#2532=CARTESIAN_POINT('',(0.016,-0.011,0.0155));
#2533=CARTESIAN_POINT('',(0.0155,-0.011,0.0155));
#2534=CARTESIAN_POINT('',(0.0155,-0.011,0.016));
#2535=CARTESIAN_POINT('',(0.,-0.011,0.016));
#2536=CARTESIAN_POINT('',(0.0145,-0.011,0.016));
#2537=CARTESIAN_POINT('',(0.0145,-0.011,0.0155));
#2538=CARTESIAN_POINT('',(0.014,-0.011,0.0155));
#2539=CARTESIAN_POINT('',(0.014,-0.011,0.016));
#2540=CARTESIAN_POINT('',(0.014,-0.011,0.004));
#2541=CARTESIAN_POINT('',(0.,-0.011,0.004));
#2542=CARTESIAN_POINT('',(0.011,-0.011,0.004));
#2543=CARTESIAN_POINT('',(0.011,-0.011,0.016));
#2544=CARTESIAN_POINT('',(0.011,-0.011,0.0155));
#2545=CARTESIAN_POINT('',(0.0105,-0.011,0.0155));
#2546=CARTESIAN_POINT('',(0.0105,-0.011,0.016));
#2547=CARTESIAN_POINT('',(0.,-0.011,0.016));
#2548=CARTESIAN_POINT('',(0.0095,-0.011,0.016));
#2549=CARTESIAN_POINT('',(0.0095,-0.011,0.0155));
#2550=CARTESIAN_POINT('',(0.009,-0.011,0.0155));
#2551=CARTESIAN_POINT('',(0.009,-0.011,0.016));
#2552=CARTESIAN_POINT('',(0.009,-0.011,0.004));
#2553=CARTESIAN_POINT('',(0.009,-0.011,0.004));
#2554=CARTESIAN_POINT('',(0.006,-0.011,0.016));
#2555=CARTESIAN_POINT('',(0.006,-0.011,0.0155));
#2556=CARTESIAN_POINT('',(0.0055,-0.011,0.0155));
#2557=CARTESIAN_POINT('',(0.0055,-0.011,0.016));
#2558=CARTESIAN_POINT('',(0.,-0.011,0.016));
#2559=CARTESIAN_POINT('',(0.0045,-0.011,0.016));
#2560=CARTESIAN_POINT('',(0.0045,-0.011,0.0155));
#2561=CARTESIAN_POINT('',(0.004,-0.011,0.0155));
#2562=CARTESIAN_POINT('',(0.004,-0.011,0.016));
#2563=CARTESIAN_POINT('',(0.001,-0.011,0.016));
#2564=CARTESIAN_POINT('',(0.001,-0.011,0.0155));
#2565=CARTESIAN_POINT('',(0.0005,-0.011,0.0155));
#2566=CARTESIAN_POINT('',(0.0005,-0.011,0.016));
#2567=CARTESIAN_POINT('',(0.,-0.011,0.016));
#2568=CARTESIAN_POINT('',(-0.0005,-0.011,0.016));
#2569=CARTESIAN_POINT('',(-0.0005,-0.011,0.0155));
#2570=CARTESIAN_POINT('',(-0.001,-0.011,0.0155));
#2571=CARTESIAN_POINT('',(-0.001,-0.011,0.016));
#2572=CARTESIAN_POINT('',(-0.004,-0.011,0.016));
#2573=CARTESIAN_POINT('',(-0.004,-0.011,0.0155));
#2574=CARTESIAN_POINT('',(-0.0045,-0.011,0.0155));
#2575=CARTESIAN_POINT('',(-0.0045,-0.011,0.016));
#2576=CARTESIAN_POINT('',(0.,-0.011,0.016));
#2577=CARTESIAN_POINT('',(-0.0055,-0.011,0.016));
#2578=CARTESIAN_POINT('',(-0.0055,-0.011,0.0155));
#2579=CARTESIAN_POINT('',(-0.006,-0.011,0.0155));
#2580=CARTESIAN_POINT('',(-0.006,-0.011,0.016));
#2581=CARTESIAN_POINT('',(-0.008,-0.011,0.003));
#2582=CARTESIAN_POINT('',(-0.009,-0.011,0.004));
#2583=CARTESIAN_POINT('',(-0.009,-0.011,0.016));
#2584=CARTESIAN_POINT('',(-0.009,-0.011,0.0155));
#2585=CARTESIAN_POINT('',(-0.0095,-0.011,0.0155));
#2586=CARTESIAN_POINT('',(-0.0095,-0.011,0.016));
#2587=CARTESIAN_POINT('',(0.,-0.011,0.016));
#2588=CARTESIAN_POINT('',(-0.0105,-0.011,0.016));
#2589=CARTESIAN_POINT('',(-0.0105,-0.011,0.0155));
#2590=CARTESIAN_POINT('',(-0.011,-0.011,0.0155));
#2591=CARTESIAN_POINT('',(-0.011,-0.011,0.016));
#2592=CARTESIAN_POINT('',(-0.011,-0.011,0.004));
#2593=CARTESIAN_POINT('',(0.,-0.011,0.004));
#2594=CARTESIAN_POINT('',(-0.014,-0.011,0.004));
#2595=CARTESIAN_POINT('',(-0.014,-0.011,0.016));
#2596=CARTESIAN_POINT('',(-0.014,-0.011,0.0155));
#2597=CARTESIAN_POINT('',(-0.0145,-0.011,0.0155));
#2598=CARTESIAN_POINT('',(-0.0145,-0.011,0.016));
#2599=CARTESIAN_POINT('',(0.,-0.011,0.016));
#2600=CARTESIAN_POINT('',(-0.0155,-0.011,0.016));
#2601=CARTESIAN_POINT('',(-0.0155,-0.011,0.0155));
#2602=CARTESIAN_POINT('',(-0.016,-0.011,0.0155));
#2603=CARTESIAN_POINT('',(-0.016,-0.011,0.016));
#2604=CARTESIAN_POINT('',(-0.016,-0.011,0.004));
#2605=CARTESIAN_POINT('',(-0.016,-0.011,0.004));
#2606=CARTESIAN_POINT('',(-0.02675,-0.011,0.0025));
#2607=CARTESIAN_POINT('',(0.,0.011,0.003));
#2608=CARTESIAN_POINT('',(0.02725,0.011,0.003));
#2609=CARTESIAN_POINT('',(0.02725,0.011,0.0025));
#2610=CARTESIAN_POINT('',(0.02725,0.011,0.0015));
#2611=CARTESIAN_POINT('',(0.02675,0.011,0.0015));
#2612=CARTESIAN_POINT('',(0.02675,0.011,0.001));
#2613=CARTESIAN_POINT('',(0.019375,0.011,0.001));
#2614=CARTESIAN_POINT('',(0.0125,0.011,0.001));
#2615=CARTESIAN_POINT('',(0.0115,0.011,-4.14825179037932E-19));
#2616=CARTESIAN_POINT('',(0.0115,0.011,0.));
#2617=CARTESIAN_POINT('',(0.,0.011,0.));
#2618=CARTESIAN_POINT('',(-0.0115,0.011,0.));
#2619=CARTESIAN_POINT('',(-0.0125,0.011,0.001));
#2620=CARTESIAN_POINT('',(-0.0125,0.011,0.001));
#2621=CARTESIAN_POINT('',(-0.015875,0.011,0.001));
#2622=CARTESIAN_POINT('',(-0.02025,0.011,0.001));
#2623=CARTESIAN_POINT('',(-0.02025,0.011,0.003));
#2624=CARTESIAN_POINT('',(-0.016,0.011,0.004));
#2625=CARTESIAN_POINT('',(-0.016,0.011,0.004));
#2626=CARTESIAN_POINT('',(-0.016,0.011,0.016));
#2627=CARTESIAN_POINT('',(-0.016,0.011,0.0155));
#2628=CARTESIAN_POINT('',(-0.0155,0.011,0.0155));
#2629=CARTESIAN_POINT('',(-0.0155,0.011,0.016));
#2630=CARTESIAN_POINT('',(0.,0.011,0.016));
#2631=CARTESIAN_POINT('',(-0.0145,0.011,0.016));
#2632=CARTESIAN_POINT('',(-0.0145,0.011,0.0155));
#2633=CARTESIAN_POINT('',(-0.014,0.011,0.0155));
#2634=CARTESIAN_POINT('',(-0.014,0.011,0.016));
#2635=CARTESIAN_POINT('',(-0.014,0.011,0.004));
#2636=CARTESIAN_POINT('',(0.,0.011,0.004));
#2637=CARTESIAN_POINT('',(-0.011,0.011,0.004));
#2638=CARTESIAN_POINT('',(-0.011,0.011,0.016));
#2639=CARTESIAN_POINT('',(-0.011,0.011,0.0155));
#2640=CARTESIAN_POINT('',(-0.0105,0.011,0.0155));
#2641=CARTESIAN_POINT('',(-0.0105,0.011,0.016));
#2642=CARTESIAN_POINT('',(0.,0.011,0.016));
#2643=CARTESIAN_POINT('',(-0.0095,0.011,0.016));
#2644=CARTESIAN_POINT('',(-0.0095,0.011,0.0155));
#2645=CARTESIAN_POINT('',(-0.009,0.011,0.0155));
#2646=CARTESIAN_POINT('',(-0.009,0.011,0.016));
#2647=CARTESIAN_POINT('',(-0.009,0.011,0.004));
#2648=CARTESIAN_POINT('',(-0.008,0.011,0.003));
#2649=CARTESIAN_POINT('',(-0.006,0.011,0.016));
#2650=CARTESIAN_POINT('',(-0.006,0.011,0.0155));
#2651=CARTESIAN_POINT('',(-0.0055,0.011,0.0155));
#2652=CARTESIAN_POINT('',(-0.0055,0.011,0.016));
#2653=CARTESIAN_POINT('',(0.,0.011,0.016));
#2654=CARTESIAN_POINT('',(-0.0045,0.011,0.016));
#2655=CARTESIAN_POINT('',(-0.0045,0.011,0.0155));
#2656=CARTESIAN_POINT('',(-0.004,0.011,0.0155));
#2657=CARTESIAN_POINT('',(-0.004,0.011,0.016));
#2658=CARTESIAN_POINT('',(-0.001,0.011,0.016));
#2659=CARTESIAN_POINT('',(-0.001,0.011,0.0155));
#2660=CARTESIAN_POINT('',(-0.0005,0.011,0.0155));
#2661=CARTESIAN_POINT('',(-0.0005,0.011,0.016));
#2662=CARTESIAN_POINT('',(0.,0.011,0.016));
#2663=CARTESIAN_POINT('',(0.0005,0.011,0.016));
#2664=CARTESIAN_POINT('',(0.0005,0.011,0.0155));
#2665=CARTESIAN_POINT('',(0.001,0.011,0.0155));
#2666=CARTESIAN_POINT('',(0.001,0.011,0.016));
#2667=CARTESIAN_POINT('',(0.004,0.011,0.016));
#2668=CARTESIAN_POINT('',(0.004,0.011,0.0155));
#2669=CARTESIAN_POINT('',(0.0045,0.011,0.0155));
#2670=CARTESIAN_POINT('',(0.0045,0.011,0.016));
#2671=CARTESIAN_POINT('',(0.,0.011,0.016));
#2672=CARTESIAN_POINT('',(0.0055,0.011,0.016));
#2673=CARTESIAN_POINT('',(0.0055,0.011,0.0155));
#2674=CARTESIAN_POINT('',(0.006,0.011,0.0155));
#2675=CARTESIAN_POINT('',(0.006,0.011,0.016));
#2676=CARTESIAN_POINT('',(0.009,0.011,0.004));
#2677=CARTESIAN_POINT('',(0.009,0.011,0.004));
#2678=CARTESIAN_POINT('',(0.009,0.011,0.016));
#2679=CARTESIAN_POINT('',(0.009,0.011,0.0155));
#2680=CARTESIAN_POINT('',(0.0095,0.011,0.0155));
#2681=CARTESIAN_POINT('',(0.0095,0.011,0.016));
#2682=CARTESIAN_POINT('',(0.,0.011,0.016));
#2683=CARTESIAN_POINT('',(0.0105,0.011,0.016));
#2684=CARTESIAN_POINT('',(0.0105,0.011,0.0155));
#2685=CARTESIAN_POINT('',(0.011,0.011,0.0155));
#2686=CARTESIAN_POINT('',(0.011,0.011,0.016));
#2687=CARTESIAN_POINT('',(0.011,0.011,0.004));
#2688=CARTESIAN_POINT('',(0.,0.011,0.004));
#2689=CARTESIAN_POINT('',(0.014,0.011,0.004));
#2690=CARTESIAN_POINT('',(0.014,0.011,0.016));
#2691=CARTESIAN_POINT('',(0.014,0.011,0.0155));
#2692=CARTESIAN_POINT('',(0.0145,0.011,0.0155));
#2693=CARTESIAN_POINT('',(0.0145,0.011,0.016));
#2694=CARTESIAN_POINT('',(0.,0.011,0.016));
#2695=CARTESIAN_POINT('',(0.0155,0.011,0.016));
#2696=CARTESIAN_POINT('',(0.0155,0.011,0.0155));
#2697=CARTESIAN_POINT('',(0.016,0.011,0.0155));
#2698=CARTESIAN_POINT('',(0.016,0.011,0.016));
#2699=CARTESIAN_POINT('',(0.016,0.011,0.004));
#2700=CARTESIAN_POINT('',(0.017,0.011,0.003));
#2701=CARTESIAN_POINT('',(0.02675,0.011,0.0025));
#2702=CARTESIAN_POINT('',(0.,0.,0.));
#2703=CARTESIAN_POINT('',(-0.0115,0.,0.));
#2704=CARTESIAN_POINT('',(0.0115,0.,0.));
#2705=CARTESIAN_POINT('',(-0.02025,0.005,0.003));
#2706=CARTESIAN_POINT('',(-0.02025,0.005,0.001));
#2707=CARTESIAN_POINT('',(-0.02025,0.0012,0.001));
#2708=CARTESIAN_POINT('',(-0.02025,0.0012,0.003));
#2709=CARTESIAN_POINT('',(-0.02375,-0.001,0.003));
#2710=CARTESIAN_POINT('',(-0.02375,-0.001,0.001));
#2711=CARTESIAN_POINT('',(-0.02245,-0.001,0.001));
#2712=CARTESIAN_POINT('',(-0.02675,-0.001,0.001));
#2713=CARTESIAN_POINT('',(-0.02675,-0.001,0.0015));
#2714=CARTESIAN_POINT('',(-0.02725,-0.001,0.0015));
#2715=CARTESIAN_POINT('',(-0.02725,-0.001,0.003));
#2716=CARTESIAN_POINT('',(-0.02725,-0.001,0.0025));
#2717=CARTESIAN_POINT('',(-0.02675,-0.001,0.0025));
#2718=CARTESIAN_POINT('',(-0.02245,-0.001,0.003));
#2719=CARTESIAN_POINT('',(-0.02725,-0.006,0.003));
#2720=CARTESIAN_POINT('',(-0.02725,-0.011,0.0015));
#2721=CARTESIAN_POINT('',(-0.02725,-0.006,0.0025));
#2722=CARTESIAN_POINT('',(0.,0.,0.001));
#2723=CARTESIAN_POINT('',(-0.02675,-0.001,0.001));
#2724=CARTESIAN_POINT('',(-0.010725,0.010725,0.001));
#2725=CARTESIAN_POINT('',(-0.0125,-0.011,0.001));
#2726=CARTESIAN_POINT('',(0.02025,-0.005,0.003));
#2727=CARTESIAN_POINT('',(0.02025,-0.005,0.001));
#2728=CARTESIAN_POINT('',(0.02025,-0.0012,0.001));
#2729=CARTESIAN_POINT('',(0.02025,-0.0012,0.003));
#2730=CARTESIAN_POINT('',(0.02375,0.001,0.003));
#2731=CARTESIAN_POINT('',(0.02375,0.001,0.001));
#2732=CARTESIAN_POINT('',(0.02675,0.001,0.001));
#2733=CARTESIAN_POINT('',(0.02245,0.001,0.001));
#2734=CARTESIAN_POINT('',(0.02675,0.001,0.0015));
#2735=CARTESIAN_POINT('',(0.02725,0.001,0.0015));
#2736=CARTESIAN_POINT('',(0.02725,0.001,0.003));
#2737=CARTESIAN_POINT('',(0.02725,0.001,0.0025));
#2738=CARTESIAN_POINT('',(0.02675,0.001,0.0025));
#2739=CARTESIAN_POINT('',(0.02245,0.001,0.001));
#2740=CARTESIAN_POINT('',(0.02725,0.006,0.003));
#2741=CARTESIAN_POINT('',(0.02725,0.011,0.0015));
#2742=CARTESIAN_POINT('',(0.02725,0.006,0.0025));
#2743=CARTESIAN_POINT('',(0.,0.,0.001));
#2744=CARTESIAN_POINT('',(0.02675,0.001,0.001));
#2745=CARTESIAN_POINT('',(0.010725,-0.010725,0.001));
#2746=CARTESIAN_POINT('',(0.0125,0.,0.001));
#2747=CARTESIAN_POINT('',(0.001,0.,0.016));
#2748=CARTESIAN_POINT('',(0.001,0.,0.0155));
#2749=CARTESIAN_POINT('',(-0.001,0.,0.016));
#2750=CARTESIAN_POINT('',(-0.001,0.011,0.0155));
#2751=CARTESIAN_POINT('',(0.,-3.46944695195361E-18,0.016));
#2752=CARTESIAN_POINT('',(-0.0005,-0.011,0.016));
#2753=CARTESIAN_POINT('',(0.0005,-3.41030865163622E-18,0.016));
#2754=CARTESIAN_POINT('',(-0.006,0.,0.016));
#2755=CARTESIAN_POINT('',(-0.006,0.011,0.0155));
#2756=CARTESIAN_POINT('',(-0.004,0.,0.016));
#2757=CARTESIAN_POINT('',(-0.004,-0.011,0.0155));
#2758=CARTESIAN_POINT('',(0.,-3.46944695195361E-18,0.016));
#2759=CARTESIAN_POINT('',(-0.0055,-0.011,0.016));
#2760=CARTESIAN_POINT('',(-0.0045,0.011,0.016));
#2761=CARTESIAN_POINT('',(-0.011,0.,0.016));
#2762=CARTESIAN_POINT('',(-0.011,0.,0.0155));
#2763=CARTESIAN_POINT('',(-0.011,0.,0.004));
#2764=CARTESIAN_POINT('',(-0.009,0.,0.016));
#2765=CARTESIAN_POINT('',(-0.009,0.,0.0155));
#2766=CARTESIAN_POINT('',(-0.009,0.011,0.004));
#2767=CARTESIAN_POINT('',(0.,-3.46944695195361E-18,0.016));
#2768=CARTESIAN_POINT('',(-0.0105,-3.46944695195361E-18,0.016));
#2769=CARTESIAN_POINT('',(-0.0095,-1.97127667724637E-18,0.016));
#2770=CARTESIAN_POINT('',(0.004,0.,0.016));
#2771=CARTESIAN_POINT('',(0.004,0.,0.0155));
#2772=CARTESIAN_POINT('',(0.006,0.,0.016));
#2773=CARTESIAN_POINT('',(0.006,0.,0.0155));
#2774=CARTESIAN_POINT('',(0.,-3.46944695195361E-18,0.016));
#2775=CARTESIAN_POINT('',(0.0045,-3.46944695195361E-18,0.016));
#2776=CARTESIAN_POINT('',(0.0055,-2.60208521396521E-18,0.016));
#2777=CARTESIAN_POINT('',(0.009,0.,0.016));
#2778=CARTESIAN_POINT('',(0.009,0.011,0.0155));
#2779=CARTESIAN_POINT('',(0.009,0.,0.004));
#2780=CARTESIAN_POINT('',(0.011,0.,0.016));
#2781=CARTESIAN_POINT('',(0.011,-0.011,0.0155));
#2782=CARTESIAN_POINT('',(0.011,0.,0.004));
#2783=CARTESIAN_POINT('',(0.,-3.46944695195361E-18,0.016));
#2784=CARTESIAN_POINT('',(0.0095,-0.011,0.016));
#2785=CARTESIAN_POINT('',(0.0105,0.011,0.016));
#2786=CARTESIAN_POINT('',(0.014,1.7347234759768E-18,0.016));
#2787=CARTESIAN_POINT('',(0.014,0.011,0.0155));
#2788=CARTESIAN_POINT('',(0.014,1.7347234759768E-18,0.004));
#2789=CARTESIAN_POINT('',(0.016,1.7347234759768E-18,0.016));
#2790=CARTESIAN_POINT('',(0.016,1.7347234759768E-18,0.0155));
#2791=CARTESIAN_POINT('',(0.016,0.011,0.004));
#2792=CARTESIAN_POINT('',(0.,-3.46944695195361E-18,0.016));
#2793=CARTESIAN_POINT('',(0.0145,-0.011,0.016));
#2794=CARTESIAN_POINT('',(0.0155,-3.46944695195361E-18,0.016));
#2795=CARTESIAN_POINT('',(-0.016,1.7347234759768E-18,0.016));
#2796=CARTESIAN_POINT('',(-0.016,0.011,0.0155));
#2797=CARTESIAN_POINT('',(-0.016,1.7347234759768E-18,0.004));
#2798=CARTESIAN_POINT('',(-0.014,1.7347234759768E-18,0.016));
#2799=CARTESIAN_POINT('',(-0.014,1.7347234759768E-18,0.0155));
#2800=CARTESIAN_POINT('',(-0.014,1.7347234759768E-18,0.004));
#2801=CARTESIAN_POINT('',(0.,-3.46944695195361E-18,0.016));
#2802=CARTESIAN_POINT('',(-0.0155,-0.011,0.016));
#2803=CARTESIAN_POINT('',(-0.0145,-1.18276600634782E-18,0.016));
#2804=CARTESIAN_POINT('',(0.,0.,0.004));
#2805=CARTESIAN_POINT('',(0.,0.,0.004));
#2806=CARTESIAN_POINT('',(0.02225,0.006,0.002));
#2807=CARTESIAN_POINT('',(0.02225,0.006,0.002));
#2808=CARTESIAN_POINT('',(0.02475,0.006,0.002));
#2809=CARTESIAN_POINT('',(0.,-3.46944695195361E-18,0.002));
#2810=CARTESIAN_POINT('',(0.024475,0.006,0.002));
#2811=CARTESIAN_POINT('',(0.024475,0.00620157423634898,0.002));
#2812=CARTESIAN_POINT('',(0.0244166592229858,0.00660264720423259,0.00200000000000018));
#2813=CARTESIAN_POINT('',(0.0242028021961603,0.00705963200851777,0.0019999999999999));
#2814=CARTESIAN_POINT('',(0.0239564977840945,0.00737387536297974,0.00200000000000021));
#2815=CARTESIAN_POINT('',(0.0237373261925533,0.00757902611065607,0.00199999999999924));
#2816=CARTESIAN_POINT('',(0.023485455936604,0.00774494784169169,0.00200000000000285));
#2817=CARTESIAN_POINT('',(0.023277156799274,0.00783955384141195,0.00199999999999274));
#2818=CARTESIAN_POINT('',(0.0231296802661309,0.0078701641777001,0.00200000000000795));
#2819=CARTESIAN_POINT('',(0.023054779226407,0.00788578560985421,0.00199999999999782));
#2820=CARTESIAN_POINT('',(0.0229738265644476,0.00784296977683543,0.00200000000000079));
#2821=CARTESIAN_POINT('',(0.023068845889512,0.00775225133369576,0.00199999999999914));
#2822=CARTESIAN_POINT('',(0.0231536537398934,0.00767998672803982,0.00200000000000382));
#2823=CARTESIAN_POINT('',(0.0233133491505238,0.00754668442699739,0.00199999999999781));
#2824=CARTESIAN_POINT('',(0.0234903424826245,0.00737193272726862,0.00200000000000073));
#2825=CARTESIAN_POINT('',(0.0237376097151792,0.00705796011292741,0.00199999999999958));
#2826=CARTESIAN_POINT('',(0.0239614264556662,0.00660175608606391,0.00200000000000014));
#2827=CARTESIAN_POINT('',(0.024025,0.00620281252707557,0.00200000000000003));
#2828=CARTESIAN_POINT('',(0.024025,0.006,0.00200000000000003));
#2829=CARTESIAN_POINT('',(0.024475,0.006,0.002));
#2830=CARTESIAN_POINT('',(0.024025,0.006,0.002));
#2831=CARTESIAN_POINT('',(0.,0.006,0.002));
#2832=CARTESIAN_POINT('',(-0.02225,-0.006,0.002));
#2833=CARTESIAN_POINT('',(-0.02225,-0.006,0.002));
#2834=CARTESIAN_POINT('',(-0.01975,-0.006,0.002));
#2835=CARTESIAN_POINT('',(0.,-3.46944695195361E-18,0.002));
#2836=CARTESIAN_POINT('',(-0.020025,-0.006,0.002));
#2837=CARTESIAN_POINT('',(-0.020025,-0.005798425763651,0.002));
#2838=CARTESIAN_POINT('',(-0.0200833407770142,-0.00539735279576733,0.00200000000000018));
#2839=CARTESIAN_POINT('',(-0.0202971978038398,-0.00494036799148209,0.0019999999999999));
#2840=CARTESIAN_POINT('',(-0.0205435022159056,-0.00462612463702011,0.00200000000000021));
#2841=CARTESIAN_POINT('',(-0.0207626738074469,-0.00442097388934378,0.00199999999999924));
#2842=CARTESIAN_POINT('',(-0.0210145440633963,-0.00425505215830816,0.00200000000000285));
#2843=CARTESIAN_POINT('',(-0.0212228432007263,-0.00416044615858791,0.00199999999999274));
#2844=CARTESIAN_POINT('',(-0.0213703197338694,-0.00412983582229986,0.00200000000000794));
#2845=CARTESIAN_POINT('',(-0.0214452207735935,-0.00411421439014571,0.00199999999999782));
#2846=CARTESIAN_POINT('',(-0.0215261734355522,-0.00415703022316508,0.00200000000000079));
#2847=CARTESIAN_POINT('',(-0.0214311541104877,-0.00424774866630434,0.00199999999999913));
#2848=CARTESIAN_POINT('',(-0.0213463462601064,-0.00432001327196042,0.00200000000000382));
#2849=CARTESIAN_POINT('',(-0.021186650849476,-0.00445331557300279,0.00199999999999781));
#2850=CARTESIAN_POINT('',(-0.0210096575173753,-0.00462806727273157,0.00200000000000073));
#2851=CARTESIAN_POINT('',(-0.0207623902848207,-0.00494203988707275,0.00199999999999958));
#2852=CARTESIAN_POINT('',(-0.0205385735443338,-0.00539824391393621,0.00200000000000014));
#2853=CARTESIAN_POINT('',(-0.020475,-0.00579718747292446,0.00200000000000003));
#2854=CARTESIAN_POINT('',(-0.020475,-0.006,0.00200000000000003));
#2855=CARTESIAN_POINT('',(-0.020025,-0.006,0.002));
#2856=CARTESIAN_POINT('',(-0.020475,-0.006,0.002));
#2857=CARTESIAN_POINT('',(0.,-0.006,0.002));
#2858=CARTESIAN_POINT('',(-0.008,1.26161707343768E-18,0.003));
#2859=CARTESIAN_POINT('',(-0.016,1.7347234759768E-18,0.004));
#2860=CARTESIAN_POINT('',(0.017,0.,0.003));
#2861=CARTESIAN_POINT('',(0.009,0.,0.004));
#2862=CARTESIAN_POINT('',(0.0115,0.,0.));
#2863=CARTESIAN_POINT('',(-0.0125,0.,0.001));
#2864=CARTESIAN_POINT('',(0.02245,0.001,0.003));
#2865=CARTESIAN_POINT('',(-0.02245,-0.001,0.003));
#2866=CARTESIAN_POINT('',(-0.02675,0.,0.0015));
#2867=CARTESIAN_POINT('',(0.02675,0.,0.0015));
#2868=CARTESIAN_POINT('',(-0.02675,-0.006,0.0025));
#2869=CARTESIAN_POINT('',(0.02675,0.006,0.0025));
#2870=CARTESIAN_POINT('',(-0.0155,-3.46944695195361E-18,0.0155));
#2871=CARTESIAN_POINT('',(-0.0145,1.81357454306666E-18,0.0155));
#2872=CARTESIAN_POINT('',(-0.0105,0.,0.0155));
#2873=CARTESIAN_POINT('',(-0.0095,7.88510670898549E-20,0.0155));
#2874=CARTESIAN_POINT('',(-0.0055,-2.60208521396521E-18,0.0155));
#2875=CARTESIAN_POINT('',(-0.0045,-3.46944695195361E-18,0.0155));
#2876=CARTESIAN_POINT('',(-0.0005,-3.41030865163622E-18,0.0155));
#2877=CARTESIAN_POINT('',(0.0005,-5.91383003173912E-20,0.0155));
#2878=CARTESIAN_POINT('',(0.0045,0.,0.0155));
#2879=CARTESIAN_POINT('',(0.0055,-7.88510670898549E-20,0.0155));
#2880=CARTESIAN_POINT('',(0.0095,-1.97127667724637E-18,0.0155));
#2881=CARTESIAN_POINT('',(0.0105,-3.46944695195361E-18,0.0155));
#2882=CARTESIAN_POINT('',(0.0145,-1.18276600634782E-18,0.0155));
#2883=CARTESIAN_POINT('',(0.0155,1.7347234759768E-18,0.0155));
#2884=CARTESIAN_POINT('',(0.,0.,0.008));
#2885=CARTESIAN_POINT('',(-0.02225,-0.006,0.008));
#2886=CARTESIAN_POINT('',(-0.02085,-0.006,0.008));
#2887=CARTESIAN_POINT('',(-0.02225,-0.006,0.008));
#2888=CARTESIAN_POINT('',(-0.02,-0.006,0.008));
#2889=CARTESIAN_POINT('',(0.,-0.006,0.008));
#2890=CARTESIAN_POINT('',(-0.020475,-0.006,0.008));
#2891=CARTESIAN_POINT('',(-0.020025,-0.006,0.008));
#2892=CARTESIAN_POINT('',(-0.020475,-0.006,0.008));
#2893=CARTESIAN_POINT('',(-0.020475,-0.00620242161397499,0.008));
#2894=CARTESIAN_POINT('',(-0.0205394704357894,-0.0066046463954009,0.00799999999999883));
#2895=CARTESIAN_POINT('',(-0.0207622848857273,-0.0070579458087636,0.00800000000000077));
#2896=CARTESIAN_POINT('',(-0.0210116908407993,-0.00737435902329998,0.00799999999999842));
#2897=CARTESIAN_POINT('',(-0.0211882434251648,-0.00754786910288079,0.00800000000000485));
#2898=CARTESIAN_POINT('',(-0.0213479843846385,-0.0076817207124027,0.00799999999999157));
#2899=CARTESIAN_POINT('',(-0.0214325016328366,-0.00775223776303342,0.00800000000000101));
#2900=CARTESIAN_POINT('',(-0.0215275211405042,-0.0078467627167921,0.00799999999999979));
#2901=CARTESIAN_POINT('',(-0.0214413078482209,-0.00788508017927589,0.00800000000000005));
#2902=CARTESIAN_POINT('',(-0.0213681402231207,-0.00786987220651975,0.00799999999999999));
#2903=CARTESIAN_POINT('',(-0.0212206627056752,-0.00783860858223667,0.00800000000000002));
#2904=CARTESIAN_POINT('',(-0.0210133830932985,-0.0077441523035247,0.00799999999999976));
#2905=CARTESIAN_POINT('',(-0.0207641009407519,-0.00758009288581506,0.00800000000000082));
#2906=CARTESIAN_POINT('',(-0.0205435095806561,-0.00737400374724019,0.00799999999999679));
#2907=CARTESIAN_POINT('',(-0.020296741591629,-0.00705910483029344,0.00800000000000191));
#2908=CARTESIAN_POINT('',(-0.0200823432691388,-0.0065991585896421,0.0079999999999989));
#2909=CARTESIAN_POINT('',(-0.020025,-0.00620109928289936,0.008));
#2910=CARTESIAN_POINT('',(-0.020025,-0.0060000000000001,0.008));
#2911=CARTESIAN_POINT('',(-0.02225,-0.006,0.01));
#2912=CARTESIAN_POINT('',(-0.02225,-0.006,-0.0025));
#2913=CARTESIAN_POINT('',(-0.02085,-0.006,-0.0025));
#2914=CARTESIAN_POINT('',(0.,-3.46944695195361E-18,-0.003));
#2915=CARTESIAN_POINT('',(-0.02225,-0.006,-0.003));
#2916=CARTESIAN_POINT('',(-0.02135,-0.006,-0.003));
#2917=CARTESIAN_POINT('',(-0.02225,-0.006,0.008));
#2918=CARTESIAN_POINT('',(-0.02225,-0.006,0.0085));
#2919=CARTESIAN_POINT('',(-0.0195,-0.006,0.0085));
#2920=CARTESIAN_POINT('',(-0.02225,-0.006,0.0095));
#2921=CARTESIAN_POINT('',(-0.0195,-0.006,0.0095));
#2922=CARTESIAN_POINT('',(0.,-3.46944695195361E-18,0.01));
#2923=CARTESIAN_POINT('',(-0.02225,-0.006,0.01));
#2924=CARTESIAN_POINT('',(-0.02,-0.006,0.01));
#2925=CARTESIAN_POINT('',(-0.02225,-0.006,-0.0025));
#2926=CARTESIAN_POINT('',(-0.02225,-0.006,0.0085));
#2927=CARTESIAN_POINT('',(-0.02225,-0.006,0.0095));
#2928=CARTESIAN_POINT('',(-0.0204375,-0.006,0.0078625));
#2929=CARTESIAN_POINT('',(-0.02025,-0.006,0.008));
#2930=CARTESIAN_POINT('',(-0.02025,-0.006,0.007775));
#2931=CARTESIAN_POINT('',(-0.02025,-0.00715470053837925,0.007675));
#2932=CARTESIAN_POINT('',(-0.02125,-0.00773205080756888,0.007575));
#2933=CARTESIAN_POINT('',(-0.02225,-0.0083094010767585,0.007475));
#2934=CARTESIAN_POINT('',(-0.02325,-0.00773205080756888,0.007375));
#2935=CARTESIAN_POINT('',(-0.02425,-0.00715470053837925,0.007275));
#2936=CARTESIAN_POINT('',(-0.02425,-0.006,0.007175));
#2937=CARTESIAN_POINT('',(-0.02425,-0.00484529946162075,0.007075));
#2938=CARTESIAN_POINT('',(-0.02325,-0.00426794919243112,0.006975));
#2939=CARTESIAN_POINT('',(-0.02225,-0.00369059892324149,0.006875));
#2940=CARTESIAN_POINT('',(-0.02125,-0.00426794919243112,0.006775));
#2941=CARTESIAN_POINT('',(-0.02025,-0.00484529946162075,0.006675));
#2942=CARTESIAN_POINT('',(-0.02025,-0.006,0.006575));
#2943=CARTESIAN_POINT('',(-0.02025,-0.00715470053837925,0.006475));
#2944=CARTESIAN_POINT('',(-0.02125,-0.00773205080756888,0.006375));
#2945=CARTESIAN_POINT('',(-0.02225,-0.0083094010767585,0.00627500000000001));
#2946=CARTESIAN_POINT('',(-0.02325,-0.00773205080756888,0.006175));
#2947=CARTESIAN_POINT('',(-0.02425,-0.00715470053837925,0.006075));
#2948=CARTESIAN_POINT('',(-0.02425,-0.006,0.005975));
#2949=CARTESIAN_POINT('',(-0.02425,-0.00484529946162075,0.005875));
#2950=CARTESIAN_POINT('',(-0.02325,-0.00426794919243112,0.005775));
#2951=CARTESIAN_POINT('',(-0.02225,-0.00369059892324149,0.005675));
#2952=CARTESIAN_POINT('',(-0.02125,-0.00426794919243112,0.005575));
#2953=CARTESIAN_POINT('',(-0.02025,-0.00484529946162075,0.005475));
#2954=CARTESIAN_POINT('',(-0.02025,-0.006,0.005375));
#2955=CARTESIAN_POINT('',(-0.02025,-0.00715470053837925,0.005275));
#2956=CARTESIAN_POINT('',(-0.02125,-0.00773205080756888,0.005175));
#2957=CARTESIAN_POINT('',(-0.02225,-0.0083094010767585,0.005075));
#2958=CARTESIAN_POINT('',(-0.02325,-0.00773205080756888,0.004975));
#2959=CARTESIAN_POINT('',(-0.02425,-0.00715470053837925,0.004875));
#2960=CARTESIAN_POINT('',(-0.02425,-0.006,0.004775));
#2961=CARTESIAN_POINT('',(-0.02425,-0.00484529946162075,0.004675));
#2962=CARTESIAN_POINT('',(-0.02325,-0.00426794919243112,0.004575));
#2963=CARTESIAN_POINT('',(-0.02225,-0.00369059892324149,0.004475));
#2964=CARTESIAN_POINT('',(-0.02125,-0.00426794919243112,0.004375));
#2965=CARTESIAN_POINT('',(-0.02025,-0.00484529946162075,0.004275));
#2966=CARTESIAN_POINT('',(-0.02025,-0.006,0.004175));
#2967=CARTESIAN_POINT('',(-0.02025,-0.00715470053837925,0.004075));
#2968=CARTESIAN_POINT('',(-0.02125,-0.00773205080756888,0.003975));
#2969=CARTESIAN_POINT('',(-0.02225,-0.0083094010767585,0.003875));
#2970=CARTESIAN_POINT('',(-0.02325,-0.00773205080756888,0.003775));
#2971=CARTESIAN_POINT('',(-0.02425,-0.00715470053837925,0.003675));
#2972=CARTESIAN_POINT('',(-0.02425,-0.006,0.003575));
#2973=CARTESIAN_POINT('',(-0.02425,-0.00484529946162075,0.003475));
#2974=CARTESIAN_POINT('',(-0.02325,-0.00426794919243112,0.003375));
#2975=CARTESIAN_POINT('',(-0.02225,-0.00369059892324149,0.003275));
#2976=CARTESIAN_POINT('',(-0.02125,-0.00426794919243112,0.003175));
#2977=CARTESIAN_POINT('',(-0.02025,-0.00484529946162075,0.003075));
#2978=CARTESIAN_POINT('',(-0.02025,-0.006,0.002975));
#2979=CARTESIAN_POINT('',(-0.02025,-0.00715470053837925,0.002875));
#2980=CARTESIAN_POINT('',(-0.02125,-0.00773205080756888,0.002775));
#2981=CARTESIAN_POINT('',(-0.02225,-0.0083094010767585,0.002675));
#2982=CARTESIAN_POINT('',(-0.02325,-0.00773205080756888,0.002575));
#2983=CARTESIAN_POINT('',(-0.02425,-0.00715470053837925,0.002475));
#2984=CARTESIAN_POINT('',(-0.02425,-0.006,0.002375));
#2985=CARTESIAN_POINT('',(-0.02425,-0.00484529946162075,0.002275));
#2986=CARTESIAN_POINT('',(-0.02325,-0.00426794919243112,0.002175));
#2987=CARTESIAN_POINT('',(-0.02225,-0.00369059892324149,0.002075));
#2988=CARTESIAN_POINT('',(-0.02125,-0.00426794919243112,0.001975));
#2989=CARTESIAN_POINT('',(-0.02025,-0.00484529946162075,0.001875));
#2990=CARTESIAN_POINT('',(-0.02025,-0.006,0.001775));
#2991=CARTESIAN_POINT('',(-0.0198,-0.006,0.007775));
#2992=CARTESIAN_POINT('',(-0.0198,-0.00741450815951458,0.007675));
#2993=CARTESIAN_POINT('',(-0.021025,-0.00812176223927186,0.00757499999999999));
#2994=CARTESIAN_POINT('',(-0.02225,-0.00882901631902917,0.00747500000000001));
#2995=CARTESIAN_POINT('',(-0.023475,-0.00812176223927186,0.007375));
#2996=CARTESIAN_POINT('',(-0.0247,-0.00741450815951458,0.007275));
#2997=CARTESIAN_POINT('',(-0.0247,-0.006,0.00717500000000001));
#2998=CARTESIAN_POINT('',(-0.0247,-0.00458549184048542,0.00707500000000001));
#2999=CARTESIAN_POINT('',(-0.023475,-0.00387823776072812,0.006975));
#3000=CARTESIAN_POINT('',(-0.02225,-0.00317098368097083,0.006875));
#3001=CARTESIAN_POINT('',(-0.021025,-0.00387823776072812,0.006775));
#3002=CARTESIAN_POINT('',(-0.0198,-0.00458549184048542,0.006675));
#3003=CARTESIAN_POINT('',(-0.0198,-0.006,0.00657500000000001));
#3004=CARTESIAN_POINT('',(-0.0198,-0.00741450815951458,0.006475));
#3005=CARTESIAN_POINT('',(-0.021025,-0.00812176223927186,0.006375));
#3006=CARTESIAN_POINT('',(-0.02225,-0.00882901631902917,0.00627499999999999));
#3007=CARTESIAN_POINT('',(-0.023475,-0.00812176223927186,0.006175));
#3008=CARTESIAN_POINT('',(-0.0247,-0.00741450815951458,0.006075));
#3009=CARTESIAN_POINT('',(-0.0247,-0.006,0.00597500000000001));
#3010=CARTESIAN_POINT('',(-0.0247,-0.00458549184048542,0.005875));
#3011=CARTESIAN_POINT('',(-0.023475,-0.00387823776072812,0.005775));
#3012=CARTESIAN_POINT('',(-0.02225,-0.00317098368097083,0.005675));
#3013=CARTESIAN_POINT('',(-0.021025,-0.00387823776072812,0.005575));
#3014=CARTESIAN_POINT('',(-0.0198,-0.00458549184048542,0.005475));
#3015=CARTESIAN_POINT('',(-0.0198,-0.006,0.00537500000000001));
#3016=CARTESIAN_POINT('',(-0.0198,-0.00741450815951458,0.00527500000000001));
#3017=CARTESIAN_POINT('',(-0.021025,-0.00812176223927186,0.005175));
#3018=CARTESIAN_POINT('',(-0.02225,-0.00882901631902917,0.005075));
#3019=CARTESIAN_POINT('',(-0.023475,-0.00812176223927186,0.004975));
#3020=CARTESIAN_POINT('',(-0.0247,-0.00741450815951458,0.004875));
#3021=CARTESIAN_POINT('',(-0.0247,-0.006,0.00477500000000001));
#3022=CARTESIAN_POINT('',(-0.0247,-0.00458549184048542,0.004675));
#3023=CARTESIAN_POINT('',(-0.023475,-0.00387823776072812,0.004575));
#3024=CARTESIAN_POINT('',(-0.02225,-0.00317098368097083,0.00447500000000001));
#3025=CARTESIAN_POINT('',(-0.021025,-0.00387823776072812,0.004375));
#3026=CARTESIAN_POINT('',(-0.0198,-0.00458549184048542,0.004275));
#3027=CARTESIAN_POINT('',(-0.0198,-0.006,0.004175));
#3028=CARTESIAN_POINT('',(-0.0198,-0.00741450815951458,0.004075));
#3029=CARTESIAN_POINT('',(-0.021025,-0.00812176223927186,0.003975));
#3030=CARTESIAN_POINT('',(-0.02225,-0.00882901631902917,0.003875));
#3031=CARTESIAN_POINT('',(-0.023475,-0.00812176223927186,0.003775));
#3032=CARTESIAN_POINT('',(-0.0247,-0.00741450815951458,0.003675));
#3033=CARTESIAN_POINT('',(-0.0247,-0.006,0.003575));
#3034=CARTESIAN_POINT('',(-0.0247,-0.00458549184048542,0.003475));
#3035=CARTESIAN_POINT('',(-0.023475,-0.00387823776072812,0.003375));
#3036=CARTESIAN_POINT('',(-0.02225,-0.00317098368097083,0.003275));
#3037=CARTESIAN_POINT('',(-0.021025,-0.00387823776072812,0.003175));
#3038=CARTESIAN_POINT('',(-0.0198,-0.00458549184048542,0.003075));
#3039=CARTESIAN_POINT('',(-0.0198,-0.006,0.002975));
#3040=CARTESIAN_POINT('',(-0.0198,-0.00741450815951458,0.002875));
#3041=CARTESIAN_POINT('',(-0.021025,-0.00812176223927186,0.002775));
#3042=CARTESIAN_POINT('',(-0.02225,-0.00882901631902917,0.002675));
#3043=CARTESIAN_POINT('',(-0.023475,-0.00812176223927186,0.002575));
#3044=CARTESIAN_POINT('',(-0.0247,-0.00741450815951458,0.002475));
#3045=CARTESIAN_POINT('',(-0.0247,-0.006,0.002375));
#3046=CARTESIAN_POINT('',(-0.0247,-0.00458549184048542,0.002275));
#3047=CARTESIAN_POINT('',(-0.023475,-0.00387823776072812,0.002175));
#3048=CARTESIAN_POINT('',(-0.02225,-0.00317098368097083,0.002075));
#3049=CARTESIAN_POINT('',(-0.021025,-0.00387823776072812,0.001975));
#3050=CARTESIAN_POINT('',(-0.0198,-0.00458549184048542,0.001875));
#3051=CARTESIAN_POINT('',(-0.0198,-0.006,0.001775));
#3052=CARTESIAN_POINT('',(-0.0198,-0.006,0.008225));
#3053=CARTESIAN_POINT('',(-0.0198,-0.00741450815951458,0.008125));
#3054=CARTESIAN_POINT('',(-0.021025,-0.00812176223927186,0.00802499999999999));
#3055=CARTESIAN_POINT('',(-0.02225,-0.00882901631902917,0.00792500000000001));
#3056=CARTESIAN_POINT('',(-0.023475,-0.00812176223927186,0.007825));
#3057=CARTESIAN_POINT('',(-0.0247,-0.00741450815951458,0.007725));
#3058=CARTESIAN_POINT('',(-0.0247,-0.006,0.00762500000000001));
#3059=CARTESIAN_POINT('',(-0.0247,-0.00458549184048542,0.00752500000000001));
#3060=CARTESIAN_POINT('',(-0.023475,-0.00387823776072812,0.007425));
#3061=CARTESIAN_POINT('',(-0.02225,-0.00317098368097083,0.007325));
#3062=CARTESIAN_POINT('',(-0.021025,-0.00387823776072812,0.007225));
#3063=CARTESIAN_POINT('',(-0.0198,-0.00458549184048542,0.00712500000000001));
#3064=CARTESIAN_POINT('',(-0.0198,-0.006,0.00702500000000001));
#3065=CARTESIAN_POINT('',(-0.0198,-0.00741450815951458,0.006925));
#3066=CARTESIAN_POINT('',(-0.021025,-0.00812176223927186,0.006825));
#3067=CARTESIAN_POINT('',(-0.02225,-0.00882901631902917,0.00672500000000001));
#3068=CARTESIAN_POINT('',(-0.023475,-0.00812176223927186,0.006625));
#3069=CARTESIAN_POINT('',(-0.0247,-0.00741450815951458,0.006525));
#3070=CARTESIAN_POINT('',(-0.0247,-0.006,0.00642499999999999));
#3071=CARTESIAN_POINT('',(-0.0247,-0.00458549184048542,0.00632499999999999));
#3072=CARTESIAN_POINT('',(-0.023475,-0.00387823776072812,0.006225));
#3073=CARTESIAN_POINT('',(-0.02225,-0.00317098368097083,0.006125));
#3074=CARTESIAN_POINT('',(-0.021025,-0.00387823776072812,0.006025));
#3075=CARTESIAN_POINT('',(-0.0198,-0.00458549184048542,0.00592499999999999));
#3076=CARTESIAN_POINT('',(-0.0198,-0.006,0.00582499999999999));
#3077=CARTESIAN_POINT('',(-0.0198,-0.00741450815951458,0.005725));
#3078=CARTESIAN_POINT('',(-0.021025,-0.00812176223927186,0.005625));
#3079=CARTESIAN_POINT('',(-0.02225,-0.00882901631902917,0.00552499999999999));
#3080=CARTESIAN_POINT('',(-0.023475,-0.00812176223927186,0.005425));
#3081=CARTESIAN_POINT('',(-0.0247,-0.00741450815951458,0.005325));
#3082=CARTESIAN_POINT('',(-0.0247,-0.006,0.00522500000000001));
#3083=CARTESIAN_POINT('',(-0.0247,-0.00458549184048542,0.005125));
#3084=CARTESIAN_POINT('',(-0.023475,-0.00387823776072812,0.005025));
#3085=CARTESIAN_POINT('',(-0.02225,-0.00317098368097083,0.004925));
#3086=CARTESIAN_POINT('',(-0.021025,-0.00387823776072812,0.004825));
#3087=CARTESIAN_POINT('',(-0.0198,-0.00458549184048542,0.004725));
#3088=CARTESIAN_POINT('',(-0.0198,-0.006,0.00462499999999999));
#3089=CARTESIAN_POINT('',(-0.0198,-0.00741450815951458,0.004525));
#3090=CARTESIAN_POINT('',(-0.021025,-0.00812176223927186,0.004425));
#3091=CARTESIAN_POINT('',(-0.02225,-0.00882901631902917,0.004325));
#3092=CARTESIAN_POINT('',(-0.023475,-0.00812176223927186,0.004225));
#3093=CARTESIAN_POINT('',(-0.0247,-0.00741450815951458,0.004125));
#3094=CARTESIAN_POINT('',(-0.0247,-0.006,0.004025));
#3095=CARTESIAN_POINT('',(-0.0247,-0.00458549184048542,0.003925));
#3096=CARTESIAN_POINT('',(-0.023475,-0.00387823776072812,0.003825));
#3097=CARTESIAN_POINT('',(-0.02225,-0.00317098368097083,0.00372500000000001));
#3098=CARTESIAN_POINT('',(-0.021025,-0.00387823776072812,0.003625));
#3099=CARTESIAN_POINT('',(-0.0198,-0.00458549184048542,0.003525));
#3100=CARTESIAN_POINT('',(-0.0198,-0.006,0.003425));
#3101=CARTESIAN_POINT('',(-0.0198,-0.00741450815951458,0.003325));
#3102=CARTESIAN_POINT('',(-0.021025,-0.00812176223927186,0.003225));
#3103=CARTESIAN_POINT('',(-0.02225,-0.00882901631902917,0.003125));
#3104=CARTESIAN_POINT('',(-0.023475,-0.00812176223927186,0.003025));
#3105=CARTESIAN_POINT('',(-0.0247,-0.00741450815951458,0.002925));
#3106=CARTESIAN_POINT('',(-0.0247,-0.006,0.002825));
#3107=CARTESIAN_POINT('',(-0.0247,-0.00458549184048542,0.002725));
#3108=CARTESIAN_POINT('',(-0.023475,-0.00387823776072812,0.002625));
#3109=CARTESIAN_POINT('',(-0.02225,-0.00317098368097083,0.002525));
#3110=CARTESIAN_POINT('',(-0.021025,-0.00387823776072812,0.002425));
#3111=CARTESIAN_POINT('',(-0.0198,-0.00458549184048542,0.002325));
#3112=CARTESIAN_POINT('',(-0.0198,-0.006,0.002225));
#3113=CARTESIAN_POINT('',(-0.02025,-0.006,0.008225));
#3114=CARTESIAN_POINT('',(-0.02025,-0.00715470053837925,0.008125));
#3115=CARTESIAN_POINT('',(-0.02125,-0.00773205080756888,0.008025));
#3116=CARTESIAN_POINT('',(-0.02225,-0.0083094010767585,0.007925));
#3117=CARTESIAN_POINT('',(-0.02325,-0.00773205080756888,0.007825));
#3118=CARTESIAN_POINT('',(-0.02425,-0.00715470053837925,0.007725));
#3119=CARTESIAN_POINT('',(-0.02425,-0.006,0.007625));
#3120=CARTESIAN_POINT('',(-0.02425,-0.00484529946162075,0.007525));
#3121=CARTESIAN_POINT('',(-0.02325,-0.00426794919243112,0.007425));
#3122=CARTESIAN_POINT('',(-0.02225,-0.00369059892324149,0.00732500000000001));
#3123=CARTESIAN_POINT('',(-0.02125,-0.00426794919243112,0.007225));
#3124=CARTESIAN_POINT('',(-0.02025,-0.00484529946162075,0.007125));
#3125=CARTESIAN_POINT('',(-0.02025,-0.006,0.007025));
#3126=CARTESIAN_POINT('',(-0.02025,-0.00715470053837925,0.006925));
#3127=CARTESIAN_POINT('',(-0.02125,-0.00773205080756888,0.006825));
#3128=CARTESIAN_POINT('',(-0.02225,-0.0083094010767585,0.006725));
#3129=CARTESIAN_POINT('',(-0.02325,-0.00773205080756888,0.006625));
#3130=CARTESIAN_POINT('',(-0.02425,-0.00715470053837925,0.00652499999999999));
#3131=CARTESIAN_POINT('',(-0.02425,-0.006,0.006425));
#3132=CARTESIAN_POINT('',(-0.02425,-0.00484529946162075,0.006325));
#3133=CARTESIAN_POINT('',(-0.02325,-0.00426794919243112,0.006225));
#3134=CARTESIAN_POINT('',(-0.02225,-0.00369059892324149,0.006125));
#3135=CARTESIAN_POINT('',(-0.02125,-0.00426794919243112,0.006025));
#3136=CARTESIAN_POINT('',(-0.02025,-0.00484529946162075,0.005925));
#3137=CARTESIAN_POINT('',(-0.02025,-0.006,0.005825));
#3138=CARTESIAN_POINT('',(-0.02025,-0.00715470053837925,0.005725));
#3139=CARTESIAN_POINT('',(-0.02125,-0.00773205080756888,0.005625));
#3140=CARTESIAN_POINT('',(-0.02225,-0.0083094010767585,0.00552500000000001));
#3141=CARTESIAN_POINT('',(-0.02325,-0.00773205080756888,0.005425));
#3142=CARTESIAN_POINT('',(-0.02425,-0.00715470053837925,0.005325));
#3143=CARTESIAN_POINT('',(-0.02425,-0.006,0.005225));
#3144=CARTESIAN_POINT('',(-0.02425,-0.00484529946162075,0.005125));
#3145=CARTESIAN_POINT('',(-0.02325,-0.00426794919243112,0.005025));
#3146=CARTESIAN_POINT('',(-0.02225,-0.00369059892324149,0.004925));
#3147=CARTESIAN_POINT('',(-0.02125,-0.00426794919243112,0.004825));
#3148=CARTESIAN_POINT('',(-0.02025,-0.00484529946162075,0.004725));
#3149=CARTESIAN_POINT('',(-0.02025,-0.006,0.004625));
#3150=CARTESIAN_POINT('',(-0.02025,-0.00715470053837925,0.004525));
#3151=CARTESIAN_POINT('',(-0.02125,-0.00773205080756888,0.004425));
#3152=CARTESIAN_POINT('',(-0.02225,-0.0083094010767585,0.004325));
#3153=CARTESIAN_POINT('',(-0.02325,-0.00773205080756888,0.004225));
#3154=CARTESIAN_POINT('',(-0.02425,-0.00715470053837925,0.004125));
#3155=CARTESIAN_POINT('',(-0.02425,-0.006,0.004025));
#3156=CARTESIAN_POINT('',(-0.02425,-0.00484529946162075,0.003925));
#3157=CARTESIAN_POINT('',(-0.02325,-0.00426794919243112,0.003825));
#3158=CARTESIAN_POINT('',(-0.02225,-0.00369059892324149,0.003725));
#3159=CARTESIAN_POINT('',(-0.02125,-0.00426794919243112,0.003625));
#3160=CARTESIAN_POINT('',(-0.02025,-0.00484529946162075,0.003525));
#3161=CARTESIAN_POINT('',(-0.02025,-0.006,0.003425));
#3162=CARTESIAN_POINT('',(-0.02025,-0.00715470053837925,0.003325));
#3163=CARTESIAN_POINT('',(-0.02125,-0.00773205080756888,0.003225));
#3164=CARTESIAN_POINT('',(-0.02225,-0.0083094010767585,0.003125));
#3165=CARTESIAN_POINT('',(-0.02325,-0.00773205080756888,0.003025));
#3166=CARTESIAN_POINT('',(-0.02425,-0.00715470053837925,0.002925));
#3167=CARTESIAN_POINT('',(-0.02425,-0.006,0.002825));
#3168=CARTESIAN_POINT('',(-0.02425,-0.00484529946162075,0.002725));
#3169=CARTESIAN_POINT('',(-0.02325,-0.00426794919243112,0.002625));
#3170=CARTESIAN_POINT('',(-0.02225,-0.00369059892324149,0.002525));
#3171=CARTESIAN_POINT('',(-0.02125,-0.00426794919243112,0.002425));
#3172=CARTESIAN_POINT('',(-0.02025,-0.00484529946162075,0.002325));
#3173=CARTESIAN_POINT('',(-0.02025,-0.006,0.002225));
#3174=CARTESIAN_POINT('',(-0.0207,-0.006,0.008225));
#3175=CARTESIAN_POINT('',(-0.0207,-0.00689489291724392,0.008125));
#3176=CARTESIAN_POINT('',(-0.021475,-0.00734233937586588,0.00802499999999999));
#3177=CARTESIAN_POINT('',(-0.02225,-0.00778978583448784,0.00792500000000001));
#3178=CARTESIAN_POINT('',(-0.023025,-0.00734233937586588,0.007825));
#3179=CARTESIAN_POINT('',(-0.0238,-0.00689489291724392,0.007725));
#3180=CARTESIAN_POINT('',(-0.0238,-0.006,0.00762500000000001));
#3181=CARTESIAN_POINT('',(-0.0238,-0.00510510708275608,0.00752500000000001));
#3182=CARTESIAN_POINT('',(-0.023025,-0.00465766062413412,0.007425));
#3183=CARTESIAN_POINT('',(-0.02225,-0.00421021416551216,0.007325));
#3184=CARTESIAN_POINT('',(-0.021475,-0.00465766062413412,0.007225));
#3185=CARTESIAN_POINT('',(-0.0207,-0.00510510708275608,0.00712500000000001));
#3186=CARTESIAN_POINT('',(-0.0207,-0.006,0.00702500000000001));
#3187=CARTESIAN_POINT('',(-0.0207,-0.00689489291724392,0.006925));
#3188=CARTESIAN_POINT('',(-0.021475,-0.00734233937586588,0.006825));
#3189=CARTESIAN_POINT('',(-0.02225,-0.00778978583448784,0.00672500000000001));
#3190=CARTESIAN_POINT('',(-0.023025,-0.00734233937586588,0.006625));
#3191=CARTESIAN_POINT('',(-0.0238,-0.00689489291724392,0.006525));
#3192=CARTESIAN_POINT('',(-0.0238,-0.006,0.00642499999999999));
#3193=CARTESIAN_POINT('',(-0.0238,-0.00510510708275608,0.00632499999999999));
#3194=CARTESIAN_POINT('',(-0.023025,-0.00465766062413412,0.006225));
#3195=CARTESIAN_POINT('',(-0.02225,-0.00421021416551216,0.006125));
#3196=CARTESIAN_POINT('',(-0.021475,-0.00465766062413412,0.006025));
#3197=CARTESIAN_POINT('',(-0.0207,-0.00510510708275608,0.00592499999999999));
#3198=CARTESIAN_POINT('',(-0.0207,-0.006,0.00582499999999999));
#3199=CARTESIAN_POINT('',(-0.0207,-0.00689489291724392,0.005725));
#3200=CARTESIAN_POINT('',(-0.021475,-0.00734233937586588,0.005625));
#3201=CARTESIAN_POINT('',(-0.02225,-0.00778978583448784,0.00552499999999999));
#3202=CARTESIAN_POINT('',(-0.023025,-0.00734233937586588,0.005425));
#3203=CARTESIAN_POINT('',(-0.0238,-0.00689489291724392,0.005325));
#3204=CARTESIAN_POINT('',(-0.0238,-0.006,0.00522500000000001));
#3205=CARTESIAN_POINT('',(-0.0238,-0.00510510708275608,0.005125));
#3206=CARTESIAN_POINT('',(-0.023025,-0.00465766062413412,0.005025));
#3207=CARTESIAN_POINT('',(-0.02225,-0.00421021416551216,0.004925));
#3208=CARTESIAN_POINT('',(-0.021475,-0.00465766062413412,0.004825));
#3209=CARTESIAN_POINT('',(-0.0207,-0.00510510708275608,0.004725));
#3210=CARTESIAN_POINT('',(-0.0207,-0.006,0.00462499999999999));
#3211=CARTESIAN_POINT('',(-0.0207,-0.00689489291724392,0.004525));
#3212=CARTESIAN_POINT('',(-0.021475,-0.00734233937586588,0.004425));
#3213=CARTESIAN_POINT('',(-0.02225,-0.00778978583448784,0.004325));
#3214=CARTESIAN_POINT('',(-0.023025,-0.00734233937586588,0.004225));
#3215=CARTESIAN_POINT('',(-0.0238,-0.00689489291724392,0.004125));
#3216=CARTESIAN_POINT('',(-0.0238,-0.006,0.004025));
#3217=CARTESIAN_POINT('',(-0.0238,-0.00510510708275608,0.003925));
#3218=CARTESIAN_POINT('',(-0.023025,-0.00465766062413412,0.003825));
#3219=CARTESIAN_POINT('',(-0.02225,-0.00421021416551216,0.00372500000000001));
#3220=CARTESIAN_POINT('',(-0.021475,-0.00465766062413412,0.003625));
#3221=CARTESIAN_POINT('',(-0.0207,-0.00510510708275608,0.003525));
#3222=CARTESIAN_POINT('',(-0.0207,-0.006,0.003425));
#3223=CARTESIAN_POINT('',(-0.0207,-0.00689489291724392,0.003325));
#3224=CARTESIAN_POINT('',(-0.021475,-0.00734233937586588,0.003225));
#3225=CARTESIAN_POINT('',(-0.02225,-0.00778978583448784,0.003125));
#3226=CARTESIAN_POINT('',(-0.023025,-0.00734233937586588,0.003025));
#3227=CARTESIAN_POINT('',(-0.0238,-0.00689489291724392,0.002925));
#3228=CARTESIAN_POINT('',(-0.0238,-0.006,0.002825));
#3229=CARTESIAN_POINT('',(-0.0238,-0.00510510708275608,0.002725));
#3230=CARTESIAN_POINT('',(-0.023025,-0.00465766062413412,0.002625));
#3231=CARTESIAN_POINT('',(-0.02225,-0.00421021416551216,0.002525));
#3232=CARTESIAN_POINT('',(-0.021475,-0.00465766062413412,0.002425));
#3233=CARTESIAN_POINT('',(-0.0207,-0.00510510708275608,0.002325));
#3234=CARTESIAN_POINT('',(-0.0207,-0.006,0.002225));
#3235=CARTESIAN_POINT('',(-0.0207,-0.006,0.007775));
#3236=CARTESIAN_POINT('',(-0.0207,-0.00689489291724392,0.007675));
#3237=CARTESIAN_POINT('',(-0.021475,-0.00734233937586588,0.00757499999999999));
#3238=CARTESIAN_POINT('',(-0.02225,-0.00778978583448784,0.00747500000000001));
#3239=CARTESIAN_POINT('',(-0.023025,-0.00734233937586588,0.007375));
#3240=CARTESIAN_POINT('',(-0.0238,-0.00689489291724392,0.007275));
#3241=CARTESIAN_POINT('',(-0.0238,-0.006,0.00717500000000001));
#3242=CARTESIAN_POINT('',(-0.0238,-0.00510510708275608,0.00707500000000001));
#3243=CARTESIAN_POINT('',(-0.023025,-0.00465766062413412,0.006975));
#3244=CARTESIAN_POINT('',(-0.02225,-0.00421021416551216,0.006875));
#3245=CARTESIAN_POINT('',(-0.021475,-0.00465766062413412,0.006775));
#3246=CARTESIAN_POINT('',(-0.0207,-0.00510510708275608,0.006675));
#3247=CARTESIAN_POINT('',(-0.0207,-0.006,0.00657500000000001));
#3248=CARTESIAN_POINT('',(-0.0207,-0.00689489291724392,0.006475));
#3249=CARTESIAN_POINT('',(-0.021475,-0.00734233937586588,0.006375));
#3250=CARTESIAN_POINT('',(-0.02225,-0.00778978583448784,0.00627499999999999));
#3251=CARTESIAN_POINT('',(-0.023025,-0.00734233937586588,0.006175));
#3252=CARTESIAN_POINT('',(-0.0238,-0.00689489291724392,0.006075));
#3253=CARTESIAN_POINT('',(-0.0238,-0.006,0.00597500000000001));
#3254=CARTESIAN_POINT('',(-0.0238,-0.00510510708275608,0.005875));
#3255=CARTESIAN_POINT('',(-0.023025,-0.00465766062413412,0.005775));
#3256=CARTESIAN_POINT('',(-0.02225,-0.00421021416551216,0.005675));
#3257=CARTESIAN_POINT('',(-0.021475,-0.00465766062413412,0.005575));
#3258=CARTESIAN_POINT('',(-0.0207,-0.00510510708275608,0.005475));
#3259=CARTESIAN_POINT('',(-0.0207,-0.006,0.00537500000000001));
#3260=CARTESIAN_POINT('',(-0.0207,-0.00689489291724392,0.00527500000000001));
#3261=CARTESIAN_POINT('',(-0.021475,-0.00734233937586588,0.005175));
#3262=CARTESIAN_POINT('',(-0.02225,-0.00778978583448784,0.005075));
#3263=CARTESIAN_POINT('',(-0.023025,-0.00734233937586588,0.004975));
#3264=CARTESIAN_POINT('',(-0.0238,-0.00689489291724392,0.004875));
#3265=CARTESIAN_POINT('',(-0.0238,-0.006,0.00477500000000001));
#3266=CARTESIAN_POINT('',(-0.0238,-0.00510510708275608,0.004675));
#3267=CARTESIAN_POINT('',(-0.023025,-0.00465766062413412,0.004575));
#3268=CARTESIAN_POINT('',(-0.02225,-0.00421021416551216,0.00447500000000001));
#3269=CARTESIAN_POINT('',(-0.021475,-0.00465766062413412,0.004375));
#3270=CARTESIAN_POINT('',(-0.0207,-0.00510510708275608,0.004275));
#3271=CARTESIAN_POINT('',(-0.0207,-0.006,0.004175));
#3272=CARTESIAN_POINT('',(-0.0207,-0.00689489291724392,0.004075));
#3273=CARTESIAN_POINT('',(-0.021475,-0.00734233937586588,0.003975));
#3274=CARTESIAN_POINT('',(-0.02225,-0.00778978583448784,0.003875));
#3275=CARTESIAN_POINT('',(-0.023025,-0.00734233937586588,0.003775));
#3276=CARTESIAN_POINT('',(-0.0238,-0.00689489291724392,0.003675));
#3277=CARTESIAN_POINT('',(-0.0238,-0.006,0.003575));
#3278=CARTESIAN_POINT('',(-0.0238,-0.00510510708275608,0.003475));
#3279=CARTESIAN_POINT('',(-0.023025,-0.00465766062413412,0.003375));
#3280=CARTESIAN_POINT('',(-0.02225,-0.00421021416551216,0.003275));
#3281=CARTESIAN_POINT('',(-0.021475,-0.00465766062413412,0.003175));
#3282=CARTESIAN_POINT('',(-0.0207,-0.00510510708275608,0.003075));
#3283=CARTESIAN_POINT('',(-0.0207,-0.006,0.002975));
#3284=CARTESIAN_POINT('',(-0.0207,-0.00689489291724392,0.002875));
#3285=CARTESIAN_POINT('',(-0.021475,-0.00734233937586588,0.002775));
#3286=CARTESIAN_POINT('',(-0.02225,-0.00778978583448784,0.002675));
#3287=CARTESIAN_POINT('',(-0.023025,-0.00734233937586588,0.002575));
#3288=CARTESIAN_POINT('',(-0.0238,-0.00689489291724392,0.002475));
#3289=CARTESIAN_POINT('',(-0.0238,-0.006,0.002375));
#3290=CARTESIAN_POINT('',(-0.0238,-0.00510510708275608,0.002275));
#3291=CARTESIAN_POINT('',(-0.023025,-0.00465766062413412,0.002175));
#3292=CARTESIAN_POINT('',(-0.02225,-0.00421021416551216,0.002075));
#3293=CARTESIAN_POINT('',(-0.021475,-0.00465766062413412,0.001975));
#3294=CARTESIAN_POINT('',(-0.0207,-0.00510510708275608,0.001875));
#3295=CARTESIAN_POINT('',(-0.0207,-0.006,0.001775));
#3296=CARTESIAN_POINT('',(-0.02025,-0.006,0.007775));
#3297=CARTESIAN_POINT('',(-0.02025,-0.00715470053837925,0.007675));
#3298=CARTESIAN_POINT('',(-0.02125,-0.00773205080756888,0.007575));
#3299=CARTESIAN_POINT('',(-0.02225,-0.0083094010767585,0.007475));
#3300=CARTESIAN_POINT('',(-0.02325,-0.00773205080756888,0.007375));
#3301=CARTESIAN_POINT('',(-0.02425,-0.00715470053837925,0.007275));
#3302=CARTESIAN_POINT('',(-0.02425,-0.006,0.007175));
#3303=CARTESIAN_POINT('',(-0.02425,-0.00484529946162075,0.007075));
#3304=CARTESIAN_POINT('',(-0.02325,-0.00426794919243112,0.006975));
#3305=CARTESIAN_POINT('',(-0.02225,-0.00369059892324149,0.006875));
#3306=CARTESIAN_POINT('',(-0.02125,-0.00426794919243112,0.006775));
#3307=CARTESIAN_POINT('',(-0.02025,-0.00484529946162075,0.006675));
#3308=CARTESIAN_POINT('',(-0.02025,-0.006,0.006575));
#3309=CARTESIAN_POINT('',(-0.02025,-0.00715470053837925,0.006475));
#3310=CARTESIAN_POINT('',(-0.02125,-0.00773205080756888,0.006375));
#3311=CARTESIAN_POINT('',(-0.02225,-0.0083094010767585,0.00627500000000001));
#3312=CARTESIAN_POINT('',(-0.02325,-0.00773205080756888,0.006175));
#3313=CARTESIAN_POINT('',(-0.02425,-0.00715470053837925,0.006075));
#3314=CARTESIAN_POINT('',(-0.02425,-0.006,0.005975));
#3315=CARTESIAN_POINT('',(-0.02425,-0.00484529946162075,0.005875));
#3316=CARTESIAN_POINT('',(-0.02325,-0.00426794919243112,0.005775));
#3317=CARTESIAN_POINT('',(-0.02225,-0.00369059892324149,0.005675));
#3318=CARTESIAN_POINT('',(-0.02125,-0.00426794919243112,0.005575));
#3319=CARTESIAN_POINT('',(-0.02025,-0.00484529946162075,0.005475));
#3320=CARTESIAN_POINT('',(-0.02025,-0.006,0.005375));
#3321=CARTESIAN_POINT('',(-0.02025,-0.00715470053837925,0.005275));
#3322=CARTESIAN_POINT('',(-0.02125,-0.00773205080756888,0.005175));
#3323=CARTESIAN_POINT('',(-0.02225,-0.0083094010767585,0.005075));
#3324=CARTESIAN_POINT('',(-0.02325,-0.00773205080756888,0.004975));
#3325=CARTESIAN_POINT('',(-0.02425,-0.00715470053837925,0.004875));
#3326=CARTESIAN_POINT('',(-0.02425,-0.006,0.004775));
#3327=CARTESIAN_POINT('',(-0.02425,-0.00484529946162075,0.004675));
#3328=CARTESIAN_POINT('',(-0.02325,-0.00426794919243112,0.004575));
#3329=CARTESIAN_POINT('',(-0.02225,-0.00369059892324149,0.004475));
#3330=CARTESIAN_POINT('',(-0.02125,-0.00426794919243112,0.004375));
#3331=CARTESIAN_POINT('',(-0.02025,-0.00484529946162075,0.004275));
#3332=CARTESIAN_POINT('',(-0.02025,-0.006,0.004175));
#3333=CARTESIAN_POINT('',(-0.02025,-0.00715470053837925,0.004075));
#3334=CARTESIAN_POINT('',(-0.02125,-0.00773205080756888,0.003975));
#3335=CARTESIAN_POINT('',(-0.02225,-0.0083094010767585,0.003875));
#3336=CARTESIAN_POINT('',(-0.02325,-0.00773205080756888,0.003775));
#3337=CARTESIAN_POINT('',(-0.02425,-0.00715470053837925,0.003675));
#3338=CARTESIAN_POINT('',(-0.02425,-0.006,0.003575));
#3339=CARTESIAN_POINT('',(-0.02425,-0.00484529946162075,0.003475));
#3340=CARTESIAN_POINT('',(-0.02325,-0.00426794919243112,0.003375));
#3341=CARTESIAN_POINT('',(-0.02225,-0.00369059892324149,0.003275));
#3342=CARTESIAN_POINT('',(-0.02125,-0.00426794919243112,0.003175));
#3343=CARTESIAN_POINT('',(-0.02025,-0.00484529946162075,0.003075));
#3344=CARTESIAN_POINT('',(-0.02025,-0.006,0.002975));
#3345=CARTESIAN_POINT('',(-0.02025,-0.00715470053837925,0.002875));
#3346=CARTESIAN_POINT('',(-0.02125,-0.00773205080756888,0.002775));
#3347=CARTESIAN_POINT('',(-0.02225,-0.0083094010767585,0.002675));
#3348=CARTESIAN_POINT('',(-0.02325,-0.00773205080756888,0.002575));
#3349=CARTESIAN_POINT('',(-0.02425,-0.00715470053837925,0.002475));
#3350=CARTESIAN_POINT('',(-0.02425,-0.006,0.002375));
#3351=CARTESIAN_POINT('',(-0.02425,-0.00484529946162075,0.002275));
#3352=CARTESIAN_POINT('',(-0.02325,-0.00426794919243112,0.002175));
#3353=CARTESIAN_POINT('',(-0.02225,-0.00369059892324149,0.002075));
#3354=CARTESIAN_POINT('',(-0.02125,-0.00426794919243112,0.001975));
#3355=CARTESIAN_POINT('',(-0.02025,-0.00484529946162075,0.001875));
#3356=CARTESIAN_POINT('',(-0.02025,-0.006,0.001775));
#3357=CARTESIAN_POINT('',(-0.02025,-0.006,0.002));
#3358=CARTESIAN_POINT('',(-0.0204375,-0.006,0.0018625));
#3359=CARTESIAN_POINT('',(0.0240625,0.006,0.008));
#3360=CARTESIAN_POINT('',(0.0240625,0.006,0.008));
#3361=CARTESIAN_POINT('',(0.024475,0.006,0.008));
#3362=CARTESIAN_POINT('',(0.024025,0.006,0.008));
#3363=CARTESIAN_POINT('',(0.02425,0.006,0.008));
#3364=CARTESIAN_POINT('',(0.02425,0.006,0.007775));
#3365=CARTESIAN_POINT('',(0.02425,0.00484529946162075,0.007675));
#3366=CARTESIAN_POINT('',(0.02325,0.00426794919243112,0.007575));
#3367=CARTESIAN_POINT('',(0.02225,0.00369059892324149,0.007475));
#3368=CARTESIAN_POINT('',(0.02125,0.00426794919243112,0.007375));
#3369=CARTESIAN_POINT('',(0.02025,0.00484529946162075,0.007275));
#3370=CARTESIAN_POINT('',(0.02025,0.006,0.007175));
#3371=CARTESIAN_POINT('',(0.02025,0.00715470053837925,0.007075));
#3372=CARTESIAN_POINT('',(0.02125,0.00773205080756888,0.006975));
#3373=CARTESIAN_POINT('',(0.02225,0.0083094010767585,0.006875));
#3374=CARTESIAN_POINT('',(0.02325,0.00773205080756888,0.006775));
#3375=CARTESIAN_POINT('',(0.02425,0.00715470053837925,0.006675));
#3376=CARTESIAN_POINT('',(0.02425,0.006,0.006575));
#3377=CARTESIAN_POINT('',(0.02425,0.00484529946162075,0.006475));
#3378=CARTESIAN_POINT('',(0.02325,0.00426794919243112,0.006375));
#3379=CARTESIAN_POINT('',(0.02225,0.00369059892324149,0.00627500000000001));
#3380=CARTESIAN_POINT('',(0.02125,0.00426794919243112,0.006175));
#3381=CARTESIAN_POINT('',(0.02025,0.00484529946162075,0.006075));
#3382=CARTESIAN_POINT('',(0.02025,0.006,0.005975));
#3383=CARTESIAN_POINT('',(0.02025,0.00715470053837925,0.005875));
#3384=CARTESIAN_POINT('',(0.02125,0.00773205080756888,0.005775));
#3385=CARTESIAN_POINT('',(0.02225,0.0083094010767585,0.005675));
#3386=CARTESIAN_POINT('',(0.02325,0.00773205080756888,0.005575));
#3387=CARTESIAN_POINT('',(0.02425,0.00715470053837925,0.005475));
#3388=CARTESIAN_POINT('',(0.02425,0.006,0.005375));
#3389=CARTESIAN_POINT('',(0.02425,0.00484529946162075,0.005275));
#3390=CARTESIAN_POINT('',(0.02325,0.00426794919243112,0.005175));
#3391=CARTESIAN_POINT('',(0.02225,0.00369059892324149,0.005075));
#3392=CARTESIAN_POINT('',(0.02125,0.00426794919243112,0.004975));
#3393=CARTESIAN_POINT('',(0.02025,0.00484529946162075,0.004875));
#3394=CARTESIAN_POINT('',(0.02025,0.006,0.004775));
#3395=CARTESIAN_POINT('',(0.02025,0.00715470053837925,0.004675));
#3396=CARTESIAN_POINT('',(0.02125,0.00773205080756888,0.004575));
#3397=CARTESIAN_POINT('',(0.02225,0.0083094010767585,0.004475));
#3398=CARTESIAN_POINT('',(0.02325,0.00773205080756888,0.004375));
#3399=CARTESIAN_POINT('',(0.02425,0.00715470053837925,0.004275));
#3400=CARTESIAN_POINT('',(0.02425,0.006,0.004175));
#3401=CARTESIAN_POINT('',(0.02425,0.00484529946162075,0.004075));
#3402=CARTESIAN_POINT('',(0.02325,0.00426794919243112,0.003975));
#3403=CARTESIAN_POINT('',(0.02225,0.00369059892324149,0.003875));
#3404=CARTESIAN_POINT('',(0.02125,0.00426794919243112,0.003775));
#3405=CARTESIAN_POINT('',(0.02025,0.00484529946162075,0.003675));
#3406=CARTESIAN_POINT('',(0.02025,0.006,0.003575));
#3407=CARTESIAN_POINT('',(0.02025,0.00715470053837925,0.003475));
#3408=CARTESIAN_POINT('',(0.02125,0.00773205080756888,0.003375));
#3409=CARTESIAN_POINT('',(0.02225,0.0083094010767585,0.003275));
#3410=CARTESIAN_POINT('',(0.02325,0.00773205080756888,0.003175));
#3411=CARTESIAN_POINT('',(0.02425,0.00715470053837925,0.003075));
#3412=CARTESIAN_POINT('',(0.02425,0.006,0.002975));
#3413=CARTESIAN_POINT('',(0.02425,0.00484529946162075,0.002875));
#3414=CARTESIAN_POINT('',(0.02325,0.00426794919243112,0.002775));
#3415=CARTESIAN_POINT('',(0.02225,0.00369059892324149,0.002675));
#3416=CARTESIAN_POINT('',(0.02125,0.00426794919243112,0.002575));
#3417=CARTESIAN_POINT('',(0.02025,0.00484529946162075,0.002475));
#3418=CARTESIAN_POINT('',(0.02025,0.006,0.002375));
#3419=CARTESIAN_POINT('',(0.02025,0.00715470053837925,0.002275));
#3420=CARTESIAN_POINT('',(0.02125,0.00773205080756888,0.002175));
#3421=CARTESIAN_POINT('',(0.02225,0.0083094010767585,0.002075));
#3422=CARTESIAN_POINT('',(0.02325,0.00773205080756888,0.001975));
#3423=CARTESIAN_POINT('',(0.02425,0.00715470053837925,0.001875));
#3424=CARTESIAN_POINT('',(0.02425,0.006,0.001775));
#3425=CARTESIAN_POINT('',(0.0247,0.006,0.007775));
#3426=CARTESIAN_POINT('',(0.0247,0.00458549184048542,0.007675));
#3427=CARTESIAN_POINT('',(0.023475,0.00387823776072812,0.00757499999999999));
#3428=CARTESIAN_POINT('',(0.02225,0.00317098368097083,0.00747500000000001));
#3429=CARTESIAN_POINT('',(0.021025,0.00387823776072812,0.007375));
#3430=CARTESIAN_POINT('',(0.0198,0.00458549184048542,0.007275));
#3431=CARTESIAN_POINT('',(0.0198,0.006,0.00717500000000001));
#3432=CARTESIAN_POINT('',(0.0198,0.00741450815951458,0.00707500000000001));
#3433=CARTESIAN_POINT('',(0.021025,0.00812176223927186,0.006975));
#3434=CARTESIAN_POINT('',(0.02225,0.00882901631902917,0.006875));
#3435=CARTESIAN_POINT('',(0.023475,0.00812176223927188,0.006775));
#3436=CARTESIAN_POINT('',(0.0247,0.00741450815951458,0.006675));
#3437=CARTESIAN_POINT('',(0.0247,0.006,0.00657500000000001));
#3438=CARTESIAN_POINT('',(0.0247,0.00458549184048542,0.006475));
#3439=CARTESIAN_POINT('',(0.023475,0.00387823776072812,0.006375));
#3440=CARTESIAN_POINT('',(0.02225,0.00317098368097083,0.00627499999999999));
#3441=CARTESIAN_POINT('',(0.021025,0.00387823776072812,0.006175));
#3442=CARTESIAN_POINT('',(0.0198,0.00458549184048542,0.006075));
#3443=CARTESIAN_POINT('',(0.0198,0.006,0.00597500000000001));
#3444=CARTESIAN_POINT('',(0.0198,0.00741450815951458,0.005875));
#3445=CARTESIAN_POINT('',(0.021025,0.00812176223927186,0.005775));
#3446=CARTESIAN_POINT('',(0.02225,0.00882901631902917,0.005675));
#3447=CARTESIAN_POINT('',(0.023475,0.00812176223927188,0.005575));
#3448=CARTESIAN_POINT('',(0.0247,0.00741450815951458,0.005475));
#3449=CARTESIAN_POINT('',(0.0247,0.006,0.00537500000000001));
#3450=CARTESIAN_POINT('',(0.0247,0.00458549184048542,0.00527500000000001));
#3451=CARTESIAN_POINT('',(0.023475,0.00387823776072812,0.005175));
#3452=CARTESIAN_POINT('',(0.02225,0.00317098368097083,0.005075));
#3453=CARTESIAN_POINT('',(0.021025,0.00387823776072812,0.004975));
#3454=CARTESIAN_POINT('',(0.0198,0.00458549184048542,0.004875));
#3455=CARTESIAN_POINT('',(0.0198,0.006,0.00477500000000001));
#3456=CARTESIAN_POINT('',(0.0198,0.00741450815951458,0.004675));
#3457=CARTESIAN_POINT('',(0.021025,0.00812176223927186,0.004575));
#3458=CARTESIAN_POINT('',(0.02225,0.00882901631902917,0.00447500000000001));
#3459=CARTESIAN_POINT('',(0.023475,0.00812176223927188,0.004375));
#3460=CARTESIAN_POINT('',(0.0247,0.00741450815951458,0.004275));
#3461=CARTESIAN_POINT('',(0.0247,0.006,0.004175));
#3462=CARTESIAN_POINT('',(0.0247,0.00458549184048542,0.004075));
#3463=CARTESIAN_POINT('',(0.023475,0.00387823776072812,0.003975));
#3464=CARTESIAN_POINT('',(0.02225,0.00317098368097083,0.003875));
#3465=CARTESIAN_POINT('',(0.021025,0.00387823776072812,0.003775));
#3466=CARTESIAN_POINT('',(0.0198,0.00458549184048542,0.003675));
#3467=CARTESIAN_POINT('',(0.0198,0.006,0.003575));
#3468=CARTESIAN_POINT('',(0.0198,0.00741450815951458,0.003475));
#3469=CARTESIAN_POINT('',(0.021025,0.00812176223927186,0.003375));
#3470=CARTESIAN_POINT('',(0.02225,0.00882901631902917,0.003275));
#3471=CARTESIAN_POINT('',(0.023475,0.00812176223927188,0.003175));
#3472=CARTESIAN_POINT('',(0.0247,0.00741450815951458,0.003075));
#3473=CARTESIAN_POINT('',(0.0247,0.006,0.002975));
#3474=CARTESIAN_POINT('',(0.0247,0.00458549184048542,0.002875));
#3475=CARTESIAN_POINT('',(0.023475,0.00387823776072812,0.002775));
#3476=CARTESIAN_POINT('',(0.02225,0.00317098368097083,0.002675));
#3477=CARTESIAN_POINT('',(0.021025,0.00387823776072812,0.002575));
#3478=CARTESIAN_POINT('',(0.0198,0.00458549184048542,0.002475));
#3479=CARTESIAN_POINT('',(0.0198,0.006,0.002375));
#3480=CARTESIAN_POINT('',(0.0198,0.00741450815951458,0.002275));
#3481=CARTESIAN_POINT('',(0.021025,0.00812176223927186,0.002175));
#3482=CARTESIAN_POINT('',(0.02225,0.00882901631902917,0.002075));
#3483=CARTESIAN_POINT('',(0.023475,0.00812176223927188,0.001975));
#3484=CARTESIAN_POINT('',(0.0247,0.00741450815951458,0.001875));
#3485=CARTESIAN_POINT('',(0.0247,0.006,0.001775));
#3486=CARTESIAN_POINT('',(0.0247,0.006,0.008225));
#3487=CARTESIAN_POINT('',(0.0247,0.00458549184048542,0.008125));
#3488=CARTESIAN_POINT('',(0.023475,0.00387823776072812,0.00802499999999999));
#3489=CARTESIAN_POINT('',(0.02225,0.00317098368097083,0.00792500000000001));
#3490=CARTESIAN_POINT('',(0.021025,0.00387823776072812,0.007825));
#3491=CARTESIAN_POINT('',(0.0198,0.00458549184048542,0.007725));
#3492=CARTESIAN_POINT('',(0.0198,0.006,0.00762500000000001));
#3493=CARTESIAN_POINT('',(0.0198,0.00741450815951458,0.00752500000000001));
#3494=CARTESIAN_POINT('',(0.021025,0.00812176223927186,0.007425));
#3495=CARTESIAN_POINT('',(0.02225,0.00882901631902917,0.007325));
#3496=CARTESIAN_POINT('',(0.023475,0.00812176223927188,0.007225));
#3497=CARTESIAN_POINT('',(0.0247,0.00741450815951458,0.00712500000000001));
#3498=CARTESIAN_POINT('',(0.0247,0.006,0.00702500000000001));
#3499=CARTESIAN_POINT('',(0.0247,0.00458549184048542,0.006925));
#3500=CARTESIAN_POINT('',(0.023475,0.00387823776072812,0.006825));
#3501=CARTESIAN_POINT('',(0.02225,0.00317098368097083,0.00672500000000001));
#3502=CARTESIAN_POINT('',(0.021025,0.00387823776072812,0.006625));
#3503=CARTESIAN_POINT('',(0.0198,0.00458549184048542,0.006525));
#3504=CARTESIAN_POINT('',(0.0198,0.006,0.00642499999999999));
#3505=CARTESIAN_POINT('',(0.0198,0.00741450815951458,0.00632499999999999));
#3506=CARTESIAN_POINT('',(0.021025,0.00812176223927186,0.006225));
#3507=CARTESIAN_POINT('',(0.02225,0.00882901631902917,0.006125));
#3508=CARTESIAN_POINT('',(0.023475,0.00812176223927188,0.006025));
#3509=CARTESIAN_POINT('',(0.0247,0.00741450815951458,0.00592499999999999));
#3510=CARTESIAN_POINT('',(0.0247,0.006,0.00582499999999999));
#3511=CARTESIAN_POINT('',(0.0247,0.00458549184048542,0.005725));
#3512=CARTESIAN_POINT('',(0.023475,0.00387823776072812,0.005625));
#3513=CARTESIAN_POINT('',(0.02225,0.00317098368097083,0.00552499999999999));
#3514=CARTESIAN_POINT('',(0.021025,0.00387823776072812,0.005425));
#3515=CARTESIAN_POINT('',(0.0198,0.00458549184048542,0.005325));
#3516=CARTESIAN_POINT('',(0.0198,0.006,0.00522500000000001));
#3517=CARTESIAN_POINT('',(0.0198,0.00741450815951458,0.005125));
#3518=CARTESIAN_POINT('',(0.021025,0.00812176223927186,0.005025));
#3519=CARTESIAN_POINT('',(0.02225,0.00882901631902917,0.004925));
#3520=CARTESIAN_POINT('',(0.023475,0.00812176223927188,0.004825));
#3521=CARTESIAN_POINT('',(0.0247,0.00741450815951458,0.004725));
#3522=CARTESIAN_POINT('',(0.0247,0.006,0.00462499999999999));
#3523=CARTESIAN_POINT('',(0.0247,0.00458549184048542,0.004525));
#3524=CARTESIAN_POINT('',(0.023475,0.00387823776072812,0.004425));
#3525=CARTESIAN_POINT('',(0.02225,0.00317098368097083,0.004325));
#3526=CARTESIAN_POINT('',(0.021025,0.00387823776072812,0.004225));
#3527=CARTESIAN_POINT('',(0.0198,0.00458549184048542,0.004125));
#3528=CARTESIAN_POINT('',(0.0198,0.006,0.004025));
#3529=CARTESIAN_POINT('',(0.0198,0.00741450815951458,0.003925));
#3530=CARTESIAN_POINT('',(0.021025,0.00812176223927186,0.003825));
#3531=CARTESIAN_POINT('',(0.02225,0.00882901631902917,0.00372500000000001));
#3532=CARTESIAN_POINT('',(0.023475,0.00812176223927188,0.003625));
#3533=CARTESIAN_POINT('',(0.0247,0.00741450815951458,0.003525));
#3534=CARTESIAN_POINT('',(0.0247,0.006,0.003425));
#3535=CARTESIAN_POINT('',(0.0247,0.00458549184048542,0.003325));
#3536=CARTESIAN_POINT('',(0.023475,0.00387823776072812,0.003225));
#3537=CARTESIAN_POINT('',(0.02225,0.00317098368097083,0.003125));
#3538=CARTESIAN_POINT('',(0.021025,0.00387823776072812,0.003025));
#3539=CARTESIAN_POINT('',(0.0198,0.00458549184048542,0.002925));
#3540=CARTESIAN_POINT('',(0.0198,0.006,0.002825));
#3541=CARTESIAN_POINT('',(0.0198,0.00741450815951458,0.002725));
#3542=CARTESIAN_POINT('',(0.021025,0.00812176223927186,0.002625));
#3543=CARTESIAN_POINT('',(0.02225,0.00882901631902917,0.002525));
#3544=CARTESIAN_POINT('',(0.023475,0.00812176223927188,0.002425));
#3545=CARTESIAN_POINT('',(0.0247,0.00741450815951458,0.002325));
#3546=CARTESIAN_POINT('',(0.0247,0.006,0.002225));
#3547=CARTESIAN_POINT('',(0.02425,0.006,0.008225));
#3548=CARTESIAN_POINT('',(0.02425,0.00484529946162075,0.008125));
#3549=CARTESIAN_POINT('',(0.02325,0.00426794919243112,0.008025));
#3550=CARTESIAN_POINT('',(0.02225,0.00369059892324149,0.007925));
#3551=CARTESIAN_POINT('',(0.02125,0.00426794919243112,0.007825));
#3552=CARTESIAN_POINT('',(0.02025,0.00484529946162075,0.007725));
#3553=CARTESIAN_POINT('',(0.02025,0.006,0.007625));
#3554=CARTESIAN_POINT('',(0.02025,0.00715470053837925,0.007525));
#3555=CARTESIAN_POINT('',(0.02125,0.00773205080756888,0.007425));
#3556=CARTESIAN_POINT('',(0.02225,0.0083094010767585,0.00732500000000001));
#3557=CARTESIAN_POINT('',(0.02325,0.00773205080756888,0.007225));
#3558=CARTESIAN_POINT('',(0.02425,0.00715470053837925,0.007125));
#3559=CARTESIAN_POINT('',(0.02425,0.006,0.007025));
#3560=CARTESIAN_POINT('',(0.02425,0.00484529946162075,0.006925));
#3561=CARTESIAN_POINT('',(0.02325,0.00426794919243112,0.006825));
#3562=CARTESIAN_POINT('',(0.02225,0.00369059892324149,0.006725));
#3563=CARTESIAN_POINT('',(0.02125,0.00426794919243112,0.006625));
#3564=CARTESIAN_POINT('',(0.02025,0.00484529946162075,0.00652499999999999));
#3565=CARTESIAN_POINT('',(0.02025,0.006,0.006425));
#3566=CARTESIAN_POINT('',(0.02025,0.00715470053837925,0.006325));
#3567=CARTESIAN_POINT('',(0.02125,0.00773205080756888,0.006225));
#3568=CARTESIAN_POINT('',(0.02225,0.0083094010767585,0.006125));
#3569=CARTESIAN_POINT('',(0.02325,0.00773205080756888,0.006025));
#3570=CARTESIAN_POINT('',(0.02425,0.00715470053837925,0.005925));
#3571=CARTESIAN_POINT('',(0.02425,0.006,0.005825));
#3572=CARTESIAN_POINT('',(0.02425,0.00484529946162075,0.005725));
#3573=CARTESIAN_POINT('',(0.02325,0.00426794919243112,0.005625));
#3574=CARTESIAN_POINT('',(0.02225,0.00369059892324149,0.00552500000000001));
#3575=CARTESIAN_POINT('',(0.02125,0.00426794919243112,0.005425));
#3576=CARTESIAN_POINT('',(0.02025,0.00484529946162075,0.005325));
#3577=CARTESIAN_POINT('',(0.02025,0.006,0.005225));
#3578=CARTESIAN_POINT('',(0.02025,0.00715470053837925,0.005125));
#3579=CARTESIAN_POINT('',(0.02125,0.00773205080756888,0.005025));
#3580=CARTESIAN_POINT('',(0.02225,0.0083094010767585,0.004925));
#3581=CARTESIAN_POINT('',(0.02325,0.00773205080756888,0.004825));
#3582=CARTESIAN_POINT('',(0.02425,0.00715470053837925,0.004725));
#3583=CARTESIAN_POINT('',(0.02425,0.006,0.004625));
#3584=CARTESIAN_POINT('',(0.02425,0.00484529946162075,0.004525));
#3585=CARTESIAN_POINT('',(0.02325,0.00426794919243112,0.004425));
#3586=CARTESIAN_POINT('',(0.02225,0.00369059892324149,0.004325));
#3587=CARTESIAN_POINT('',(0.02125,0.00426794919243112,0.004225));
#3588=CARTESIAN_POINT('',(0.02025,0.00484529946162075,0.004125));
#3589=CARTESIAN_POINT('',(0.02025,0.006,0.004025));
#3590=CARTESIAN_POINT('',(0.02025,0.00715470053837925,0.003925));
#3591=CARTESIAN_POINT('',(0.02125,0.00773205080756888,0.003825));
#3592=CARTESIAN_POINT('',(0.02225,0.0083094010767585,0.003725));
#3593=CARTESIAN_POINT('',(0.02325,0.00773205080756888,0.003625));
#3594=CARTESIAN_POINT('',(0.02425,0.00715470053837925,0.003525));
#3595=CARTESIAN_POINT('',(0.02425,0.006,0.003425));
#3596=CARTESIAN_POINT('',(0.02425,0.00484529946162075,0.003325));
#3597=CARTESIAN_POINT('',(0.02325,0.00426794919243112,0.003225));
#3598=CARTESIAN_POINT('',(0.02225,0.00369059892324149,0.003125));
#3599=CARTESIAN_POINT('',(0.02125,0.00426794919243112,0.003025));
#3600=CARTESIAN_POINT('',(0.02025,0.00484529946162075,0.002925));
#3601=CARTESIAN_POINT('',(0.02025,0.006,0.002825));
#3602=CARTESIAN_POINT('',(0.02025,0.00715470053837925,0.002725));
#3603=CARTESIAN_POINT('',(0.02125,0.00773205080756888,0.002625));
#3604=CARTESIAN_POINT('',(0.02225,0.0083094010767585,0.002525));
#3605=CARTESIAN_POINT('',(0.02325,0.00773205080756888,0.002425));
#3606=CARTESIAN_POINT('',(0.02425,0.00715470053837925,0.002325));
#3607=CARTESIAN_POINT('',(0.02425,0.006,0.002225));
#3608=CARTESIAN_POINT('',(0.0238,0.006,0.008225));
#3609=CARTESIAN_POINT('',(0.0238,0.00510510708275607,0.008125));
#3610=CARTESIAN_POINT('',(0.023025,0.00465766062413412,0.00802499999999999));
#3611=CARTESIAN_POINT('',(0.02225,0.00421021416551216,0.00792500000000001));
#3612=CARTESIAN_POINT('',(0.021475,0.00465766062413412,0.007825));
#3613=CARTESIAN_POINT('',(0.0207,0.00510510708275607,0.007725));
#3614=CARTESIAN_POINT('',(0.0207,0.006,0.00762500000000001));
#3615=CARTESIAN_POINT('',(0.0207,0.00689489291724392,0.00752500000000001));
#3616=CARTESIAN_POINT('',(0.021475,0.00734233937586588,0.007425));
#3617=CARTESIAN_POINT('',(0.02225,0.00778978583448784,0.007325));
#3618=CARTESIAN_POINT('',(0.023025,0.00734233937586588,0.007225));
#3619=CARTESIAN_POINT('',(0.0238,0.00689489291724392,0.00712500000000001));
#3620=CARTESIAN_POINT('',(0.0238,0.006,0.00702500000000001));
#3621=CARTESIAN_POINT('',(0.0238,0.00510510708275607,0.006925));
#3622=CARTESIAN_POINT('',(0.023025,0.00465766062413412,0.006825));
#3623=CARTESIAN_POINT('',(0.02225,0.00421021416551216,0.00672500000000001));
#3624=CARTESIAN_POINT('',(0.021475,0.00465766062413412,0.006625));
#3625=CARTESIAN_POINT('',(0.0207,0.00510510708275607,0.006525));
#3626=CARTESIAN_POINT('',(0.0207,0.006,0.00642499999999999));
#3627=CARTESIAN_POINT('',(0.0207,0.00689489291724392,0.00632499999999999));
#3628=CARTESIAN_POINT('',(0.021475,0.00734233937586588,0.006225));
#3629=CARTESIAN_POINT('',(0.02225,0.00778978583448784,0.006125));
#3630=CARTESIAN_POINT('',(0.023025,0.00734233937586588,0.006025));
#3631=CARTESIAN_POINT('',(0.0238,0.00689489291724392,0.00592499999999999));
#3632=CARTESIAN_POINT('',(0.0238,0.006,0.00582499999999999));
#3633=CARTESIAN_POINT('',(0.0238,0.00510510708275607,0.005725));
#3634=CARTESIAN_POINT('',(0.023025,0.00465766062413412,0.005625));
#3635=CARTESIAN_POINT('',(0.02225,0.00421021416551216,0.00552499999999999));
#3636=CARTESIAN_POINT('',(0.021475,0.00465766062413412,0.005425));
#3637=CARTESIAN_POINT('',(0.0207,0.00510510708275607,0.005325));
#3638=CARTESIAN_POINT('',(0.0207,0.006,0.00522500000000001));
#3639=CARTESIAN_POINT('',(0.0207,0.00689489291724392,0.005125));
#3640=CARTESIAN_POINT('',(0.021475,0.00734233937586588,0.005025));
#3641=CARTESIAN_POINT('',(0.02225,0.00778978583448784,0.004925));
#3642=CARTESIAN_POINT('',(0.023025,0.00734233937586588,0.004825));
#3643=CARTESIAN_POINT('',(0.0238,0.00689489291724392,0.004725));
#3644=CARTESIAN_POINT('',(0.0238,0.006,0.00462499999999999));
#3645=CARTESIAN_POINT('',(0.0238,0.00510510708275607,0.004525));
#3646=CARTESIAN_POINT('',(0.023025,0.00465766062413412,0.004425));
#3647=CARTESIAN_POINT('',(0.02225,0.00421021416551216,0.004325));
#3648=CARTESIAN_POINT('',(0.021475,0.00465766062413412,0.004225));
#3649=CARTESIAN_POINT('',(0.0207,0.00510510708275607,0.004125));
#3650=CARTESIAN_POINT('',(0.0207,0.006,0.004025));
#3651=CARTESIAN_POINT('',(0.0207,0.00689489291724392,0.003925));
#3652=CARTESIAN_POINT('',(0.021475,0.00734233937586588,0.003825));
#3653=CARTESIAN_POINT('',(0.02225,0.00778978583448784,0.00372500000000001));
#3654=CARTESIAN_POINT('',(0.023025,0.00734233937586588,0.003625));
#3655=CARTESIAN_POINT('',(0.0238,0.00689489291724392,0.003525));
#3656=CARTESIAN_POINT('',(0.0238,0.006,0.003425));
#3657=CARTESIAN_POINT('',(0.0238,0.00510510708275607,0.003325));
#3658=CARTESIAN_POINT('',(0.023025,0.00465766062413412,0.003225));
#3659=CARTESIAN_POINT('',(0.02225,0.00421021416551216,0.003125));
#3660=CARTESIAN_POINT('',(0.021475,0.00465766062413412,0.003025));
#3661=CARTESIAN_POINT('',(0.0207,0.00510510708275607,0.002925));
#3662=CARTESIAN_POINT('',(0.0207,0.006,0.002825));
#3663=CARTESIAN_POINT('',(0.0207,0.00689489291724392,0.002725));
#3664=CARTESIAN_POINT('',(0.021475,0.00734233937586588,0.002625));
#3665=CARTESIAN_POINT('',(0.02225,0.00778978583448784,0.002525));
#3666=CARTESIAN_POINT('',(0.023025,0.00734233937586588,0.002425));
#3667=CARTESIAN_POINT('',(0.0238,0.00689489291724392,0.002325));
#3668=CARTESIAN_POINT('',(0.0238,0.006,0.002225));
#3669=CARTESIAN_POINT('',(0.0238,0.006,0.007775));
#3670=CARTESIAN_POINT('',(0.0238,0.00510510708275607,0.007675));
#3671=CARTESIAN_POINT('',(0.023025,0.00465766062413412,0.00757499999999999));
#3672=CARTESIAN_POINT('',(0.02225,0.00421021416551216,0.00747500000000001));
#3673=CARTESIAN_POINT('',(0.021475,0.00465766062413412,0.007375));
#3674=CARTESIAN_POINT('',(0.0207,0.00510510708275607,0.007275));
#3675=CARTESIAN_POINT('',(0.0207,0.006,0.00717500000000001));
#3676=CARTESIAN_POINT('',(0.0207,0.00689489291724392,0.00707500000000001));
#3677=CARTESIAN_POINT('',(0.021475,0.00734233937586588,0.006975));
#3678=CARTESIAN_POINT('',(0.02225,0.00778978583448784,0.006875));
#3679=CARTESIAN_POINT('',(0.023025,0.00734233937586588,0.006775));
#3680=CARTESIAN_POINT('',(0.0238,0.00689489291724392,0.006675));
#3681=CARTESIAN_POINT('',(0.0238,0.006,0.00657500000000001));
#3682=CARTESIAN_POINT('',(0.0238,0.00510510708275607,0.006475));
#3683=CARTESIAN_POINT('',(0.023025,0.00465766062413412,0.006375));
#3684=CARTESIAN_POINT('',(0.02225,0.00421021416551216,0.00627499999999999));
#3685=CARTESIAN_POINT('',(0.021475,0.00465766062413412,0.006175));
#3686=CARTESIAN_POINT('',(0.0207,0.00510510708275607,0.006075));
#3687=CARTESIAN_POINT('',(0.0207,0.006,0.00597500000000001));
#3688=CARTESIAN_POINT('',(0.0207,0.00689489291724392,0.005875));
#3689=CARTESIAN_POINT('',(0.021475,0.00734233937586588,0.005775));
#3690=CARTESIAN_POINT('',(0.02225,0.00778978583448784,0.005675));
#3691=CARTESIAN_POINT('',(0.023025,0.00734233937586588,0.005575));
#3692=CARTESIAN_POINT('',(0.0238,0.00689489291724392,0.005475));
#3693=CARTESIAN_POINT('',(0.0238,0.006,0.00537500000000001));
#3694=CARTESIAN_POINT('',(0.0238,0.00510510708275607,0.00527500000000001));
#3695=CARTESIAN_POINT('',(0.023025,0.00465766062413412,0.005175));
#3696=CARTESIAN_POINT('',(0.02225,0.00421021416551216,0.005075));
#3697=CARTESIAN_POINT('',(0.021475,0.00465766062413412,0.004975));
#3698=CARTESIAN_POINT('',(0.0207,0.00510510708275607,0.004875));
#3699=CARTESIAN_POINT('',(0.0207,0.006,0.00477500000000001));
#3700=CARTESIAN_POINT('',(0.0207,0.00689489291724392,0.004675));
#3701=CARTESIAN_POINT('',(0.021475,0.00734233937586588,0.004575));
#3702=CARTESIAN_POINT('',(0.02225,0.00778978583448784,0.00447500000000001));
#3703=CARTESIAN_POINT('',(0.023025,0.00734233937586588,0.004375));
#3704=CARTESIAN_POINT('',(0.0238,0.00689489291724392,0.004275));
#3705=CARTESIAN_POINT('',(0.0238,0.006,0.004175));
#3706=CARTESIAN_POINT('',(0.0238,0.00510510708275607,0.004075));
#3707=CARTESIAN_POINT('',(0.023025,0.00465766062413412,0.003975));
#3708=CARTESIAN_POINT('',(0.02225,0.00421021416551216,0.003875));
#3709=CARTESIAN_POINT('',(0.021475,0.00465766062413412,0.003775));
#3710=CARTESIAN_POINT('',(0.0207,0.00510510708275607,0.003675));
#3711=CARTESIAN_POINT('',(0.0207,0.006,0.003575));
#3712=CARTESIAN_POINT('',(0.0207,0.00689489291724392,0.003475));
#3713=CARTESIAN_POINT('',(0.021475,0.00734233937586588,0.003375));
#3714=CARTESIAN_POINT('',(0.02225,0.00778978583448784,0.003275));
#3715=CARTESIAN_POINT('',(0.023025,0.00734233937586588,0.003175));
#3716=CARTESIAN_POINT('',(0.0238,0.00689489291724392,0.003075));
#3717=CARTESIAN_POINT('',(0.0238,0.006,0.002975));
#3718=CARTESIAN_POINT('',(0.0238,0.00510510708275607,0.002875));
#3719=CARTESIAN_POINT('',(0.023025,0.00465766062413412,0.002775));
#3720=CARTESIAN_POINT('',(0.02225,0.00421021416551216,0.002675));
#3721=CARTESIAN_POINT('',(0.021475,0.00465766062413412,0.002575));
#3722=CARTESIAN_POINT('',(0.0207,0.00510510708275607,0.002475));
#3723=CARTESIAN_POINT('',(0.0207,0.006,0.002375));
#3724=CARTESIAN_POINT('',(0.0207,0.00689489291724392,0.002275));
#3725=CARTESIAN_POINT('',(0.021475,0.00734233937586588,0.002175));
#3726=CARTESIAN_POINT('',(0.02225,0.00778978583448784,0.002075));
#3727=CARTESIAN_POINT('',(0.023025,0.00734233937586588,0.001975));
#3728=CARTESIAN_POINT('',(0.0238,0.00689489291724392,0.001875));
#3729=CARTESIAN_POINT('',(0.0238,0.006,0.001775));
#3730=CARTESIAN_POINT('',(0.02425,0.006,0.007775));
#3731=CARTESIAN_POINT('',(0.02425,0.00484529946162075,0.007675));
#3732=CARTESIAN_POINT('',(0.02325,0.00426794919243112,0.007575));
#3733=CARTESIAN_POINT('',(0.02225,0.00369059892324149,0.007475));
#3734=CARTESIAN_POINT('',(0.02125,0.00426794919243112,0.007375));
#3735=CARTESIAN_POINT('',(0.02025,0.00484529946162075,0.007275));
#3736=CARTESIAN_POINT('',(0.02025,0.006,0.007175));
#3737=CARTESIAN_POINT('',(0.02025,0.00715470053837925,0.007075));
#3738=CARTESIAN_POINT('',(0.02125,0.00773205080756888,0.006975));
#3739=CARTESIAN_POINT('',(0.02225,0.0083094010767585,0.006875));
#3740=CARTESIAN_POINT('',(0.02325,0.00773205080756888,0.006775));
#3741=CARTESIAN_POINT('',(0.02425,0.00715470053837925,0.006675));
#3742=CARTESIAN_POINT('',(0.02425,0.006,0.006575));
#3743=CARTESIAN_POINT('',(0.02425,0.00484529946162075,0.006475));
#3744=CARTESIAN_POINT('',(0.02325,0.00426794919243112,0.006375));
#3745=CARTESIAN_POINT('',(0.02225,0.00369059892324149,0.00627500000000001));
#3746=CARTESIAN_POINT('',(0.02125,0.00426794919243112,0.006175));
#3747=CARTESIAN_POINT('',(0.02025,0.00484529946162075,0.006075));
#3748=CARTESIAN_POINT('',(0.02025,0.006,0.005975));
#3749=CARTESIAN_POINT('',(0.02025,0.00715470053837925,0.005875));
#3750=CARTESIAN_POINT('',(0.02125,0.00773205080756888,0.005775));
#3751=CARTESIAN_POINT('',(0.02225,0.0083094010767585,0.005675));
#3752=CARTESIAN_POINT('',(0.02325,0.00773205080756888,0.005575));
#3753=CARTESIAN_POINT('',(0.02425,0.00715470053837925,0.005475));
#3754=CARTESIAN_POINT('',(0.02425,0.006,0.005375));
#3755=CARTESIAN_POINT('',(0.02425,0.00484529946162075,0.005275));
#3756=CARTESIAN_POINT('',(0.02325,0.00426794919243112,0.005175));
#3757=CARTESIAN_POINT('',(0.02225,0.00369059892324149,0.005075));
#3758=CARTESIAN_POINT('',(0.02125,0.00426794919243112,0.004975));
#3759=CARTESIAN_POINT('',(0.02025,0.00484529946162075,0.004875));
#3760=CARTESIAN_POINT('',(0.02025,0.006,0.004775));
#3761=CARTESIAN_POINT('',(0.02025,0.00715470053837925,0.004675));
#3762=CARTESIAN_POINT('',(0.02125,0.00773205080756888,0.004575));
#3763=CARTESIAN_POINT('',(0.02225,0.0083094010767585,0.004475));
#3764=CARTESIAN_POINT('',(0.02325,0.00773205080756888,0.004375));
#3765=CARTESIAN_POINT('',(0.02425,0.00715470053837925,0.004275));
#3766=CARTESIAN_POINT('',(0.02425,0.006,0.004175));
#3767=CARTESIAN_POINT('',(0.02425,0.00484529946162075,0.004075));
#3768=CARTESIAN_POINT('',(0.02325,0.00426794919243112,0.003975));
#3769=CARTESIAN_POINT('',(0.02225,0.00369059892324149,0.003875));
#3770=CARTESIAN_POINT('',(0.02125,0.00426794919243112,0.003775));
#3771=CARTESIAN_POINT('',(0.02025,0.00484529946162075,0.003675));
#3772=CARTESIAN_POINT('',(0.02025,0.006,0.003575));
#3773=CARTESIAN_POINT('',(0.02025,0.00715470053837925,0.003475));
#3774=CARTESIAN_POINT('',(0.02125,0.00773205080756888,0.003375));
#3775=CARTESIAN_POINT('',(0.02225,0.0083094010767585,0.003275));
#3776=CARTESIAN_POINT('',(0.02325,0.00773205080756888,0.003175));
#3777=CARTESIAN_POINT('',(0.02425,0.00715470053837925,0.003075));
#3778=CARTESIAN_POINT('',(0.02425,0.006,0.002975));
#3779=CARTESIAN_POINT('',(0.02425,0.00484529946162075,0.002875));
#3780=CARTESIAN_POINT('',(0.02325,0.00426794919243112,0.002775));
#3781=CARTESIAN_POINT('',(0.02225,0.00369059892324149,0.002675));
#3782=CARTESIAN_POINT('',(0.02125,0.00426794919243112,0.002575));
#3783=CARTESIAN_POINT('',(0.02025,0.00484529946162075,0.002475));
#3784=CARTESIAN_POINT('',(0.02025,0.006,0.002375));
#3785=CARTESIAN_POINT('',(0.02025,0.00715470053837925,0.002275));
#3786=CARTESIAN_POINT('',(0.02125,0.00773205080756888,0.002175));
#3787=CARTESIAN_POINT('',(0.02225,0.0083094010767585,0.002075));
#3788=CARTESIAN_POINT('',(0.02325,0.00773205080756888,0.001975));
#3789=CARTESIAN_POINT('',(0.02425,0.00715470053837925,0.001875));
#3790=CARTESIAN_POINT('',(0.02425,0.006,0.001775));
#3791=CARTESIAN_POINT('',(0.02425,0.006,0.002));
#3792=CARTESIAN_POINT('',(0.024475,0.006,0.008));
#3793=CARTESIAN_POINT('',(0.024475,0.00579842576365102,0.008));
#3794=CARTESIAN_POINT('',(0.0244166592229858,0.00539735279576738,0.00799999999999982));
#3795=CARTESIAN_POINT('',(0.0242028021961603,0.0049403679914822,0.0080000000000001));
#3796=CARTESIAN_POINT('',(0.0239564977840945,0.00462612463702023,0.00799999999999979));
#3797=CARTESIAN_POINT('',(0.0237373261925533,0.00442097388934391,0.00800000000000076));
#3798=CARTESIAN_POINT('',(0.0234854559366039,0.00425505215830826,0.00799999999999716));
#3799=CARTESIAN_POINT('',(0.023277156799274,0.00416044615858805,0.00800000000000726));
#3800=CARTESIAN_POINT('',(0.0231296802661309,0.00412983582229987,0.00799999999999205));
#3801=CARTESIAN_POINT('',(0.0230547792264069,0.0041142143901458,0.00800000000000218));
#3802=CARTESIAN_POINT('',(0.0229738265644477,0.00415703022316464,0.00799999999999921));
#3803=CARTESIAN_POINT('',(0.023068845889512,0.00424774866630426,0.00800000000000085));
#3804=CARTESIAN_POINT('',(0.0231536537398934,0.00432001327196021,0.00799999999999618));
#3805=CARTESIAN_POINT('',(0.0233133491505238,0.00445331557300264,0.0080000000000022));
#3806=CARTESIAN_POINT('',(0.0234903424826246,0.00462806727273139,0.00799999999999927));
#3807=CARTESIAN_POINT('',(0.0237376097151792,0.00494203988707261,0.00800000000000044));
#3808=CARTESIAN_POINT('',(0.0239614264556661,0.00539824391393611,0.00799999999999984));
#3809=CARTESIAN_POINT('',(0.024025,0.00579718747292443,0.008));
#3810=CARTESIAN_POINT('',(0.024025,0.006,0.008));
#3811=CARTESIAN_POINT('',(0.0240625,0.006,0.002));
#3812=CARTESIAN_POINT('',(0.,0.,0.008));
#3813=CARTESIAN_POINT('',(0.02225,0.006,0.008));
#3814=CARTESIAN_POINT('',(0.0245,0.006,0.008));
#3815=CARTESIAN_POINT('',(0.02225,0.006,0.008));
#3816=CARTESIAN_POINT('',(0.02365,0.006,0.008));
#3817=CARTESIAN_POINT('',(0.02225,0.006,0.01));
#3818=CARTESIAN_POINT('',(0.02225,0.006,-0.0025));
#3819=CARTESIAN_POINT('',(0.02365,0.006,-0.0025));
#3820=CARTESIAN_POINT('',(0.,-3.46944695195361E-18,-0.003));
#3821=CARTESIAN_POINT('',(0.02225,0.006,-0.003));
#3822=CARTESIAN_POINT('',(0.02315,0.006,-0.003));
#3823=CARTESIAN_POINT('',(0.02225,0.006,0.008));
#3824=CARTESIAN_POINT('',(0.02225,0.006,0.0085));
#3825=CARTESIAN_POINT('',(0.025,0.006,0.0085));
#3826=CARTESIAN_POINT('',(0.02225,0.006,0.0095));
#3827=CARTESIAN_POINT('',(0.025,0.006,0.0095));
#3828=CARTESIAN_POINT('',(0.,-3.46944695195361E-18,0.01));
#3829=CARTESIAN_POINT('',(0.02225,0.006,0.01));
#3830=CARTESIAN_POINT('',(0.0245,0.006,0.01));
#3831=CARTESIAN_POINT('',(0.02225,0.006,-0.0025));
#3832=CARTESIAN_POINT('',(0.02225,0.006,0.0085));
#3833=CARTESIAN_POINT('',(0.02225,0.006,0.0095));
#3834=MECHANICAL_DESIGN_GEOMETRIC_PRESENTATION_REPRESENTATION('',(#1685,
#20,#21,#22,#23,#24,#25,#26,#27,#28,#29,#30,#31,#32,#33,#34,#35,#36,#37),
#3835);
#3835=(
GEOMETRIC_REPRESENTATION_CONTEXT(3)
GLOBAL_UNCERTAINTY_ASSIGNED_CONTEXT((#3836))
GLOBAL_UNIT_ASSIGNED_CONTEXT((#3839,#3838,#3837))
REPRESENTATION_CONTEXT('Main Body','TOP_LEVEL_ASSEMBLY_PART')
);
#3836=UNCERTAINTY_MEASURE_WITH_UNIT(LENGTH_MEASURE(2.E-5),#3839,
'DISTANCE_ACCURACY_VALUE','Maximum Tolerance applied to model');
#3837=(
NAMED_UNIT(*)
SI_UNIT($,.STERADIAN.)
SOLID_ANGLE_UNIT()
);
#3838=(
NAMED_UNIT(*)
PLANE_ANGLE_UNIT()
SI_UNIT($,.RADIAN.)
);
#3839=(
LENGTH_UNIT()
NAMED_UNIT(*)
SI_UNIT($,.METRE.)
);
#3840=PRODUCT_DEFINITION_SHAPE('','',#3841);
#3841=PRODUCT_DEFINITION('','',#3843,#3842);
#3842=PRODUCT_DEFINITION_CONTEXT('',#3849,'design');
#3843=PRODUCT_DEFINITION_FORMATION_WITH_SPECIFIED_SOURCE('','',#3845,
 .NOT_KNOWN.);
#3844=PRODUCT_RELATED_PRODUCT_CATEGORY('','',(#3845));
#3845=PRODUCT('Main Body','Main Body','Main Body',(#3847));
#3846=PRODUCT_CATEGORY('','');
#3847=PRODUCT_CONTEXT('',#3849,'mechanical');
#3848=APPLICATION_PROTOCOL_DEFINITION('international standard',
'ap242_managed_model_based_3d_engineering',2020,#3849);
#3849=APPLICATION_CONTEXT('managed model based 3d engineering');
ENDSEC;
END-ISO-10303-21;
