ISO-10303-21;
HEADER;
FILE_DESCRIPTION (( 'STEP AP214' ),
    '1' );
FILE_NAME ('CUI_DEVICES_RCJ-045.step',
    '2019-10-21T00:05:41',
    ( '' ),
    ( '' ),
    'SwSTEP 2.0',
    'SolidWorks 2019',
    '' );
FILE_SCHEMA (( 'AUTOMOTIVE_DESIGN' ));
ENDSEC;

DATA;
#1 = SURFACE_STYLE_FILL_AREA ( #1779 ) ;
#2 = UNCERTAINTY_MEASURE_WITH_UNIT (LENGTH_MEASURE( 1.000000000000000082E-05 ), #1463, 'distance_accuracy_value', 'NONE');
#3 = ORIENTED_EDGE ( 'NONE', *, *, #892, .F. ) ;
#4 = CARTESIAN_POINT ( 'NONE',  ( 0.2395493561423218676, -0.2047244094488189226, 0.06299212598425196763 ) ) ;
#5 = DIRECTION ( 'NONE',  ( -1.000000000000000000, -0.0000000000000000000, -0.0000000000000000000 ) ) ;
#6 = SURFACE_STYLE_FILL_AREA ( #1998 ) ;
#7 = ORIENTED_EDGE ( 'NONE', *, *, #1773, .T. ) ;
#8 = VECTOR ( 'NONE', #1705, 39.37007874015748143 ) ;
#9 = DIRECTION ( 'NONE',  ( 0.0000000000000000000, 0.0000000000000000000, 1.000000000000000000 ) ) ;
#10 = FILL_AREA_STYLE ('',( #1154 ) ) ;
#11 = CARTESIAN_POINT ( 'NONE',  ( 0.2395493561423218953, -0.2559055118110236671, -0.03937007874015773651 ) ) ;
#12 = EDGE_CURVE ( 'NONE', #1287, #2327, #156, .T. ) ;
#13 = FILL_AREA_STYLE_COLOUR ( '', #140 ) ;
#14 = ORIENTED_EDGE ( 'NONE', *, *, #2781, .F. ) ;
#15 = CARTESIAN_POINT ( 'NONE',  ( 0.2755905511811023723, -0.1968503937007874127, 0.1377952755905509641 ) ) ;
#16 = CARTESIAN_POINT ( 'NONE',  ( 0.3937007874015748254, 0.1633858267716535584, 3.542865366783341824E-17 ) ) ;
#17 = ADVANCED_FACE ( 'NONE', ( #1281 ), #2332, .F. ) ;
#18 = LINE ( 'NONE', #268, #950 ) ;
#19 = LINE ( 'NONE', #2438, #2768 ) ;
#20 = LINE ( 'NONE', #1333, #1700 ) ;
#21 = DIRECTION ( 'NONE',  ( 0.0000000000000000000, 5.782411586589301432E-16, 1.000000000000000000 ) ) ;
#22 = EDGE_LOOP ( 'NONE', ( #578, #1504, #1207, #294, #1636, #1025, #1014, #547, #2092, #1359 ) ) ;
#23 = UNCERTAINTY_MEASURE_WITH_UNIT (LENGTH_MEASURE( 1.000000000000000082E-05 ), #2018, 'distance_accuracy_value', 'NONE');
#24 = CYLINDRICAL_SURFACE ( 'NONE', #1698, 0.1181102362204724532 ) ;
#25 = ORIENTED_EDGE ( 'NONE', *, *, #2651, .F. ) ;
#26 = ADVANCED_FACE ( 'NONE', ( #552 ), #126, .T. ) ;
#27 = CARTESIAN_POINT ( 'NONE',  ( 0.2328915887395679174, -0.1968503937007873850, -0.06299212598425196763 ) ) ;
#28 =( NAMED_UNIT ( * ) PLANE_ANGLE_UNIT ( ) SI_UNIT ( $, .RADIAN. ) );
#29 = CARTESIAN_POINT ( 'NONE',  ( 0.9436874067777375474, 0.0000000000000000000, 0.0000000000000000000 ) ) ;
#30 = ADVANCED_FACE ( 'NONE', ( #2778 ), #1683, .T. ) ;
#31 = LENGTH_MEASURE_WITH_UNIT ( LENGTH_MEASURE( 0.02539999999999999897 ), #1374 );
#32 = LINE ( 'NONE', #2696, #2120 ) ;
#33 = VERTEX_POINT ( 'NONE', #2789 ) ;
#34 = VECTOR ( 'NONE', #2247, 39.37007874015748143 ) ;
#35 = SURFACE_STYLE_USAGE ( .BOTH. , #477 ) ;
#36 = VECTOR ( 'NONE', #2708, 39.37007874015748143 ) ;
#37 = CARTESIAN_POINT ( 'NONE',  ( 0.3346456692913387099, -0.3149606299212599492, 0.1968503937007872184 ) ) ;
#38 = VECTOR ( 'NONE', #1242, 39.37007874015748143 ) ;
#39 = VECTOR ( 'NONE', #695, 39.37007874015748143 ) ;
#40 = CARTESIAN_POINT ( 'NONE',  ( 0.03937007874015747977, -0.1968503937007874127, 0.1377952755905509641 ) ) ;
#41 = CARTESIAN_POINT ( 'NONE',  ( 0.2755905511811023723, -0.2559055118110237781, -0.1377952755905509641 ) ) ;
#42 = STYLED_ITEM ( 'NONE', ( #2292 ), #2462 ) ;
#43 = VERTEX_POINT ( 'NONE', #1431 ) ;
#44 = CARTESIAN_POINT ( 'NONE',  ( 0.0000000000000000000, -0.2559055118110237781, -0.07874015748031520934 ) ) ;
#45 = ORIENTED_EDGE ( 'NONE', *, *, #750, .T. ) ;
#46 = VECTOR ( 'NONE', #1387, 39.37007874015748143 ) ;
#47 = PRODUCT_DEFINITION_SHAPE ( 'NONE', 'NONE',  #2732 ) ;
#48 = CARTESIAN_POINT ( 'NONE',  ( 0.3885475311822815248, -0.2047244094488188948, 0.06299212598425196763 ) ) ;
#49 = DIRECTION ( 'NONE',  ( 0.0000000000000000000, 0.0000000000000000000, -1.000000000000000000 ) ) ;
#50 = CARTESIAN_POINT ( 'NONE',  ( 0.3937007874015748254, 0.0000000000000000000, 0.06496062992125985203 ) ) ;
#51 = EDGE_CURVE ( 'NONE', #2538, #919, #370, .T. ) ;
#52 = CARTESIAN_POINT ( 'NONE',  ( 0.3937007874015748254, -0.1968503937007873850, 0.06299212598425196763 ) ) ;
#53 =( BOUNDED_CURVE ( )  B_SPLINE_CURVE ( 3, ( #1699, #357, #1282, #144 ),
 .UNSPECIFIED., .F., .T. ) 
 B_SPLINE_CURVE_WITH_KNOTS ( ( 4, 4 ),
 ( 4.712388980384686121, 7.853981633974486343 ),
 .UNSPECIFIED. ) 
 CURVE ( )  GEOMETRIC_REPRESENTATION_ITEM ( )  RATIONAL_B_SPLINE_CURVE ( ( 1.000000000000000000, 0.3333333333333309834, 0.3333333333333309834, 1.000000000000000000 ) ) 
 REPRESENTATION_ITEM ( '' )  );
#54 = VERTEX_POINT ( 'NONE', #1487 ) ;
#55 = CARTESIAN_POINT ( 'NONE',  ( 0.7283464566929135353, 0.0000000000000000000, 0.0000000000000000000 ) ) ;
#56 = CARTESIAN_POINT ( 'NONE',  ( 0.07874015748031502893, -0.1968503937007873850, -0.07874015748031520934 ) ) ;
#57 = PRESENTATION_STYLE_ASSIGNMENT (( #2230 ) ) ;
#58 = VECTOR ( 'NONE', #2803, 39.37007874015748143 ) ;
#59 = PLANE ( 'NONE',  #2284 ) ;
#60 = DIRECTION ( 'NONE',  ( 0.0000000000000000000, 2.168404344971008621E-16, -1.000000000000000000 ) ) ;
#61 = COLOUR_RGB ( '',1.000000000000000000, 1.000000000000000000, 1.000000000000000000 ) ;
#62 = VERTEX_POINT ( 'NONE', #1059 ) ;
#63 =( NAMED_UNIT ( * ) SI_UNIT ( $, .STERADIAN. ) SOLID_ANGLE_UNIT ( ) );
#64 = ORIENTED_EDGE ( 'NONE', *, *, #2336, .F. ) ;
#65 = CARTESIAN_POINT ( 'NONE',  ( 0.7283464566929135353, 2.000899297819494852E-17, 0.1633858267716535861 ) ) ;
#66 =( NAMED_UNIT ( * ) PLANE_ANGLE_UNIT ( ) SI_UNIT ( $, .RADIAN. ) );
#67 = DIRECTION ( 'NONE',  ( -1.224765123292916509E-14, -1.000000000000000000, -0.0000000000000000000 ) ) ;
#68 = ORIENTED_EDGE ( 'NONE', *, *, #1914, .F. ) ;
#69 = EDGE_CURVE ( 'NONE', #1265, #866, #1934, .T. ) ;
#70 = CARTESIAN_POINT ( 'NONE',  ( 0.03149606299212595606, -0.3121399421843998323, -0.007381889763779528324 ) ) ;
#71 =( NAMED_UNIT ( * ) SI_UNIT ( $, .STERADIAN. ) SOLID_ANGLE_UNIT ( ) );
#72 = ADVANCED_FACE ( 'NONE', ( #1717 ), #167, .T. ) ;
#73 = DIRECTION ( 'NONE',  ( 0.0000000000000000000, 0.0000000000000000000, -1.000000000000000000 ) ) ;
#74 = CARTESIAN_POINT ( 'NONE',  ( 0.3937007874015748254, -0.1968503937007873850, -0.07874015748031520934 ) ) ;
#75 = ORIENTED_EDGE ( 'NONE', *, *, #852, .F. ) ;
#76 = FACE_OUTER_BOUND ( 'NONE', #969, .T. ) ;
#77 = VERTEX_POINT ( 'NONE', #2811 ) ;
#78 = CARTESIAN_POINT ( 'NONE',  ( 0.03149606299212595606, -0.3121399421843998323, 0.007381889763779528324 ) ) ;
#79 = CARTESIAN_POINT ( 'NONE',  ( 0.4003585548043288589, -0.1602448103104976429, -0.06299212598425196763 ) ) ;
#80 = FILL_AREA_STYLE_COLOUR ( '', #1253 ) ;
#81 = ORIENTED_EDGE ( 'NONE', *, *, #51, .F. ) ;
#82 = LINE ( 'NONE', #974, #1561 ) ;
#83 = DIRECTION ( 'NONE',  ( 0.0000000000000000000, 1.000000000000000000, 0.0000000000000000000 ) ) ;
#84 = VERTEX_POINT ( 'NONE', #433 ) ;
#85 = LINE ( 'NONE', #70, #2577 ) ;
#86 = PRESENTATION_LAYER_ASSIGNMENT (  '', '', ( #405 ) ) ;
#87 = VECTOR ( 'NONE', #2569, 39.37007874015748143 ) ;
#88 = LINE ( 'NONE', #292, #710 ) ;
#89 = FACE_OUTER_BOUND ( 'NONE', #1845, .T. ) ;
#90 = EDGE_CURVE ( 'NONE', #396, #496, #2632, .T. ) ;
#91 = VERTEX_POINT ( 'NONE', #655 ) ;
#92 = STYLED_ITEM ( 'NONE', ( #162 ), #2382 ) ;
#93 = CARTESIAN_POINT ( 'NONE',  ( 0.0000000000000000000, -0.1968503937007874127, 0.07874015748031472361 ) ) ;
#94 = ORIENTED_EDGE ( 'NONE', *, *, #1160, .F. ) ;
#95 = STYLED_ITEM ( 'NONE', ( #114 ), #1148 ) ;
#96 = STYLED_ITEM ( 'NONE', ( #999 ), #2600 ) ;
#97 = LINE ( 'NONE', #596, #2416 ) ;
#98 = FACE_OUTER_BOUND ( 'NONE', #175, .T. ) ;
#99 = ORIENTED_EDGE ( 'NONE', *, *, #1969, .T. ) ;
#100 = AXIS2_PLACEMENT_3D ( 'NONE', #2735, #326, #110 ) ;
#101 =( NAMED_UNIT ( * ) SI_UNIT ( $, .STERADIAN. ) SOLID_ANGLE_UNIT ( ) );
#102 = LINE ( 'NONE', #2253, #2535 ) ;
#103 = ORIENTED_EDGE ( 'NONE', *, *, #1825, .F. ) ;
#104 = SURFACE_STYLE_USAGE ( .BOTH. , #1435 ) ;
#105 = LINE ( 'NONE', #480, #2849 ) ;
#106 = ORIENTED_EDGE ( 'NONE', *, *, #1108, .T. ) ;
#107 = VECTOR ( 'NONE', #483, 39.37007874015748143 ) ;
#108 = EDGE_CURVE ( 'NONE', #1203, #1411, #2201, .T. ) ;
#109 = VECTOR ( 'NONE', #1201, 39.37007874015748143 ) ;
#110 = DIRECTION ( 'NONE',  ( 1.000000000000000000, 0.0000000000000000000, 0.0000000000000000000 ) ) ;
#111 = DIRECTION ( 'NONE',  ( 0.0000000000000000000, -1.000000000000000000, 0.0000000000000000000 ) ) ;
#112 = ORIENTED_EDGE ( 'NONE', *, *, #1335, .T. ) ;
#113 = EDGE_CURVE ( 'NONE', #778, #123, #730, .T. ) ;
#114 = PRESENTATION_STYLE_ASSIGNMENT (( #564 ) ) ;
#115 = DIRECTION ( 'NONE',  ( 1.000000000000000000, 0.0000000000000000000, 0.0000000000000000000 ) ) ;
#116 =( NAMED_UNIT ( * ) PLANE_ANGLE_UNIT ( ) SI_UNIT ( $, .RADIAN. ) );
#117 = FACE_OUTER_BOUND ( 'NONE', #2761, .T. ) ;
#118 = ORIENTED_EDGE ( 'NONE', *, *, #2548, .F. ) ;
#119 = CARTESIAN_POINT ( 'NONE',  ( 0.2755905511811023723, -0.2559055118110237781, 0.1377952755905509641 ) ) ;
#120 = LINE ( 'NONE', #2135, #787 ) ;
#121 = UNCERTAINTY_MEASURE_WITH_UNIT (LENGTH_MEASURE( 1.000000000000000082E-05 ), #2045, 'distance_accuracy_value', 'NONE');
#122 = LINE ( 'NONE', #2760, #2265 ) ;
#123 = VERTEX_POINT ( 'NONE', #773 ) ;
#124 = DIRECTION ( 'NONE',  ( 0.2754921105640215084, -0.9613033324695076098, 0.0000000000000000000 ) ) ;
#125 = EDGE_CURVE ( 'NONE', #1453, #664, #2303, .T. ) ;
#126 = PLANE ( 'NONE',  #2233 ) ;
#127 = DIRECTION ( 'NONE',  ( 0.0000000000000000000, 0.0000000000000000000, -1.000000000000000000 ) ) ;
#128 = CARTESIAN_POINT ( 'NONE',  ( 0.4003585548043288034, -0.1634806669054690298, 0.06299212598425196763 ) ) ;
#129 = ORIENTED_EDGE ( 'NONE', *, *, #1537, .T. ) ;
#130 = AXIS2_PLACEMENT_3D ( 'NONE', #1486, #2341, #823 ) ;
#131 = DIRECTION ( 'NONE',  ( -0.0000000000000000000, -0.0000000000000000000, -1.000000000000000000 ) ) ;
#132 = CARTESIAN_POINT ( 'NONE',  ( 0.3937007874015748254, 0.1633858267716535584, 0.07874015748031477913 ) ) ;
#133 = AXIS2_PLACEMENT_3D ( 'NONE', #2785, #352, #549 ) ;
#134 = PRESENTATION_LAYER_ASSIGNMENT (  '', '', ( #641 ) ) ;
#135 = FACE_OUTER_BOUND ( 'NONE', #210, .T. ) ;
#136 = ORIENTED_EDGE ( 'NONE', *, *, #2397, .T. ) ;
#137 = COLOUR_RGB ( '',1.000000000000000000, 1.000000000000000000, 1.000000000000000000 ) ;
#138 = PRESENTATION_LAYER_ASSIGNMENT (  '', '', ( #1941 ) ) ;
#139 = PLANE ( 'NONE',  #367 ) ;
#140 = COLOUR_RGB ( '',1.000000000000000000, 1.000000000000000000, 1.000000000000000000 ) ;
#141 = DIRECTION ( 'NONE',  ( -1.000000000000000000, -0.0000000000000000000, -0.0000000000000000000 ) ) ;
#142 = ORIENTED_EDGE ( 'NONE', *, *, #499, .F. ) ;
#143 = VECTOR ( 'NONE', #193, 39.37007874015748854 ) ;
#144 = CARTESIAN_POINT ( 'NONE',  ( 0.2533863545093216207, -0.3740157480314961203, 0.03937007874015722303 ) ) ;
#145 = ADVANCED_FACE ( 'NONE', ( #89 ), #568, .F. ) ;
#146 = FILL_AREA_STYLE_COLOUR ( '', #938 ) ;
#147 = DIRECTION ( 'NONE',  ( -1.000000000000000000, 0.0000000000000000000, 0.0000000000000000000 ) ) ;
#148 = ORIENTED_EDGE ( 'NONE', *, *, #1893, .T. ) ;
#149 = FACE_OUTER_BOUND ( 'NONE', #2112, .T. ) ;
#150 = DIRECTION ( 'NONE',  ( 0.0000000000000000000, 0.0000000000000000000, -1.000000000000000000 ) ) ;
#151 = ORIENTED_EDGE ( 'NONE', *, *, #1200, .T. ) ;
#152 = AXIS2_PLACEMENT_3D ( 'NONE', #1365, #2215, #1791 ) ;
#153 = LINE ( 'NONE', #2329, #2498 ) ;
#154 =( GEOMETRIC_REPRESENTATION_CONTEXT ( 3 ) GLOBAL_UNCERTAINTY_ASSIGNED_CONTEXT ( ( #2008 ) ) GLOBAL_UNIT_ASSIGNED_CONTEXT ( ( #2734, #2743, #1689 ) ) REPRESENTATION_CONTEXT ( 'NONE', 'WORKASPACE' ) );
#155 = CARTESIAN_POINT ( 'NONE',  ( 0.3346456692913387099, -0.2559055118110237781, -0.1377952755905509641 ) ) ;
#156 = LINE ( 'NONE', #1470, #2551 ) ;
#157 = CARTESIAN_POINT ( 'NONE',  ( 0.7677165354330710567, 0.1633858267716535584, 0.0000000000000000000 ) ) ;
#158 = EDGE_CURVE ( 'NONE', #266, #1568, #1731, .T. ) ;
#159 = CARTESIAN_POINT ( 'NONE',  ( 0.2600441219120755987, -0.3740157480314961203, 0.03937007874015722303 ) ) ;
#160 = ORIENTED_EDGE ( 'NONE', *, *, #1838, .T. ) ;
#161 = EDGE_CURVE ( 'NONE', #1079, #2169, #1441, .T. ) ;
#162 = PRESENTATION_STYLE_ASSIGNMENT (( #1276 ) ) ;
#163 = FILL_AREA_STYLE ('',( #2151 ) ) ;
#164 = EDGE_LOOP ( 'NONE', ( #2053, #532, #1133, #148 ) ) ;
#165 = LENGTH_MEASURE_WITH_UNIT ( LENGTH_MEASURE( 0.02539999999999999897 ), #1651 );
#166 = CARTESIAN_POINT ( 'NONE',  ( 0.7529527559055119168, 1.446433227339393765E-17, 0.1181102362204724532 ) ) ;
#167 = PLANE ( 'NONE',  #335 ) ;
#168 = FACE_OUTER_BOUND ( 'NONE', #1053, .T. ) ;
#169 = ORIENTED_EDGE ( 'NONE', *, *, #2099, .F. ) ;
#170 = CARTESIAN_POINT ( 'NONE',  ( 0.7529527559055119168, 0.0000000000000000000, 0.0000000000000000000 ) ) ;
#171 = LENGTH_MEASURE_WITH_UNIT ( LENGTH_MEASURE( 0.02539999999999999897 ), #2445 );
#172 = ORIENTED_EDGE ( 'NONE', *, *, #1165, .T. ) ;
#173 = EDGE_CURVE ( 'NONE', #1274, #858, #2157, .T. ) ;
#174 = CARTESIAN_POINT ( 'NONE',  ( 0.2755905511811023723, -0.1968503937007874405, -0.1968503937007877458 ) ) ;
#175 = EDGE_LOOP ( 'NONE', ( #976, #2661, #1947, #819, #1913, #2389, #1210, #2771 ) ) ;
#176 = UNCERTAINTY_MEASURE_WITH_UNIT (LENGTH_MEASURE( 1.000000000000000082E-05 ), #1917, 'distance_accuracy_value', 'NONE');
#177 = LINE ( 'NONE', #2595, #1348 ) ;
#178 = AXIS2_PLACEMENT_3D ( 'NONE', #1563, #244, #1978 ) ;
#179 = DIRECTION ( 'NONE',  ( 1.000000000000000000, 0.0000000000000000000, 0.0000000000000000000 ) ) ;
#180 = VECTOR ( 'NONE', #473, 39.37007874015748143 ) ;
#181 = VECTOR ( 'NONE', #2796, 39.37007874015748143 ) ;
#182 = VECTOR ( 'NONE', #673, 39.37007874015748143 ) ;
#183 = CARTESIAN_POINT ( 'NONE',  ( 0.3937007874015748254, -0.3149606299212599492, 0.1377952755905509641 ) ) ;
#184 = EDGE_LOOP ( 'NONE', ( #2295, #205, #612, #1425, #1327, #2594, #255, #2305 ) ) ;
#185 = PRESENTATION_LAYER_ASSIGNMENT (  '', '', ( #1175 ) ) ;
#186 = PLANE ( 'NONE',  #1957 ) ;
#187 = CARTESIAN_POINT ( 'NONE',  ( 0.2395493561423218953, -0.2559055118110236671, -0.06299212598425196763 ) ) ;
#188 = ORIENTED_EDGE ( 'NONE', *, *, #113, .T. ) ;
#189 =( CONVERSION_BASED_UNIT ( 'INCH', #2192 ) LENGTH_UNIT ( ) NAMED_UNIT ( #1792 ) );
#190 = ORIENTED_EDGE ( 'NONE', *, *, #1452, .F. ) ;
#191 = ADVANCED_FACE ( 'NONE', ( #1325 ), #186, .F. ) ;
#192 = DIRECTION ( 'NONE',  ( -1.000000000000000000, 0.0000000000000000000, 0.0000000000000000000 ) ) ;
#193 = DIRECTION ( 'NONE',  ( -0.9613033324695072768, -0.2754921105640230072, -0.0000000000000000000 ) ) ;
#194 = PLANE ( 'NONE',  #555 ) ;
#195 = MECHANICAL_DESIGN_GEOMETRIC_PRESENTATION_REPRESENTATION (  '', ( #1671 ), #1630 ) ;
#196 = ADVANCED_FACE ( 'NONE', ( #1049 ), #2199, .F. ) ;
#197 = DIRECTION ( 'NONE',  ( -0.0000000000000000000, -0.0000000000000000000, -1.000000000000000000 ) ) ;
#198 = STYLED_ITEM ( 'NONE', ( #2665 ), #456 ) ;
#199 = EDGE_LOOP ( 'NONE', ( #1693, #1316, #2703, #1872 ) ) ;
#200 = CARTESIAN_POINT ( 'NONE',  ( 0.3937007874015748254, 0.1968503937007873017, 0.1968503937007872462 ) ) ;
#201 = FILL_AREA_STYLE_COLOUR ( '', #2631 ) ;
#202 = ORIENTED_EDGE ( 'NONE', *, *, #2459, .F. ) ;
#203 = DIMENSIONAL_EXPONENTS ( 1.000000000000000000, 0.0000000000000000000, 0.0000000000000000000, 0.0000000000000000000, 0.0000000000000000000, 0.0000000000000000000, 0.0000000000000000000 ) ;
#204 = SURFACE_SIDE_STYLE ('',( #1 ) ) ;
#205 = ORIENTED_EDGE ( 'NONE', *, *, #553, .T. ) ;
#206 = CYLINDRICAL_SURFACE ( 'NONE', #178, 0.03937007874015747977 ) ;
#207 = CARTESIAN_POINT ( 'NONE',  ( 0.02165354330708658612, -0.3149606299212598381, 0.007381889763779528324 ) ) ;
#208 =( LENGTH_UNIT ( ) NAMED_UNIT ( * ) SI_UNIT ( $, .METRE. ) );
#209 = EDGE_CURVE ( 'NONE', #2365, #1999, #1272, .T. ) ;
#210 = EDGE_LOOP ( 'NONE', ( #758, #281, #949, #1813, #2010, #1234 ) ) ;
#211 = CARTESIAN_POINT ( 'NONE',  ( 0.3937007874015748254, -0.2559055118110237781, 0.07874015748031469586 ) ) ;
#212 = LINE ( 'NONE', #200, #1040 ) ;
#213 = CARTESIAN_POINT ( 'NONE',  ( 0.2328915887395679174, -0.2559055118110236671, 0.06299212598425196763 ) ) ;
#214 = CARTESIAN_POINT ( 'NONE',  ( 0.03937007874015747977, 0.0000000000000000000, 0.007381889763779528324 ) ) ;
#215 = VERTEX_POINT ( 'NONE', #2808 ) ;
#216 = FACE_OUTER_BOUND ( 'NONE', #2747, .T. ) ;
#217 = EDGE_LOOP ( 'NONE', ( #1809, #418, #2136, #1291, #2358, #1192 ) ) ;
#218 = DIMENSIONAL_EXPONENTS ( 1.000000000000000000, 0.0000000000000000000, 0.0000000000000000000, 0.0000000000000000000, 0.0000000000000000000, 0.0000000000000000000, 0.0000000000000000000 ) ;
#219 = DIRECTION ( 'NONE',  ( -1.000000000000000000, -0.0000000000000000000, -0.0000000000000000000 ) ) ;
#220 = LINE ( 'NONE', #642, #143 ) ;
#221 = MECHANICAL_DESIGN_GEOMETRIC_PRESENTATION_REPRESENTATION (  '', ( #405 ), #924 ) ;
#222 = SURFACE_STYLE_FILL_AREA ( #2425 ) ;
#223 = VECTOR ( 'NONE', #2485, 39.37007874015748854 ) ;
#224 = AXIS2_PLACEMENT_3D ( 'NONE', #1105, #2641, #1761 ) ;
#225 = CARTESIAN_POINT ( 'NONE',  ( 0.2738811202790752963, -0.3346456692913385988, -0.03937007874015773651 ) ) ;
#226 = DIRECTION ( 'NONE',  ( 1.000000000000000000, 0.0000000000000000000, 0.0000000000000000000 ) ) ;
#227 = MECHANICAL_DESIGN_GEOMETRIC_PRESENTATION_REPRESENTATION (  '', ( #1475 ), #2584 ) ;
#228 = AXIS2_PLACEMENT_3D ( 'NONE', #1983, #9, #461 ) ;
#229 = ORIENTED_EDGE ( 'NONE', *, *, #2322, .T. ) ;
#230 = EDGE_CURVE ( 'NONE', #1287, #1240, #212, .T. ) ;
#231 = PRESENTATION_LAYER_ASSIGNMENT (  '', '', ( #42 ) ) ;
#232 = PRESENTATION_STYLE_ASSIGNMENT (( #35 ) ) ;
#233 =( GEOMETRIC_REPRESENTATION_CONTEXT ( 3 ) GLOBAL_UNCERTAINTY_ASSIGNED_CONTEXT ( ( #1533 ) ) GLOBAL_UNIT_ASSIGNED_CONTEXT ( ( #415, #1309, #260 ) ) REPRESENTATION_CONTEXT ( 'NONE', 'WORKASPACE' ) );
#234 = CARTESIAN_POINT ( 'NONE',  ( 0.03937007874015747977, -0.1968503937007874127, 0.07874015748031472361 ) ) ;
#235 = DIRECTION ( 'NONE',  ( 1.000000000000000000, 0.0000000000000000000, 0.0000000000000000000 ) ) ;
#236 =( GEOMETRIC_REPRESENTATION_CONTEXT ( 3 ) GLOBAL_UNCERTAINTY_ASSIGNED_CONTEXT ( ( #907 ) ) GLOBAL_UNIT_ASSIGNED_CONTEXT ( ( #1331, #2619, #2225 ) ) REPRESENTATION_CONTEXT ( 'NONE', 'WORKASPACE' ) );
#237 = EDGE_CURVE ( 'NONE', #1085, #62, #474, .T. ) ;
#238 = DIRECTION ( 'NONE',  ( 2.668805347656626678E-16, 1.000000000000000000, 0.0000000000000000000 ) ) ;
#239 = EDGE_LOOP ( 'NONE', ( #1574, #106, #1981, #2643 ) ) ;
#240 = CARTESIAN_POINT ( 'NONE',  ( 0.03937007874015747977, 0.0000000000000000000, 0.0000000000000000000 ) ) ;
#241 = VERTEX_POINT ( 'NONE', #2398 ) ;
#242 = SURFACE_SIDE_STYLE ('',( #751 ) ) ;
#243 = FILL_AREA_STYLE ('',( #1977 ) ) ;
#244 = DIRECTION ( 'NONE',  ( -1.000000000000000000, 0.0000000000000000000, 0.0000000000000000000 ) ) ;
#245 = DIRECTION ( 'NONE',  ( 0.0000000000000000000, -1.000000000000000000, -3.016910393003142859E-16 ) ) ;
#246 = DIMENSIONAL_EXPONENTS ( 1.000000000000000000, 0.0000000000000000000, 0.0000000000000000000, 0.0000000000000000000, 0.0000000000000000000, 0.0000000000000000000, 0.0000000000000000000 ) ;
#247 = ORIENTED_EDGE ( 'NONE', *, *, #2682, .F. ) ;
#248 = AXIS2_PLACEMENT_3D ( 'NONE', #2275, #1155, #1587 ) ;
#249 = FILL_AREA_STYLE_COLOUR ( '', #451 ) ;
#250 =( LENGTH_UNIT ( ) NAMED_UNIT ( * ) SI_UNIT ( $, .METRE. ) );
#251 = ADVANCED_FACE ( 'NONE', ( #2835 ), #1924, .F. ) ;
#252 = EDGE_CURVE ( 'NONE', #702, #990, #1685, .T. ) ;
#253 = ORIENTED_EDGE ( 'NONE', *, *, #1988, .T. ) ;
#254 = LINE ( 'NONE', #1146, #2442 ) ;
#255 = ORIENTED_EDGE ( 'NONE', *, *, #2041, .T. ) ;
#256 = FACE_OUTER_BOUND ( 'NONE', #22, .T. ) ;
#257 = FILL_AREA_STYLE_COLOUR ( '', #1260 ) ;
#258 = CARTESIAN_POINT ( 'NONE',  ( 0.7529527559055119168, 0.0000000000000000000, 0.06496062992125985203 ) ) ;
#259 = ORIENTED_EDGE ( 'NONE', *, *, #1911, .T. ) ;
#260 =( NAMED_UNIT ( * ) SI_UNIT ( $, .STERADIAN. ) SOLID_ANGLE_UNIT ( ) );
#261 = CARTESIAN_POINT ( 'NONE',  ( 0.0000000000000000000, -0.2559055118110237781, -0.1377952755905509641 ) ) ;
#262 = DIRECTION ( 'NONE',  ( 0.0000000000000000000, -5.782411586589348764E-16, 1.000000000000000000 ) ) ;
#263 = SURFACE_STYLE_FILL_AREA ( #2728 ) ;
#264 = VERTEX_POINT ( 'NONE', #2570 ) ;
#265 = FACE_OUTER_BOUND ( 'NONE', #468, .T. ) ;
#266 = VERTEX_POINT ( 'NONE', #159 ) ;
#267 = EDGE_CURVE ( 'NONE', #2220, #557, #827, .T. ) ;
#268 = CARTESIAN_POINT ( 'NONE',  ( 0.3346456692913387099, -0.3149606299212599492, 0.1377952755905509641 ) ) ;
#269 = PLANE ( 'NONE',  #2805 ) ;
#270 = CARTESIAN_POINT ( 'NONE',  ( 0.0000000000000000000, -0.2165354330708662844, 0.07874015748031472361 ) ) ;
#271 = ORIENTED_EDGE ( 'NONE', *, *, #1235, .T. ) ;
#272 = AXIS2_PLACEMENT_3D ( 'NONE', #1641, #711, #1199 ) ;
#273 = LINE ( 'NONE', #290, #2819 ) ;
#274 = PRESENTATION_LAYER_ASSIGNMENT (  '', '', ( #880 ) ) ;
#275 = CARTESIAN_POINT ( 'NONE',  ( 0.2805388876818292743, -0.3346456692913385988, 0.03937007874015722303 ) ) ;
#276 = AXIS2_PLACEMENT_3D ( 'NONE', #29, #2058, #1594 ) ;
#277 = MECHANICAL_DESIGN_GEOMETRIC_PRESENTATION_REPRESENTATION (  '', ( #1941 ), #2357 ) ;
#278 = LINE ( 'NONE', #1836, #851 ) ;
#279 = FILL_AREA_STYLE_COLOUR ( '', #2356 ) ;
#280 = CIRCLE ( 'NONE', #2587, 0.1240157480314961064 ) ;
#281 = ORIENTED_EDGE ( 'NONE', *, *, #419, .T. ) ;
#282 = DIRECTION ( 'NONE',  ( 0.0000000000000000000, 1.000000000000000000, 0.0000000000000000000 ) ) ;
#283 = PRESENTATION_LAYER_ASSIGNMENT (  '', '', ( #2589 ) ) ;
#284 = CARTESIAN_POINT ( 'NONE',  ( 0.4003585548043288034, -0.1634806669054690298, -0.06299212598425196763 ) ) ;
#285 = CARTESIAN_POINT ( 'NONE',  ( 0.0000000000000000000, -0.2165354330708662844, 0.0000000000000000000 ) ) ;
#286 = EDGE_CURVE ( 'NONE', #449, #2782, #2374, .T. ) ;
#287 = PLANE ( 'NONE',  #1388 ) ;
#288 = EDGE_CURVE ( 'NONE', #62, #1085, #1084, .T. ) ;
#289 = ORIENTED_EDGE ( 'NONE', *, *, #161, .T. ) ;
#290 = CARTESIAN_POINT ( 'NONE',  ( 0.3937007874015748254, 0.1968503937007874405, -0.07874015748031515383 ) ) ;
#291 = AXIS2_PLACEMENT_3D ( 'NONE', #2741, #824, #590 ) ;
#292 = CARTESIAN_POINT ( 'NONE',  ( 0.3346456692913387099, -0.2559055118110237781, -0.1377952755905509641 ) ) ;
#293 = PRESENTATION_LAYER_ASSIGNMENT (  '', '', ( #198 ) ) ;
#294 = ORIENTED_EDGE ( 'NONE', *, *, #2095, .F. ) ;
#295 = DIRECTION ( 'NONE',  ( -0.0000000000000000000, -0.0000000000000000000, -1.000000000000000000 ) ) ;
#296 = EDGE_LOOP ( 'NONE', ( #2841, #2293, #2648, #1087 ) ) ;
#297 = CARTESIAN_POINT ( 'NONE',  ( 0.07874015748031498729, -0.1968503937007874682, 0.007381889763779528324 ) ) ;
#298 = SURFACE_STYLE_USAGE ( .BOTH. , #1817 ) ;
#299 = DIRECTION ( 'NONE',  ( 0.0000000000000000000, 0.0000000000000000000, 1.000000000000000000 ) ) ;
#300 = LINE ( 'NONE', #52, #1432 ) ;
#301 = ORIENTED_EDGE ( 'NONE', *, *, #630, .F. ) ;
#302 = DIRECTION ( 'NONE',  ( -1.000000000000000000, -0.0000000000000000000, -0.0000000000000000000 ) ) ;
#303 = EDGE_CURVE ( 'NONE', #1583, #615, #2017, .T. ) ;
#304 = ORIENTED_EDGE ( 'NONE', *, *, #2290, .T. ) ;
#305 = FILL_AREA_STYLE ('',( #1623 ) ) ;
#306 = CARTESIAN_POINT ( 'NONE',  ( 0.4015408834905928592, -0.1570402457965445475, -0.06299212598425196763 ) ) ;
#307 =( NAMED_UNIT ( * ) PLANE_ANGLE_UNIT ( ) SI_UNIT ( $, .RADIAN. ) );
#308 = VERTEX_POINT ( 'NONE', #2475 ) ;
#309 = SURFACE_SIDE_STYLE ('',( #1637 ) ) ;
#310 = VERTEX_POINT ( 'NONE', #2851 ) ;
#311 = CARTESIAN_POINT ( 'NONE',  ( 0.7529527559055119168, 0.0000000000000000000, 0.06496062992125985203 ) ) ;
#312 =( LENGTH_UNIT ( ) NAMED_UNIT ( * ) SI_UNIT ( $, .METRE. ) );
#313 = STYLED_ITEM ( 'NONE', ( #2725 ), #1352 ) ;
#314 =( CONVERSION_BASED_UNIT ( 'INCH', #2519 ) LENGTH_UNIT ( ) NAMED_UNIT ( #837 ) );
#315 = ADVANCED_FACE ( 'NONE', ( #478 ), #2431, .F. ) ;
#316 = VECTOR ( 'NONE', #2206, 39.37007874015748143 ) ;
#317 = SURFACE_SIDE_STYLE ('',( #263 ) ) ;
#318 = VERTEX_POINT ( 'NONE', #727 ) ;
#319 = MECHANICAL_DESIGN_GEOMETRIC_PRESENTATION_REPRESENTATION (  '', ( #92 ), #1902 ) ;
#320 = EDGE_LOOP ( 'NONE', ( #301, #136, #2235, #1376 ) ) ;
#321 = VECTOR ( 'NONE', #1497, 39.37007874015748143 ) ;
#322 = EDGE_CURVE ( 'NONE', #557, #1622, #1395, .T. ) ;
#323 =( GEOMETRIC_REPRESENTATION_CONTEXT ( 3 ) GLOBAL_UNCERTAINTY_ASSIGNED_CONTEXT ( ( #1113 ) ) GLOBAL_UNIT_ASSIGNED_CONTEXT ( ( #1286, #1659, #2546 ) ) REPRESENTATION_CONTEXT ( 'NONE', 'WORKASPACE' ) );
#324 =( GEOMETRIC_REPRESENTATION_CONTEXT ( 3 ) GLOBAL_UNCERTAINTY_ASSIGNED_CONTEXT ( ( #2345 ) ) GLOBAL_UNIT_ASSIGNED_CONTEXT ( ( #1543, #2211, #2656 ) ) REPRESENTATION_CONTEXT ( 'NONE', 'WORKASPACE' ) );
#325 = LINE ( 'NONE', #1905, #1672 ) ;
#326 = DIRECTION ( 'NONE',  ( 0.0000000000000000000, 0.0000000000000000000, 1.000000000000000000 ) ) ;
#327 = FACE_OUTER_BOUND ( 'NONE', #1526, .T. ) ;
#328 = EDGE_LOOP ( 'NONE', ( #392, #1624, #1548, #94 ) ) ;
#329 = TOROIDAL_SURFACE ( 'NONE', #1618, 0.1240157480314961064, 0.03937007874015747977 ) ;
#330 = LINE ( 'NONE', #1375, #1796 ) ;
#331 = VERTEX_POINT ( 'NONE', #234 ) ;
#332 = EDGE_CURVE ( 'NONE', #215, #2027, #1544, .T. ) ;
#333 = LENGTH_MEASURE_WITH_UNIT ( LENGTH_MEASURE( 0.02539999999999999897 ), #801 );
#334 = ORIENTED_EDGE ( 'NONE', *, *, #904, .T. ) ;
#335 = AXIS2_PLACEMENT_3D ( 'NONE', #1928, #1766, #626 ) ;
#336 = PRESENTATION_LAYER_ASSIGNMENT (  '', '', ( #1188 ) ) ;
#337 = ADVANCED_FACE ( 'NONE', ( #2460 ), #1985, .F. ) ;
#338 = DIRECTION ( 'NONE',  ( 0.0000000000000000000, 0.0000000000000000000, -1.000000000000000000 ) ) ;
#339 = DIRECTION ( 'NONE',  ( 0.0000000000000000000, 2.168404344971008621E-16, -1.000000000000000000 ) ) ;
#340 = ORIENTED_EDGE ( 'NONE', *, *, #2478, .F. ) ;
#341 = CARTESIAN_POINT ( 'NONE',  ( 0.3937007874015748254, -0.1968503937007873850, -0.07874015748031520934 ) ) ;
#342 = VERTEX_POINT ( 'NONE', #1174 ) ;
#343 = LINE ( 'NONE', #1266, #1991 ) ;
#344 = LINE ( 'NONE', #2765, #1021 ) ;
#345 = DIRECTION ( 'NONE',  ( -1.000000000000000000, -0.0000000000000000000, -0.0000000000000000000 ) ) ;
#346 = PLANE ( 'NONE',  #1517 ) ;
#347 = DIRECTION ( 'NONE',  ( 0.0000000000000000000, 0.0000000000000000000, 1.000000000000000000 ) ) ;
#348 = DIRECTION ( 'NONE',  ( 0.0000000000000000000, 0.0000000000000000000, -1.000000000000000000 ) ) ;
#349 = VERTEX_POINT ( 'NONE', #2672 ) ;
#350 = ADVANCED_FACE ( 'NONE', ( #1336 ), #2242, .F. ) ;
#351 = CYLINDRICAL_SURFACE ( 'NONE', #1451, 0.1633858267716535861 ) ;
#352 = DIRECTION ( 'NONE',  ( 1.000000000000000000, 0.0000000000000000000, 0.0000000000000000000 ) ) ;
#353 = ORIENTED_EDGE ( 'NONE', *, *, #2585, .T. ) ;
#354 = EDGE_CURVE ( 'NONE', #1296, #54, #1180, .T. ) ;
#355 = CARTESIAN_POINT ( 'NONE',  ( 0.03937007874015747977, 0.1338582677165353896, 0.0000000000000000000 ) ) ;
#356 = PLANE ( 'NONE',  #876 ) ;
#357 = CARTESIAN_POINT ( 'NONE',  ( 0.2123968229698137700, -0.4527559055118115516, -0.03937007874015802100 ) ) ;
#358 = LINE ( 'NONE', #2780, #1804 ) ;
#359 = VERTEX_POINT ( 'NONE', #65 ) ;
#360 = COLOUR_RGB ( '',1.000000000000000000, 1.000000000000000000, 1.000000000000000000 ) ;
#361 = PLANE ( 'NONE',  #2036 ) ;
#362 = PRESENTATION_LAYER_ASSIGNMENT (  '', '', ( #1475 ) ) ;
#363 = VECTOR ( 'NONE', #551, 39.37007874015748143 ) ;
#364 = CARTESIAN_POINT ( 'NONE',  ( 0.0000000000000000000, -0.2165354330708662844, 0.1377952755905509641 ) ) ;
#365 = ORIENTED_EDGE ( 'NONE', *, *, #1104, .F. ) ;
#366 = AXIS2_PLACEMENT_3D ( 'NONE', #1736, #2202, #2647 ) ;
#367 = AXIS2_PLACEMENT_3D ( 'NONE', #910, #1320, #179 ) ;
#368 = ADVANCED_FACE ( 'NONE', ( #1784 ), #1386, .T. ) ;
#369 = LINE ( 'NONE', #1697, #2489 ) ;
#370 = LINE ( 'NONE', #2583, #2372 ) ;
#371 =( NAMED_UNIT ( * ) PLANE_ANGLE_UNIT ( ) SI_UNIT ( $, .RADIAN. ) );
#372 = PRODUCT_CONTEXT ( 'NONE', #929, 'mechanical' ) ;
#373 = EDGE_CURVE ( 'NONE', #702, #2560, #684, .T. ) ;
#374 = VERTEX_POINT ( 'NONE', #944 ) ;
#375 = EDGE_LOOP ( 'NONE', ( #724, #259, #517, #2362, #861, #775 ) ) ;
#376 = DIRECTION ( 'NONE',  ( -0.0000000000000000000, -0.0000000000000000000, -1.000000000000000000 ) ) ;
#377 = CARTESIAN_POINT ( 'NONE',  ( 0.2805388876818292743, -0.3346456692913385988, -0.03937007874015773651 ) ) ;
#378 = EDGE_LOOP ( 'NONE', ( #993, #2532, #1532, #2466 ) ) ;
#379 = AXIS2_PLACEMENT_3D ( 'NONE', #533, #720, #1842 ) ;
#380 = FACE_OUTER_BOUND ( 'NONE', #2605, .T. ) ;
#381 = FACE_OUTER_BOUND ( 'NONE', #1044, .T. ) ;
#382 = EDGE_CURVE ( 'NONE', #1032, #2347, #1275, .T. ) ;
#383 = CARTESIAN_POINT ( 'NONE',  ( 0.2395493561423218953, -0.2559055118110236671, 0.03937007874015722303 ) ) ;
#384 = DIMENSIONAL_EXPONENTS ( 1.000000000000000000, 0.0000000000000000000, 0.0000000000000000000, 0.0000000000000000000, 0.0000000000000000000, 0.0000000000000000000, 0.0000000000000000000 ) ;
#385 = VERTEX_POINT ( 'NONE', #2267 ) ;
#386 = EDGE_CURVE ( 'NONE', #33, #1197, #2070, .T. ) ;
#387 = ADVANCED_BREP_SHAPE_REPRESENTATION ( 'CUI_DEVICES_RCJ-045', ( #1350, #2591 ), #563 ) ;
#388 = CARTESIAN_POINT ( 'NONE',  ( 0.3937007874015748254, -0.3149606299212599492, -0.1968503937007872184 ) ) ;
#389 = SURFACE_STYLE_FILL_AREA ( #1009 ) ;
#390 = EDGE_LOOP ( 'NONE', ( #2451, #809, #2742, #802 ) ) ;
#391 = DIRECTION ( 'NONE',  ( 1.000000000000000000, 0.0000000000000000000, 0.0000000000000000000 ) ) ;
#392 = ORIENTED_EDGE ( 'NONE', *, *, #732, .F. ) ;
#393 = DIRECTION ( 'NONE',  ( 1.000000000000000000, 0.0000000000000000000, 0.0000000000000000000 ) ) ;
#394 = LINE ( 'NONE', #1539, #639 ) ;
#395 = DIRECTION ( 'NONE',  ( 1.000000000000000000, 0.0000000000000000000, 0.0000000000000000000 ) ) ;
#396 = VERTEX_POINT ( 'NONE', #1608 ) ;
#397 = PRESENTATION_STYLE_ASSIGNMENT (( #2627 ) ) ;
#398 =( NAMED_UNIT ( * ) SI_UNIT ( $, .STERADIAN. ) SOLID_ANGLE_UNIT ( ) );
#399 = EDGE_CURVE ( 'NONE', #1780, #422, #1592, .T. ) ;
#400 = ORIENTED_EDGE ( 'NONE', *, *, #1988, .F. ) ;
#401 = DIRECTION ( 'NONE',  ( 1.000000000000000000, 0.0000000000000000000, 0.0000000000000000000 ) ) ;
#402 = EDGE_CURVE ( 'NONE', #318, #1589, #997, .T. ) ;
#403 = ORIENTED_EDGE ( 'NONE', *, *, #252, .F. ) ;
#404 = UNCERTAINTY_MEASURE_WITH_UNIT (LENGTH_MEASURE( 1.000000000000000082E-05 ), #1195, 'distance_accuracy_value', 'NONE');
#405 = STYLED_ITEM ( 'NONE', ( #2450 ), #1519 ) ;
#406 = CARTESIAN_POINT ( 'NONE',  ( 0.7529527559055119168, 0.0000000000000000000, 0.0000000000000000000 ) ) ;
#407 = VERTEX_POINT ( 'NONE', #2281 ) ;
#408 = VECTOR ( 'NONE', #2802, 39.37007874015748143 ) ;
#409 =( GEOMETRIC_REPRESENTATION_CONTEXT ( 3 ) GLOBAL_UNCERTAINTY_ASSIGNED_CONTEXT ( ( #616 ) ) GLOBAL_UNIT_ASSIGNED_CONTEXT ( ( #314, #2094, #2301 ) ) REPRESENTATION_CONTEXT ( 'NONE', 'WORKASPACE' ) );
#410 = CARTESIAN_POINT ( 'NONE',  ( 0.3346456692913387099, -0.2559055118110237781, 0.1968503937007872462 ) ) ;
#411 = DIRECTION ( 'NONE',  ( 0.0000000000000000000, 1.000000000000000000, -5.782411586589301432E-16 ) ) ;
#412 = PRESENTATION_LAYER_ASSIGNMENT (  '', '', ( #694 ) ) ;
#413 = ORIENTED_EDGE ( 'NONE', *, *, #2351, .T. ) ;
#414 = CIRCLE ( 'NONE', #793, 0.1633858267716535861 ) ;
#415 =( CONVERSION_BASED_UNIT ( 'INCH', #1512 ) LENGTH_UNIT ( ) NAMED_UNIT ( #441 ) );
#416 = DIRECTION ( 'NONE',  ( -0.9613033324695072768, -0.2754921105640230072, -0.0000000000000000000 ) ) ;
#417 = LINE ( 'NONE', #11, #2807 ) ;
#418 = ORIENTED_EDGE ( 'NONE', *, *, #12, .F. ) ;
#419 = EDGE_CURVE ( 'NONE', #1702, #2837, #500, .T. ) ;
#420 = APPLICATION_CONTEXT ( 'automotive_design' ) ;
#421 = LINE ( 'NONE', #2175, #1212 ) ;
#422 = VERTEX_POINT ( 'NONE', #470 ) ;
#423 = ORIENTED_EDGE ( 'NONE', *, *, #2159, .T. ) ;
#424 = EDGE_CURVE ( 'NONE', #615, #241, #2057, .T. ) ;
#425 = DIMENSIONAL_EXPONENTS ( 1.000000000000000000, 0.0000000000000000000, 0.0000000000000000000, 0.0000000000000000000, 0.0000000000000000000, 0.0000000000000000000, 0.0000000000000000000 ) ;
#426 = DIRECTION ( 'NONE',  ( -1.000000000000000000, -0.0000000000000000000, -0.0000000000000000000 ) ) ;
#427 = CARTESIAN_POINT ( 'NONE',  ( 0.2755905511811023723, -0.2559055118110237781, 0.1377952755905509641 ) ) ;
#428 = PRESENTATION_LAYER_ASSIGNMENT (  '', '', ( #1671 ) ) ;
#429 = VECTOR ( 'NONE', #1011, 39.37007874015748143 ) ;
#430 = ORIENTED_EDGE ( 'NONE', *, *, #2249, .F. ) ;
#431 = FILL_AREA_STYLE_COLOUR ( '', #887 ) ;
#432 = VERTEX_POINT ( 'NONE', #703 ) ;
#433 = CARTESIAN_POINT ( 'NONE',  ( 0.3885475311822815248, -0.2047244094488188948, -0.06299212598425196763 ) ) ;
#434 = SURFACE_STYLE_USAGE ( .BOTH. , #204 ) ;
#435 = ORIENTED_EDGE ( 'NONE', *, *, #1406, .T. ) ;
#436 = UNCERTAINTY_MEASURE_WITH_UNIT (LENGTH_MEASURE( 1.000000000000000082E-05 ), #2675, 'distance_accuracy_value', 'NONE');
#437 = VERTEX_POINT ( 'NONE', #48 ) ;
#438 = CARTESIAN_POINT ( 'NONE',  ( 0.03937007874015747977, 0.1338582677165353896, 0.07874015748031515383 ) ) ;
#439 = CARTESIAN_POINT ( 'NONE',  ( 0.3937007874015748254, 0.1968503937007873017, 0.1968503937007872462 ) ) ;
#440 = CARTESIAN_POINT ( 'NONE',  ( 0.3937007874015748254, -0.2559055118110237781, 0.1968503937007872462 ) ) ;
#441 = DIMENSIONAL_EXPONENTS ( 1.000000000000000000, 0.0000000000000000000, 0.0000000000000000000, 0.0000000000000000000, 0.0000000000000000000, 0.0000000000000000000, 0.0000000000000000000 ) ;
#442 = EDGE_CURVE ( 'NONE', #1442, #1908, #18, .T. ) ;
#443 = ORIENTED_EDGE ( 'NONE', *, *, #230, .T. ) ;
#444 = CARTESIAN_POINT ( 'NONE',  ( 0.0000000000000000000, -0.2559055118110237781, 0.1968503937007872462 ) ) ;
#445 = DIRECTION ( 'NONE',  ( 0.0000000000000000000, 0.0000000000000000000, 1.000000000000000000 ) ) ;
#446 = FACE_OUTER_BOUND ( 'NONE', #1795, .T. ) ;
#447 = VERTEX_POINT ( 'NONE', #297 ) ;
#448 = DIRECTION ( 'NONE',  ( -1.000000000000000000, 0.0000000000000000000, 0.0000000000000000000 ) ) ;
#449 = VERTEX_POINT ( 'NONE', #911 ) ;
#450 = CARTESIAN_POINT ( 'NONE',  ( 0.3937007874015748254, -0.3149606299212599492, -0.1968503937007872184 ) ) ;
#451 = COLOUR_RGB ( '',1.000000000000000000, 1.000000000000000000, 1.000000000000000000 ) ;
#452 = LINE ( 'NONE', #427, #2033 ) ;
#453 = VECTOR ( 'NONE', #1634, 39.37007874015748143 ) ;
#454 = VECTOR ( 'NONE', #1584, 39.37007874015748143 ) ;
#455 =( NAMED_UNIT ( * ) PLANE_ANGLE_UNIT ( ) SI_UNIT ( $, .RADIAN. ) );
#456 = ADVANCED_FACE ( 'NONE', ( #256 ), #2481, .F. ) ;
#457 =( GEOMETRIC_REPRESENTATION_CONTEXT ( 3 ) GLOBAL_UNCERTAINTY_ASSIGNED_CONTEXT ( ( #1054 ) ) GLOBAL_UNIT_ASSIGNED_CONTEXT ( ( #1803, #2040, #1626 ) ) REPRESENTATION_CONTEXT ( 'NONE', 'WORKASPACE' ) );
#458 = MECHANICAL_DESIGN_GEOMETRIC_PRESENTATION_REPRESENTATION (  '', ( #1518 ), #932 ) ;
#459 = ORIENTED_EDGE ( 'NONE', *, *, #1501, .F. ) ;
#460 = VECTOR ( 'NONE', #2031, 39.37007874015748143 ) ;
#461 = DIRECTION ( 'NONE',  ( 1.000000000000000000, 0.0000000000000000000, 0.0000000000000000000 ) ) ;
#462 =( GEOMETRIC_REPRESENTATION_CONTEXT ( 3 ) GLOBAL_UNCERTAINTY_ASSIGNED_CONTEXT ( ( #1919 ) ) GLOBAL_UNIT_ASSIGNED_CONTEXT ( ( #1393, #2208, #1547 ) ) REPRESENTATION_CONTEXT ( 'NONE', 'WORKASPACE' ) );
#463 = EDGE_CURVE ( 'NONE', #2314, #1583, #1205, .T. ) ;
#464 = DIRECTION ( 'NONE',  ( -0.4617486132350321348, -0.8870108331782227129, 0.0000000000000000000 ) ) ;
#465 = CARTESIAN_POINT ( 'NONE',  ( 0.3346456692913387099, -0.3149606299212599492, -0.1377952755905509641 ) ) ;
#466 = DIMENSIONAL_EXPONENTS ( 1.000000000000000000, 0.0000000000000000000, 0.0000000000000000000, 0.0000000000000000000, 0.0000000000000000000, 0.0000000000000000000, 0.0000000000000000000 ) ;
#467 = VERTEX_POINT ( 'NONE', #1662 ) ;
#468 = EDGE_LOOP ( 'NONE', ( #536, #1458, #2792, #2615 ) ) ;
#469 = CARTESIAN_POINT ( 'NONE',  ( 0.04013182416398604346, -0.3794388210740949341, 0.007381889763779528324 ) ) ;
#470 = CARTESIAN_POINT ( 'NONE',  ( 0.2395493561423218953, -0.2559055118110236671, 0.06299212598425196763 ) ) ;
#471 = FACE_OUTER_BOUND ( 'NONE', #1633, .T. ) ;
#472 = LENGTH_MEASURE_WITH_UNIT ( LENGTH_MEASURE( 0.02539999999999999897 ), #1194 );
#473 = DIRECTION ( 'NONE',  ( 0.0000000000000000000, 2.891205793294676847E-16, -1.000000000000000000 ) ) ;
#474 = CIRCLE ( 'NONE', #847, 0.06496062992125985203 ) ;
#475 = VERTEX_POINT ( 'NONE', #1219 ) ;
#476 = VECTOR ( 'NONE', #971, 39.37007874015748143 ) ;
#477 = SURFACE_SIDE_STYLE ('',( #1527 ) ) ;
#478 = FACE_OUTER_BOUND ( 'NONE', #199, .T. ) ;
#479 = CARTESIAN_POINT ( 'NONE',  ( 0.2395493561423218676, -0.2047244094488189226, -0.06299212598425196763 ) ) ;
#480 = CARTESIAN_POINT ( 'NONE',  ( 0.0000000000000000000, 0.1968503937007874405, -0.07874015748031515383 ) ) ;
#481 = EDGE_LOOP ( 'NONE', ( #1398, #1407, #2144, #2241 ) ) ;
#482 =( CONVERSION_BASED_UNIT ( 'INCH', #1590 ) LENGTH_UNIT ( ) NAMED_UNIT ( #2183 ) );
#483 = DIRECTION ( 'NONE',  ( -0.0000000000000000000, -0.0000000000000000000, -1.000000000000000000 ) ) ;
#484 = DIRECTION ( 'NONE',  ( 1.224765123292916509E-14, 1.000000000000000000, 0.0000000000000000000 ) ) ;
#485 = DIRECTION ( 'NONE',  ( 0.0000000000000000000, 0.0000000000000000000, 1.000000000000000000 ) ) ;
#486 = DIRECTION ( 'NONE',  ( -0.0000000000000000000, -0.0000000000000000000, -1.000000000000000000 ) ) ;
#487 =( NAMED_UNIT ( * ) SI_UNIT ( $, .STERADIAN. ) SOLID_ANGLE_UNIT ( ) );
#488 = PRODUCT ( 'CUI_DEVICES_RCJ-045', 'CUI_DEVICES_RCJ-045', '', ( #372 ) ) ;
#489 = ORIENTED_EDGE ( 'NONE', *, *, #538, .F. ) ;
#490 = DIRECTION ( 'NONE',  ( 0.0000000000000000000, 0.0000000000000000000, -1.000000000000000000 ) ) ;
#491 = CARTESIAN_POINT ( 'NONE',  ( 0.03937007874015747977, 0.0000000000000000000, -0.007381889763779528324 ) ) ;
#492 = DIRECTION ( 'NONE',  ( -0.8870108331782227129, 0.4617486132350321348, 0.0000000000000000000 ) ) ;
#493 = EDGE_CURVE ( 'NONE', #475, #1099, #97, .T. ) ;
#494 = CARTESIAN_POINT ( 'NONE',  ( 0.03149606299212595606, -0.3121399421843998323, 0.007381889763779528324 ) ) ;
#495 =( NAMED_UNIT ( * ) SI_UNIT ( $, .STERADIAN. ) SOLID_ANGLE_UNIT ( ) );
#496 = VERTEX_POINT ( 'NONE', #1455 ) ;
#497 = SURFACE_STYLE_FILL_AREA ( #305 ) ;
#498 = ORIENTED_EDGE ( 'NONE', *, *, #1385, .F. ) ;
#499 = EDGE_CURVE ( 'NONE', #2782, #829, #325, .T. ) ;
#500 = LINE ( 'NONE', #27, #2330 ) ;
#501 = CARTESIAN_POINT ( 'NONE',  ( 0.4058058669072751590, -0.1522713577017883735, -0.06299212598425198151 ) ) ;
#502 =( LENGTH_UNIT ( ) NAMED_UNIT ( * ) SI_UNIT ( $, .METRE. ) );
#503 = LINE ( 'NONE', #523, #1896 ) ;
#504 = FACE_OUTER_BOUND ( 'NONE', #184, .T. ) ;
#505 = ORIENTED_EDGE ( 'NONE', *, *, #675, .F. ) ;
#506 = VECTOR ( 'NONE', #124, 39.37007874015748854 ) ;
#507 = CARTESIAN_POINT ( 'NONE',  ( 0.3937007874015748254, -0.2559055118110237781, -0.07874015748031520934 ) ) ;
#508 = CIRCLE ( 'NONE', #1655, 0.01968503937007873988 ) ;
#509 = LINE ( 'NONE', #261, #454 ) ;
#510 = MECHANICAL_DESIGN_GEOMETRIC_PRESENTATION_REPRESENTATION (  '', ( #641 ), #1117 ) ;
#511 = SURFACE_SIDE_STYLE ('',( #1127 ) ) ;
#512 = AXIS2_PLACEMENT_3D ( 'NONE', #2387, #401, #1299 ) ;
#513 = STYLED_ITEM ( 'NONE', ( #2000 ), #1350 ) ;
#514 = PLANE ( 'NONE',  #2646 ) ;
#515 = CARTESIAN_POINT ( 'NONE',  ( 0.4003585548043288034, 0.0000000000000000000, 0.0000000000000000000 ) ) ;
#516 =( GEOMETRIC_REPRESENTATION_CONTEXT ( 3 ) GLOBAL_UNCERTAINTY_ASSIGNED_CONTEXT ( ( #2662 ) ) GLOBAL_UNIT_ASSIGNED_CONTEXT ( ( #548, #1609, #1860 ) ) REPRESENTATION_CONTEXT ( 'NONE', 'WORKASPACE' ) );
#517 = ORIENTED_EDGE ( 'NONE', *, *, #1638, .T. ) ;
#518 = ORIENTED_EDGE ( 'NONE', *, *, #1129, .F. ) ;
#519 = MECHANICAL_DESIGN_GEOMETRIC_PRESENTATION_REPRESENTATION (  '', ( #606 ), #236 ) ;
#520 = CARTESIAN_POINT ( 'NONE',  ( 0.7677165354330710567, 0.0000000000000000000, 0.0000000000000000000 ) ) ;
#521 = CARTESIAN_POINT ( 'NONE',  ( 0.3885475311822815248, -0.1929133858267716162, -0.06299212598425198151 ) ) ;
#522 = EDGE_CURVE ( 'NONE', #374, #310, #2100, .T. ) ;
#523 = CARTESIAN_POINT ( 'NONE',  ( 0.3937007874015748254, 0.1968503937007873017, 0.1968503937007872462 ) ) ;
#524 = LINE ( 'NONE', #2515, #1984 ) ;
#525 = ORIENTED_EDGE ( 'NONE', *, *, #2339, .F. ) ;
#526 = VECTOR ( 'NONE', #611, 39.37007874015748143 ) ;
#527 = FACE_OUTER_BOUND ( 'NONE', #1130, .T. ) ;
#528 = CARTESIAN_POINT ( 'NONE',  ( 0.2190545903725682197, -0.4527559055118111075, -0.03937007874015771569 ) ) ;
#529 = DIRECTION ( 'NONE',  ( -1.000000000000000000, -0.0000000000000000000, -0.0000000000000000000 ) ) ;
#530 = VERTEX_POINT ( 'NONE', #789 ) ;
#531 = CARTESIAN_POINT ( 'NONE',  ( 0.4003585548043288034, -0.2047244094488188948, 0.06299212598425196763 ) ) ;
#532 = ORIENTED_EDGE ( 'NONE', *, *, #1807, .F. ) ;
#533 = CARTESIAN_POINT ( 'NONE',  ( 0.07874015748031493178, -0.3740157480314960647, 0.007381889763779528324 ) ) ;
#534 = DIRECTION ( 'NONE',  ( 0.0000000000000000000, -1.000000000000000000, 0.0000000000000000000 ) ) ;
#535 = CARTESIAN_POINT ( 'NONE',  ( 0.04013182416398604346, -0.3794388210740949341, 0.007381889763779528324 ) ) ;
#536 = ORIENTED_EDGE ( 'NONE', *, *, #1746, .T. ) ;
#537 = DIRECTION ( 'NONE',  ( -1.000000000000000000, -2.123516577716221514E-16, 0.0000000000000000000 ) ) ;
#538 = EDGE_CURVE ( 'NONE', #475, #719, #2549, .T. ) ;
#539 = CARTESIAN_POINT ( 'NONE',  ( 0.03937007874015747977, -0.2165354330708662844, 0.1377952755905509641 ) ) ;
#540 = ORIENTED_EDGE ( 'NONE', *, *, #252, .T. ) ;
#541 =( NAMED_UNIT ( * ) PLANE_ANGLE_UNIT ( ) SI_UNIT ( $, .RADIAN. ) );
#542 = LENGTH_MEASURE_WITH_UNIT ( LENGTH_MEASURE( 0.02539999999999999897 ), #312 );
#543 = ADVANCED_FACE ( 'NONE', ( #149 ), #351, .T. ) ;
#544 = DIRECTION ( 'NONE',  ( 0.0000000000000000000, 1.000000000000000000, 0.0000000000000000000 ) ) ;
#545 = ORIENTED_EDGE ( 'NONE', *, *, #1004, .F. ) ;
#546 = SURFACE_STYLE_USAGE ( .BOTH. , #1424 ) ;
#547 = ORIENTED_EDGE ( 'NONE', *, *, #2179, .F. ) ;
#548 =( CONVERSION_BASED_UNIT ( 'INCH', #1402 ) LENGTH_UNIT ( ) NAMED_UNIT ( #466 ) );
#549 = DIRECTION ( 'NONE',  ( 0.0000000000000000000, 0.0000000000000000000, -1.000000000000000000 ) ) ;
#550 = ORIENTED_EDGE ( 'NONE', *, *, #2816, .T. ) ;
#551 = DIRECTION ( 'NONE',  ( 0.0000000000000000000, -5.782411586589308335E-16, 1.000000000000000000 ) ) ;
#552 = FACE_OUTER_BOUND ( 'NONE', #1295, .T. ) ;
#553 = EDGE_CURVE ( 'NONE', #2246, #557, #2109, .T. ) ;
#554 = EDGE_CURVE ( 'NONE', #1780, #960, #1241, .T. ) ;
#555 = AXIS2_PLACEMENT_3D ( 'NONE', #439, #1077, #1997 ) ;
#556 = AXIS2_PLACEMENT_3D ( 'NONE', #1091, #864, #2196 ) ;
#557 = VERTEX_POINT ( 'NONE', #1029 ) ;
#558 = ORIENTED_EDGE ( 'NONE', *, *, #1601, .T. ) ;
#559 = AXIS2_PLACEMENT_3D ( 'NONE', #828, #1273, #1912 ) ;
#560 = SURFACE_SIDE_STYLE ('',( #1873 ) ) ;
#561 = LINE ( 'NONE', #1264, #644 ) ;
#562 = EDGE_LOOP ( 'NONE', ( #1151, #2820, #2047, #2080, #1856, #2824, #1428, #2165, #2022, #1553 ) ) ;
#563 =( GEOMETRIC_REPRESENTATION_CONTEXT ( 3 ) GLOBAL_UNCERTAINTY_ASSIGNED_CONTEXT ( ( #1857 ) ) GLOBAL_UNIT_ASSIGNED_CONTEXT ( ( #992, #66, #737 ) ) REPRESENTATION_CONTEXT ( 'NONE', 'WORKASPACE' ) );
#564 = SURFACE_STYLE_USAGE ( .BOTH. , #1932 ) ;
#565 = CARTESIAN_POINT ( 'NONE',  ( 0.3346456692913387099, -0.3149606299212599492, -0.1968503937007872184 ) ) ;
#566 = DIRECTION ( 'NONE',  ( 0.4617486132350317463, -0.8870108331782228239, 0.0000000000000000000 ) ) ;
#567 = SURFACE_STYLE_FILL_AREA ( #1462 ) ;
#568 = PLANE ( 'NONE',  #1227 ) ;
#569 = CARTESIAN_POINT ( 'NONE',  ( 0.3937007874015748254, 0.1968503937007874405, -0.07874015748031515383 ) ) ;
#570 = EDGE_CURVE ( 'NONE', #1099, #717, #746, .T. ) ;
#571 = ORIENTED_EDGE ( 'NONE', *, *, #463, .F. ) ;
#572 = PRESENTATION_STYLE_ASSIGNMENT (( #1916 ) ) ;
#573 = LINE ( 'NONE', #1480, #1026 ) ;
#574 = CARTESIAN_POINT ( 'NONE',  ( 0.2755905511811023723, -0.2559055118110237781, 0.1377952755905509641 ) ) ;
#575 = ORIENTED_EDGE ( 'NONE', *, *, #386, .T. ) ;
#576 = DIRECTION ( 'NONE',  ( -1.000000000000000000, -0.0000000000000000000, -0.0000000000000000000 ) ) ;
#577 = DIRECTION ( 'NONE',  ( 0.0000000000000000000, 0.0000000000000000000, -1.000000000000000000 ) ) ;
#578 = ORIENTED_EDGE ( 'NONE', *, *, #1969, .F. ) ;
#579 = DIRECTION ( 'NONE',  ( 0.0000000000000000000, 0.0000000000000000000, -1.000000000000000000 ) ) ;
#580 = ORIENTED_EDGE ( 'NONE', *, *, #581, .T. ) ;
#581 = EDGE_CURVE ( 'NONE', #310, #1939, #88, .T. ) ;
#582 = DIRECTION ( 'NONE',  ( 0.0000000000000000000, 0.0000000000000000000, 1.000000000000000000 ) ) ;
#583 = SURFACE_STYLE_FILL_AREA ( #2563 ) ;
#584 = UNCERTAINTY_MEASURE_WITH_UNIT (LENGTH_MEASURE( 1.000000000000000082E-05 ), #2370, 'distance_accuracy_value', 'NONE');
#585 =( LENGTH_UNIT ( ) NAMED_UNIT ( * ) SI_UNIT ( $, .METRE. ) );
#586 = ORIENTED_EDGE ( 'NONE', *, *, #728, .T. ) ;
#587 = EDGE_CURVE ( 'NONE', #1415, #2837, #2463, .T. ) ;
#588 = SURFACE_STYLE_FILL_AREA ( #1681 ) ;
#589 = DIRECTION ( 'NONE',  ( 0.0000000000000000000, 0.0000000000000000000, -1.000000000000000000 ) ) ;
#590 = DIRECTION ( 'NONE',  ( 0.0000000000000000000, 0.0000000000000000000, -1.000000000000000000 ) ) ;
#591 = PLANE ( 'NONE',  #2168 ) ;
#592 =( CONVERSION_BASED_UNIT ( 'INCH', #542 ) LENGTH_UNIT ( ) NAMED_UNIT ( #218 ) );
#593 = FILL_AREA_STYLE_COLOUR ( '', #2104 ) ;
#594 = CARTESIAN_POINT ( 'NONE',  ( 0.4003585548043288589, -0.1602409712511008166, 0.06299212598425196763 ) ) ;
#595 = VERTEX_POINT ( 'NONE', #2077 ) ;
#596 = CARTESIAN_POINT ( 'NONE',  ( 0.03937007874015747977, -0.2165354330708662844, -0.1377952755905509641 ) ) ;
#597 = CARTESIAN_POINT ( 'NONE',  ( 0.2755905511811023723, -0.2559055118110237781, 0.1377952755905509641 ) ) ;
#598 = AXIS2_PLACEMENT_3D ( 'NONE', #1579, #753, #2268 ) ;
#599 = MECHANICAL_DESIGN_GEOMETRIC_PRESENTATION_REPRESENTATION (  '', ( #513 ), #324 ) ;
#600 = EDGE_LOOP ( 'NONE', ( #2766, #1535, #2601, #1645 ) ) ;
#601 = CARTESIAN_POINT ( 'NONE',  ( 0.3937007874015748254, -0.2559055118110237781, 0.1968503937007872462 ) ) ;
#602 = ORIENTED_EDGE ( 'NONE', *, *, #581, .F. ) ;
#603 = EDGE_CURVE ( 'NONE', #264, #530, #1367, .T. ) ;
#604 = AXIS2_PLACEMENT_3D ( 'NONE', #1885, #2531, #147 ) ;
#605 = CARTESIAN_POINT ( 'NONE',  ( 0.2395493561423218676, -0.2047244094488189226, 0.03937007874015722303 ) ) ;
#606 = STYLED_ITEM ( 'NONE', ( #1785 ), #2738 ) ;
#607 = CARTESIAN_POINT ( 'NONE',  ( 0.0000000000000000000, 0.1338582677165353896, -0.1968503937007876070 ) ) ;
#608 = ADVANCED_FACE ( 'NONE', ( #1190 ), #59, .T. ) ;
#609 = DIRECTION ( 'NONE',  ( 0.0000000000000000000, 0.0000000000000000000, -1.000000000000000000 ) ) ;
#610 = ORIENTED_EDGE ( 'NONE', *, *, #1607, .T. ) ;
#611 = DIRECTION ( 'NONE',  ( -0.0000000000000000000, -1.000000000000000000, -0.0000000000000000000 ) ) ;
#612 = ORIENTED_EDGE ( 'NONE', *, *, #322, .T. ) ;
#613 = LENGTH_MEASURE_WITH_UNIT ( LENGTH_MEASURE( 0.02539999999999999897 ), #585 );
#614 = AXIS2_PLACEMENT_3D ( 'NONE', #1749, #631, #1513 ) ;
#615 = VERTEX_POINT ( 'NONE', #1853 ) ;
#616 = UNCERTAINTY_MEASURE_WITH_UNIT (LENGTH_MEASURE( 1.000000000000000082E-05 ), #314, 'distance_accuracy_value', 'NONE');
#617 = AXIS2_PLACEMENT_3D ( 'NONE', #2030, #2258, #73 ) ;
#618 = FACE_OUTER_BOUND ( 'NONE', #2032, .T. ) ;
#619 = DIRECTION ( 'NONE',  ( -1.000000000000000000, -0.0000000000000000000, -0.0000000000000000000 ) ) ;
#620 = ADVANCED_FACE ( 'NONE', ( #527 ), #1176, .F. ) ;
#621 = ORIENTED_EDGE ( 'NONE', *, *, #1184, .T. ) ;
#622 = EDGE_CURVE ( 'NONE', #2538, #77, #1409, .T. ) ;
#623 = DIRECTION ( 'NONE',  ( -1.000000000000000000, -0.0000000000000000000, -0.0000000000000000000 ) ) ;
#624 = DIRECTION ( 'NONE',  ( -1.000000000000000000, -0.0000000000000000000, -0.0000000000000000000 ) ) ;
#625 = EDGE_LOOP ( 'NONE', ( #2279, #2717, #955, #2163 ) ) ;
#626 = DIRECTION ( 'NONE',  ( -1.000000000000000000, 0.0000000000000000000, 0.0000000000000000000 ) ) ;
#627 = ORIENTED_EDGE ( 'NONE', *, *, #69, .F. ) ;
#628 = DIRECTION ( 'NONE',  ( 0.0000000000000000000, -1.000000000000000000, 0.0000000000000000000 ) ) ;
#629 = CARTESIAN_POINT ( 'NONE',  ( 0.3346456692913387099, -0.3149606299212599492, -0.1968503937007872184 ) ) ;
#630 = EDGE_CURVE ( 'NONE', #1734, #1411, #2490, .T. ) ;
#631 = DIRECTION ( 'NONE',  ( 0.0000000000000000000, 1.000000000000000000, 0.0000000000000000000 ) ) ;
#632 = CARTESIAN_POINT ( 'NONE',  ( 0.3937007874015748254, -0.1968503937007874127, 0.007381889763779534396 ) ) ;
#633 = ORIENTED_EDGE ( 'NONE', *, *, #2651, .T. ) ;
#634 = ADVANCED_FACE ( 'NONE', ( #699 ), #514, .T. ) ;
#635 = CARTESIAN_POINT ( 'NONE',  ( 0.03937007874015747977, 0.1338582677165353896, 0.0000000000000000000 ) ) ;
#636 = UNCERTAINTY_MEASURE_WITH_UNIT (LENGTH_MEASURE( 1.000000000000000082E-05 ), #2652, 'distance_accuracy_value', 'NONE');
#637 = AXIS2_PLACEMENT_3D ( 'NONE', #55, #1419, #1226 ) ;
#638 =( NAMED_UNIT ( * ) SI_UNIT ( $, .STERADIAN. ) SOLID_ANGLE_UNIT ( ) );
#639 = VECTOR ( 'NONE', #674, 39.37007874015748143 ) ;
#640 = CARTESIAN_POINT ( 'NONE',  ( 0.2755905511811023723, -0.2559055118110237781, -0.1377952755905509641 ) ) ;
#641 = STYLED_ITEM ( 'NONE', ( #1150 ), #1068 ) ;
#642 = CARTESIAN_POINT ( 'NONE',  ( 0.02165354330708658612, -0.3149606299212598381, -0.007381889763779528324 ) ) ;
#643 = DIRECTION ( 'NONE',  ( 0.0000000000000000000, 5.782411586589308335E-16, 1.000000000000000000 ) ) ;
#644 = VECTOR ( 'NONE', #1876, 39.37007874015748143 ) ;
#645 = MECHANICAL_DESIGN_GEOMETRIC_PRESENTATION_REPRESENTATION (  '', ( #1301 ), #233 ) ;
#646 = PLANE ( 'NONE',  #224 ) ;
#647 =( GEOMETRIC_REPRESENTATION_CONTEXT ( 3 ) GLOBAL_UNCERTAINTY_ASSIGNED_CONTEXT ( ( #2635 ) ) GLOBAL_UNIT_ASSIGNED_CONTEXT ( ( #2019, #1356, #1143 ) ) REPRESENTATION_CONTEXT ( 'NONE', 'WORKASPACE' ) );
#648 = DIMENSIONAL_EXPONENTS ( 1.000000000000000000, 0.0000000000000000000, 0.0000000000000000000, 0.0000000000000000000, 0.0000000000000000000, 0.0000000000000000000, 0.0000000000000000000 ) ;
#649 = ORIENTED_EDGE ( 'NONE', *, *, #2162, .T. ) ;
#650 = CIRCLE ( 'NONE', #2403, 0.01181102362204724046 ) ;
#651 = SURFACE_STYLE_USAGE ( .BOTH. , #889 ) ;
#652 = DIRECTION ( 'NONE',  ( 0.0000000000000000000, 1.000000000000000000, 1.156482317317871133E-15 ) ) ;
#653 = EDGE_LOOP ( 'NONE', ( #99, #2745, #1010, #188 ) ) ;
#654 = EDGE_CURVE ( 'NONE', #1447, #467, #1771, .T. ) ;
#655 = CARTESIAN_POINT ( 'NONE',  ( 0.0000000000000000000, 0.1968503937007873295, -0.1968503937007875793 ) ) ;
#656 = FILL_AREA_STYLE_COLOUR ( '', #2091 ) ;
#657 = ORIENTED_EDGE ( 'NONE', *, *, #1638, .F. ) ;
#658 = PRESENTATION_STYLE_ASSIGNMENT (( #896 ) ) ;
#659 = DIRECTION ( 'NONE',  ( 0.0000000000000000000, 0.0000000000000000000, -1.000000000000000000 ) ) ;
#660 =( GEOMETRIC_REPRESENTATION_CONTEXT ( 3 ) GLOBAL_UNCERTAINTY_ASSIGNED_CONTEXT ( ( #1769 ) ) GLOBAL_UNIT_ASSIGNED_CONTEXT ( ( #2528, #116, #2155 ) ) REPRESENTATION_CONTEXT ( 'NONE', 'WORKASPACE' ) );
#661 =( CONVERSION_BASED_UNIT ( 'INCH', #1307 ) LENGTH_UNIT ( ) NAMED_UNIT ( #1567 ) );
#662 = PLANE ( 'NONE',  #2759 ) ;
#663 = VECTOR ( 'NONE', #729, 39.37007874015748143 ) ;
#664 = VERTEX_POINT ( 'NONE', #479 ) ;
#665 = CARTESIAN_POINT ( 'NONE',  ( 0.3937007874015748254, -0.1968503937007873850, -0.06299212598425196763 ) ) ;
#666 = DIRECTION ( 'NONE',  ( 0.0000000000000000000, 0.0000000000000000000, -1.000000000000000000 ) ) ;
#667 = DIRECTION ( 'NONE',  ( -1.000000000000000000, -0.0000000000000000000, -0.0000000000000000000 ) ) ;
#668 = VERTEX_POINT ( 'NONE', #1602 ) ;
#669 = UNCERTAINTY_MEASURE_WITH_UNIT (LENGTH_MEASURE( 1.000000000000000082E-05 ), #2038, 'distance_accuracy_value', 'NONE');
#670 = DIRECTION ( 'NONE',  ( 0.0000000000000000000, 0.0000000000000000000, 1.000000000000000000 ) ) ;
#671 = ORIENTED_EDGE ( 'NONE', *, *, #1142, .F. ) ;
#672 = EDGE_CURVE ( 'NONE', #1877, #2797, #2733, .T. ) ;
#673 = DIRECTION ( 'NONE',  ( 1.000000000000000000, 2.123516577716221514E-16, 0.0000000000000000000 ) ) ;
#674 = DIRECTION ( 'NONE',  ( 1.000000000000000000, 0.0000000000000000000, 0.0000000000000000000 ) ) ;
#675 = EDGE_CURVE ( 'NONE', #866, #359, #1866, .T. ) ;
#676 = CARTESIAN_POINT ( 'NONE',  ( 0.3937007874015748254, 0.1968503937007873295, -0.1968503937007875793 ) ) ;
#677 = EDGE_LOOP ( 'NONE', ( #1931, #1048, #956, #754 ) ) ;
#678 = FILL_AREA_STYLE_COLOUR ( '', #788 ) ;
#679 = LENGTH_MEASURE_WITH_UNIT ( LENGTH_MEASURE( 0.02539999999999999897 ), #1571 );
#680 = LINE ( 'NONE', #465, #2320 ) ;
#681 = VERTEX_POINT ( 'NONE', #40 ) ;
#682 = ORIENTED_EDGE ( 'NONE', *, *, #2264, .T. ) ;
#683 = CARTESIAN_POINT ( 'NONE',  ( 0.05905511811023619190, -0.3740157480314960647, 0.007381889763779528324 ) ) ;
#684 = LINE ( 'NONE', #78, #1577 ) ;
#685 = SURFACE_STYLE_USAGE ( .BOTH. , #1362 ) ;
#686 = MECHANICAL_DESIGN_GEOMETRIC_PRESENTATION_REPRESENTATION (  '', ( #2219 ), #462 ) ;
#687 = DIRECTION ( 'NONE',  ( 0.0000000000000000000, 1.000000000000000000, 0.0000000000000000000 ) ) ;
#688 = VECTOR ( 'NONE', #619, 39.37007874015748143 ) ;
#689 = MECHANICAL_DESIGN_GEOMETRIC_PRESENTATION_REPRESENTATION (  '', ( #1844 ), #409 ) ;
#690 = LINE ( 'NONE', #2182, #1938 ) ;
#691 = EDGE_CURVE ( 'NONE', #2007, #668, #278, .T. ) ;
#692 = AXIS2_PLACEMENT_3D ( 'NONE', #2180, #2638, #192 ) ;
#693 = EDGE_LOOP ( 'NONE', ( #545, #1116, #1357, #118 ) ) ;
#694 = STYLED_ITEM ( 'NONE', ( #2660 ), #2440 ) ;
#695 = DIRECTION ( 'NONE',  ( -1.000000000000000000, 0.0000000000000000000, 0.0000000000000000000 ) ) ;
#696 = CIRCLE ( 'NONE', #637, 0.1633858267716535861 ) ;
#697 = CARTESIAN_POINT ( 'NONE',  ( 0.03937007874015747977, 0.1633858267716535584, 3.542865366783341824E-17 ) ) ;
#698 = AXIS2_PLACEMENT_3D ( 'NONE', #1578, #2469, #484 ) ;
#699 = FACE_OUTER_BOUND ( 'NONE', #1726, .T. ) ;
#700 = LINE ( 'NONE', #1422, #460 ) ;
#701 = EDGE_LOOP ( 'NONE', ( #400, #1039 ) ) ;
#702 = VERTEX_POINT ( 'NONE', #494 ) ;
#703 = CARTESIAN_POINT ( 'NONE',  ( 0.03937007874015747977, -0.1968503937007874405, -0.1968503937007877458 ) ) ;
#704 = SURFACE_STYLE_FILL_AREA ( #1523 ) ;
#705 = PRESENTATION_STYLE_ASSIGNMENT (( #298 ) ) ;
#706 =( GEOMETRIC_REPRESENTATION_CONTEXT ( 3 ) GLOBAL_UNCERTAINTY_ASSIGNED_CONTEXT ( ( #2773 ) ) GLOBAL_UNIT_ASSIGNED_CONTEXT ( ( #2383, #2172, #2611 ) ) REPRESENTATION_CONTEXT ( 'NONE', 'WORKASPACE' ) );
#707 = DIRECTION ( 'NONE',  ( -1.000000000000000000, 0.0000000000000000000, 0.0000000000000000000 ) ) ;
#708 = ORIENTED_EDGE ( 'NONE', *, *, #2712, .T. ) ;
#709 = EDGE_CURVE ( 'NONE', #1798, #447, #2256, .T. ) ;
#710 = VECTOR ( 'NONE', #761, 39.37007874015748143 ) ;
#711 = DIRECTION ( 'NONE',  ( 0.0000000000000000000, -1.000000000000000000, 8.673617379884037444E-16 ) ) ;
#712 = DIRECTION ( 'NONE',  ( 0.0000000000000000000, 0.0000000000000000000, -1.000000000000000000 ) ) ;
#713 = SURFACE_STYLE_FILL_AREA ( #10 ) ;
#714 = EDGE_CURVE ( 'NONE', #2314, #1218, #1823, .T. ) ;
#715 = DIRECTION ( 'NONE',  ( 0.0000000000000000000, 0.0000000000000000000, 1.000000000000000000 ) ) ;
#716 = LINE ( 'NONE', #1202, #1521 ) ;
#717 = VERTEX_POINT ( 'NONE', #2274 ) ;
#718 = SURFACE_SIDE_STYLE ('',( #497 ) ) ;
#719 = VERTEX_POINT ( 'NONE', #1599 ) ;
#720 = DIRECTION ( 'NONE',  ( -1.000000000000000000, 2.668805347656626185E-16, 0.0000000000000000000 ) ) ;
#721 = CARTESIAN_POINT ( 'NONE',  ( 0.3937007874015748254, -0.2559055118110236671, 0.03937007874015722303 ) ) ;
#722 = FACE_OUTER_BOUND ( 'NONE', #600, .T. ) ;
#723 = DIRECTION ( 'NONE',  ( 1.000000000000000000, 0.0000000000000000000, 0.0000000000000000000 ) ) ;
#724 = ORIENTED_EDGE ( 'NONE', *, *, #2195, .T. ) ;
#725 =( LENGTH_UNIT ( ) NAMED_UNIT ( * ) SI_UNIT ( $, .METRE. ) );
#726 = DIRECTION ( 'NONE',  ( 0.0000000000000000000, -2.168404344971008621E-16, 1.000000000000000000 ) ) ;
#727 = CARTESIAN_POINT ( 'NONE',  ( 0.7677165354330710567, 0.0000000000000000000, -0.1240157480314961064 ) ) ;
#728 = EDGE_CURVE ( 'NONE', #385, #2314, #273, .T. ) ;
#729 = DIRECTION ( 'NONE',  ( 0.0000000000000000000, 0.0000000000000000000, 1.000000000000000000 ) ) ;
#730 = LINE ( 'NONE', #965, #2143 ) ;
#731 = CARTESIAN_POINT ( 'NONE',  ( 0.2328915887395679174, -0.1968503937007874127, 0.06299212598425196763 ) ) ;
#732 = EDGE_CURVE ( 'NONE', #62, #2347, #2488, .T. ) ;
#733 = ORIENTED_EDGE ( 'NONE', *, *, #767, .F. ) ;
#734 = DIRECTION ( 'NONE',  ( 0.0000000000000000000, 1.000000000000000000, 0.0000000000000000000 ) ) ;
#735 = ORIENTED_EDGE ( 'NONE', *, *, #2351, .F. ) ;
#736 = DIRECTION ( 'NONE',  ( 0.0000000000000000000, 0.0000000000000000000, -1.000000000000000000 ) ) ;
#737 =( NAMED_UNIT ( * ) SI_UNIT ( $, .STERADIAN. ) SOLID_ANGLE_UNIT ( ) );
#738 = CARTESIAN_POINT ( 'NONE',  ( 0.05905511811023619190, -0.3740157480314960647, -0.007381889763779528324 ) ) ;
#739 = LINE ( 'NONE', #2287, #741 ) ;
#740 = ORIENTED_EDGE ( 'NONE', *, *, #2712, .F. ) ;
#741 = VECTOR ( 'NONE', #975, 39.37007874015748143 ) ;
#742 = FILL_AREA_STYLE_COLOUR ( '', #2795 ) ;
#743 = AXIS2_PLACEMENT_3D ( 'NONE', #535, #2501, #1164 ) ;
#744 = MECHANICAL_DESIGN_GEOMETRIC_PRESENTATION_REPRESENTATION (  '', ( #694 ), #647 ) ;
#745 = VECTOR ( 'NONE', #1292, 39.37007874015748143 ) ;
#746 = LINE ( 'NONE', #918, #663 ) ;
#747 = CARTESIAN_POINT ( 'NONE',  ( 0.03149606299212595606, -0.3121399421843998323, -0.007381889763779528324 ) ) ;
#748 = ORIENTED_EDGE ( 'NONE', *, *, #1782, .T. ) ;
#749 = DIRECTION ( 'NONE',  ( 0.0000000000000000000, 0.0000000000000000000, 1.000000000000000000 ) ) ;
#750 = EDGE_CURVE ( 'NONE', #858, #1099, #509, .T. ) ;
#751 = SURFACE_STYLE_FILL_AREA ( #1414 ) ;
#752 = DIRECTION ( 'NONE',  ( -0.0000000000000000000, -1.000000000000000000, -0.0000000000000000000 ) ) ;
#753 = DIRECTION ( 'NONE',  ( 1.000000000000000000, 0.0000000000000000000, 0.0000000000000000000 ) ) ;
#754 = ORIENTED_EDGE ( 'NONE', *, *, #755, .F. ) ;
#755 = EDGE_CURVE ( 'NONE', #668, #1442, #2029, .T. ) ;
#756 = DIRECTION ( 'NONE',  ( 1.000000000000000000, 0.0000000000000000000, 0.0000000000000000000 ) ) ;
#757 = DIRECTION ( 'NONE',  ( 0.0000000000000000000, 0.0000000000000000000, -1.000000000000000000 ) ) ;
#758 = ORIENTED_EDGE ( 'NONE', *, *, #2339, .T. ) ;
#759 = SURFACE_SIDE_STYLE ('',( #1619 ) ) ;
#760 = AXIS2_PLACEMENT_3D ( 'NONE', #275, #492, #464 ) ;
#761 = DIRECTION ( 'NONE',  ( 0.0000000000000000000, -5.782411586589305377E-16, 1.000000000000000000 ) ) ;
#762 = ORIENTED_EDGE ( 'NONE', *, *, #1038, .T. ) ;
#763 = PRESENTATION_STYLE_ASSIGNMENT (( #546 ) ) ;
#764 = DIRECTION ( 'NONE',  ( 0.0000000000000000000, 0.0000000000000000000, 1.000000000000000000 ) ) ;
#765 = CARTESIAN_POINT ( 'NONE',  ( 0.2395493561423218953, -0.2559055118110236671, -0.06299212598425196763 ) ) ;
#766 = ORIENTED_EDGE ( 'NONE', *, *, #1773, .F. ) ;
#767 = EDGE_CURVE ( 'NONE', #2178, #1734, #2474, .T. ) ;
#768 = PLANE ( 'NONE',  #1474 ) ;
#769 = DIRECTION ( 'NONE',  ( 0.0000000000000000000, -1.000000000000000000, 0.0000000000000000000 ) ) ;
#770 = ADVANCED_FACE ( 'NONE', ( #1980 ), #662, .T. ) ;
#771 = EDGE_LOOP ( 'NONE', ( #1598, #934, #103, #571, #2173, #353 ) ) ;
#772 = DIRECTION ( 'NONE',  ( 0.0000000000000000000, 0.0000000000000000000, -1.000000000000000000 ) ) ;
#773 = CARTESIAN_POINT ( 'NONE',  ( 0.4003585548043288034, -0.1929133858267716162, -0.06299212598425196763 ) ) ;
#774 = CARTESIAN_POINT ( 'NONE',  ( 0.0000000000000000000, -0.2559055118110237781, -0.07874015748031520934 ) ) ;
#775 = ORIENTED_EDGE ( 'NONE', *, *, #2526, .T. ) ;
#776 = LINE ( 'NONE', #721, #46 ) ;
#777 = LINE ( 'NONE', #1648, #2217 ) ;
#778 = VERTEX_POINT ( 'NONE', #2845 ) ;
#779 = ADVANCED_FACE ( 'NONE', ( #1744 ), #646, .F. ) ;
#780 = LINE ( 'NONE', #1017, #2261 ) ;
#781 = ORIENTED_EDGE ( 'NONE', *, *, #1898, .F. ) ;
#782 = ADVANCED_FACE ( 'NONE', ( #2197 ), #842, .F. ) ;
#783 = VECTOR ( 'NONE', #2063, 39.37007874015748143 ) ;
#784 = VECTOR ( 'NONE', #1322, 39.37007874015748143 ) ;
#785 =( GEOMETRIC_REPRESENTATION_CONTEXT ( 3 ) GLOBAL_UNCERTAINTY_ASSIGNED_CONTEXT ( ( #1505 ) ) GLOBAL_UNIT_ASSIGNED_CONTEXT ( ( #661, #455, #2622 ) ) REPRESENTATION_CONTEXT ( 'NONE', 'WORKASPACE' ) );
#786 = ORIENTED_EDGE ( 'NONE', *, *, #286, .T. ) ;
#787 = VECTOR ( 'NONE', #1030, 39.37007874015748143 ) ;
#788 = COLOUR_RGB ( '',0.7450980392156862919, 0.7450980392156862919, 0.7450980392156862919 ) ;
#789 = CARTESIAN_POINT ( 'NONE',  ( 0.0000000000000000000, 0.1338582677165353896, 0.1968503937007872462 ) ) ;
#790 = DIRECTION ( 'NONE',  ( 0.0000000000000000000, 0.0000000000000000000, -1.000000000000000000 ) ) ;
#791 = DIRECTION ( 'NONE',  ( 1.000000000000000000, 0.0000000000000000000, 0.0000000000000000000 ) ) ;
#792 = ORIENTED_EDGE ( 'NONE', *, *, #1642, .T. ) ;
#793 = AXIS2_PLACEMENT_3D ( 'NONE', #2101, #1426, #1625 ) ;
#794 = PRODUCT_DEFINITION_FORMATION_WITH_SPECIFIED_SOURCE ( 'ANY', '', #488, .NOT_KNOWN. ) ;
#795 = DIRECTION ( 'NONE',  ( 1.000000000000000000, 0.0000000000000000000, 0.0000000000000000000 ) ) ;
#796 = ORIENTED_EDGE ( 'NONE', *, *, #970, .F. ) ;
#797 = LINE ( 'NONE', #1883, #1613 ) ;
#798 = DIMENSIONAL_EXPONENTS ( 1.000000000000000000, 0.0000000000000000000, 0.0000000000000000000, 0.0000000000000000000, 0.0000000000000000000, 0.0000000000000000000, 0.0000000000000000000 ) ;
#799 = ADVANCED_FACE ( 'NONE', ( #168, #1251 ), #346, .T. ) ;
#800 = COLOUR_RGB ( '',1.000000000000000000, 1.000000000000000000, 1.000000000000000000 ) ;
#801 =( LENGTH_UNIT ( ) NAMED_UNIT ( * ) SI_UNIT ( $, .METRE. ) );
#802 = ORIENTED_EDGE ( 'NONE', *, *, #399, .F. ) ;
#803 = VECTOR ( 'NONE', #1554, 39.37007874015748143 ) ;
#804 = EDGE_CURVE ( 'NONE', #1781, #2184, #797, .T. ) ;
#805 = AXIS2_PLACEMENT_3D ( 'NONE', #520, #1373, #2237 ) ;
#806 = DIRECTION ( 'NONE',  ( 0.0000000000000000000, 1.000000000000000000, -8.673617379884033894E-15 ) ) ;
#807 = FILL_AREA_STYLE_COLOUR ( '', #1344 ) ;
#808 = DIRECTION ( 'NONE',  ( 0.4617486132350321348, 0.8870108331782227129, 0.0000000000000000000 ) ) ;
#809 = ORIENTED_EDGE ( 'NONE', *, *, #2798, .T. ) ;
#810 = CARTESIAN_POINT ( 'NONE',  ( 0.3937007874015748254, 0.0000000000000000000, 0.0000000000000000000 ) ) ;
#811 = CYLINDRICAL_SURFACE ( 'NONE', #130, 0.06496062992125985203 ) ;
#812 = LENGTH_MEASURE_WITH_UNIT ( LENGTH_MEASURE( 0.02539999999999999897 ), #1922 );
#813 = CARTESIAN_POINT ( 'NONE',  ( 0.7283464566929135353, 0.0000000000000000000, -0.1633858267716535861 ) ) ;
#814 =( NAMED_UNIT ( * ) SI_UNIT ( $, .STERADIAN. ) SOLID_ANGLE_UNIT ( ) );
#815 = EDGE_LOOP ( 'NONE', ( #943, #1413 ) ) ;
#816 = EDGE_CURVE ( 'NONE', #1939, #2406, #1472, .T. ) ;
#817 = DIRECTION ( 'NONE',  ( 0.0000000000000000000, 1.000000000000000000, 3.016910393003142859E-16 ) ) ;
#818 = LINE ( 'NONE', #1906, #832 ) ;
#819 = ORIENTED_EDGE ( 'NONE', *, *, #1732, .T. ) ;
#820 = UNCERTAINTY_MEASURE_WITH_UNIT (LENGTH_MEASURE( 1.000000000000000082E-05 ), #482, 'distance_accuracy_value', 'NONE');
#821 = DIRECTION ( 'NONE',  ( 1.000000000000000000, 0.0000000000000000000, 0.0000000000000000000 ) ) ;
#822 =( CONVERSION_BASED_UNIT ( 'INCH', #2787 ) LENGTH_UNIT ( ) NAMED_UNIT ( #246 ) );
#823 = DIRECTION ( 'NONE',  ( 0.0000000000000000000, 0.0000000000000000000, 1.000000000000000000 ) ) ;
#824 = DIRECTION ( 'NONE',  ( 0.0000000000000000000, -1.000000000000000000, 0.0000000000000000000 ) ) ;
#825 = DIRECTION ( 'NONE',  ( 0.0000000000000000000, 0.0000000000000000000, -1.000000000000000000 ) ) ;
#826 = VECTOR ( 'NONE', #282, 39.37007874015748143 ) ;
#827 = LINE ( 'NONE', #2790, #526 ) ;
#828 = CARTESIAN_POINT ( 'NONE',  ( 0.05905511811023619190, -0.3740157480314960647, 0.007381889763779528324 ) ) ;
#829 = VERTEX_POINT ( 'NONE', #1019 ) ;
#830 = PRESENTATION_LAYER_ASSIGNMENT (  '', '', ( #2392 ) ) ;
#831 = VECTOR ( 'NONE', #1378, 39.37007874015748143 ) ;
#832 = VECTOR ( 'NONE', #2783, 39.37007874015748143 ) ;
#833 = CARTESIAN_POINT ( 'NONE',  ( 0.9436874067777375474, 1.446433227339393765E-17, 0.1181102362204724532 ) ) ;
#834 = ORIENTED_EDGE ( 'NONE', *, *, #108, .F. ) ;
#835 = EDGE_CURVE ( 'NONE', #43, #2634, #1897, .T. ) ;
#836 = MECHANICAL_DESIGN_GEOMETRIC_PRESENTATION_REPRESENTATION (  '', ( #1074 ), #2449 ) ;
#837 = DIMENSIONAL_EXPONENTS ( 1.000000000000000000, 0.0000000000000000000, 0.0000000000000000000, 0.0000000000000000000, 0.0000000000000000000, 0.0000000000000000000, 0.0000000000000000000 ) ;
#838 = LINE ( 'NONE', #1484, #1846 ) ;
#839 = CARTESIAN_POINT ( 'NONE',  ( 0.3937007874015748254, -0.3149606299212599492, 0.1968503937007872184 ) ) ;
#840 = CARTESIAN_POINT ( 'NONE',  ( 0.9436874067777375474, 0.0000000000000000000, -0.1633858267716535861 ) ) ;
#841 = ADVANCED_FACE ( 'NONE', ( #1670 ), #591, .T. ) ;
#842 = PLANE ( 'NONE',  #2214 ) ;
#843 = ORIENTED_EDGE ( 'NONE', *, *, #51, .T. ) ;
#844 = PRESENTATION_STYLE_ASSIGNMENT (( #2628 ) ) ;
#845 = ORIENTED_EDGE ( 'NONE', *, *, #603, .T. ) ;
#846 = DIRECTION ( 'NONE',  ( 0.0000000000000000000, 1.000000000000000000, 3.016910393003142859E-16 ) ) ;
#847 = AXIS2_PLACEMENT_3D ( 'NONE', #2590, #1942, #1080 ) ;
#848 = ORIENTED_EDGE ( 'NONE', *, *, #2302, .F. ) ;
#849 = FILL_AREA_STYLE ('',( #656 ) ) ;
#850 = ORIENTED_EDGE ( 'NONE', *, *, #1688, .T. ) ;
#851 = VECTOR ( 'NONE', #2476, 39.37007874015748143 ) ;
#852 = EDGE_CURVE ( 'NONE', #2709, #1140, #53, .T. ) ;
#853 = CARTESIAN_POINT ( 'NONE',  ( 0.2755905511811023723, -0.1968503937007874405, -0.1968503937007877458 ) ) ;
#854 = EDGE_CURVE ( 'NONE', #467, #1447, #2444, .T. ) ;
#855 = ORIENTED_EDGE ( 'NONE', *, *, #654, .T. ) ;
#856 = LENGTH_MEASURE_WITH_UNIT ( LENGTH_MEASURE( 0.02539999999999999897 ), #2186 );
#857 = CARTESIAN_POINT ( 'NONE',  ( 0.03937007874015747977, -4.553079989440425755E-17, 0.07874015748031484851 ) ) ;
#858 = VERTEX_POINT ( 'NONE', #2779 ) ;
#859 = DIRECTION ( 'NONE',  ( -0.0000000000000000000, -1.000000000000000000, -0.0000000000000000000 ) ) ;
#860 = FACE_OUTER_BOUND ( 'NONE', #972, .T. ) ;
#861 = ORIENTED_EDGE ( 'NONE', *, *, #90, .F. ) ;
#862 = DIRECTION ( 'NONE',  ( 0.0000000000000000000, 1.000000000000000000, 0.0000000000000000000 ) ) ;
#863 = LINE ( 'NONE', #1742, #2257 ) ;
#864 = DIRECTION ( 'NONE',  ( 0.0000000000000000000, -1.000000000000000000, 0.0000000000000000000 ) ) ;
#865 = SURFACE_STYLE_USAGE ( .BOTH. , #2830 ) ;
#866 = VERTEX_POINT ( 'NONE', #813 ) ;
#867 = EDGE_CURVE ( 'NONE', #681, #1707, #1060, .T. ) ;
#868 = SURFACE_STYLE_FILL_AREA ( #2850 ) ;
#869 = SURFACE_STYLE_FILL_AREA ( #1958 ) ;
#870 = LINE ( 'NONE', #857, #935 ) ;
#871 = ORIENTED_EDGE ( 'NONE', *, *, #714, .T. ) ;
#872 = DIMENSIONAL_EXPONENTS ( 1.000000000000000000, 0.0000000000000000000, 0.0000000000000000000, 0.0000000000000000000, 0.0000000000000000000, 0.0000000000000000000, 0.0000000000000000000 ) ;
#873 = DIRECTION ( 'NONE',  ( 0.0000000000000000000, 0.0000000000000000000, -1.000000000000000000 ) ) ;
#874 = ORIENTED_EDGE ( 'NONE', *, *, #1859, .T. ) ;
#875 = UNCERTAINTY_MEASURE_WITH_UNIT (LENGTH_MEASURE( 1.000000000000000082E-05 ), #189, 'distance_accuracy_value', 'NONE');
#876 = AXIS2_PLACEMENT_3D ( 'NONE', #1267, #115, #2750 ) ;
#877 = LINE ( 'NONE', #833, #983 ) ;
#878 = AXIS2_PLACEMENT_3D ( 'NONE', #521, #1403, #958 ) ;
#879 =( NAMED_UNIT ( * ) PLANE_ANGLE_UNIT ( ) SI_UNIT ( $, .RADIAN. ) );
#880 = STYLED_ITEM ( 'NONE', ( #1743 ), #991 ) ;
#881 = CARTESIAN_POINT ( 'NONE',  ( 0.2328915887395679174, -0.2559055118110236671, 0.06299212598425196763 ) ) ;
#882 = CARTESIAN_POINT ( 'NONE',  ( 0.3937007874015748254, -0.1968503937007874127, 0.07874015748031472361 ) ) ;
#883 = MECHANICAL_DESIGN_GEOMETRIC_PRESENTATION_REPRESENTATION (  '', ( #1028 ), #323 ) ;
#884 = MECHANICAL_DESIGN_GEOMETRIC_PRESENTATION_REPRESENTATION (  '', ( #95 ), #1437 ) ;
#885 = CARTESIAN_POINT ( 'NONE',  ( 0.3937007874015748254, -0.2559055118110237781, -0.07874015748031520934 ) ) ;
#886 = DIRECTION ( 'NONE',  ( 0.0000000000000000000, 0.0000000000000000000, -1.000000000000000000 ) ) ;
#887 = COLOUR_RGB ( '',1.000000000000000000, 1.000000000000000000, 1.000000000000000000 ) ;
#888 = ORIENTED_EDGE ( 'NONE', *, *, #1471, .F. ) ;
#889 = SURFACE_SIDE_STYLE ('',( #868 ) ) ;
#890 = SURFACE_SIDE_STYLE ('',( #713 ) ) ;
#891 = ADVANCED_FACE ( 'NONE', ( #2355 ), #1268, .F. ) ;
#892 = EDGE_CURVE ( 'NONE', #1187, #2709, #2844, .T. ) ;
#893 = ORIENTED_EDGE ( 'NONE', *, *, #2174, .T. ) ;
#894 = SURFACE_STYLE_FILL_AREA ( #849 ) ;
#895 = ORIENTED_EDGE ( 'NONE', *, *, #816, .F. ) ;
#896 = SURFACE_STYLE_USAGE ( .BOTH. , #1976 ) ;
#897 = FACE_OUTER_BOUND ( 'NONE', #164, .T. ) ;
#898 = COLOUR_RGB ( '',1.000000000000000000, 1.000000000000000000, 1.000000000000000000 ) ;
#899 = CARTESIAN_POINT ( 'NONE',  ( 0.3937007874015748254, -0.2559055118110237781, -0.07874015748031520934 ) ) ;
#900 = ORIENTED_EDGE ( 'NONE', *, *, #767, .T. ) ;
#901 = FILL_AREA_STYLE_COLOUR ( '', #2037 ) ;
#902 =( CONVERSION_BASED_UNIT ( 'INCH', #679 ) LENGTH_UNIT ( ) NAMED_UNIT ( #1246 ) );
#903 = LINE ( 'NONE', #632, #2131 ) ;
#904 = EDGE_CURVE ( 'NONE', #33, #43, #2608, .T. ) ;
#905 = DIRECTION ( 'NONE',  ( 0.0000000000000000000, 1.000000000000000000, 0.0000000000000000000 ) ) ;
#906 = ORIENTED_EDGE ( 'NONE', *, *, #2633, .F. ) ;
#907 = UNCERTAINTY_MEASURE_WITH_UNIT (LENGTH_MEASURE( 1.000000000000000082E-05 ), #1331, 'distance_accuracy_value', 'NONE');
#908 = LINE ( 'NONE', #2034, #1650 ) ;
#909 = EDGE_CURVE ( 'NONE', #1423, #1781, #690, .T. ) ;
#910 = CARTESIAN_POINT ( 'NONE',  ( 0.05905511811023619190, -0.3740157480314960647, -0.007381889763779528324 ) ) ;
#911 = CARTESIAN_POINT ( 'NONE',  ( 0.3937007874015748254, -0.3149606299212599492, -0.1377952755905509641 ) ) ;
#912 = PLANE ( 'NONE',  #698 ) ;
#913 = FACE_OUTER_BOUND ( 'NONE', #1364, .T. ) ;
#914 = DIRECTION ( 'NONE',  ( 0.0000000000000000000, -3.016910393003142859E-16, 1.000000000000000000 ) ) ;
#915 = DIMENSIONAL_EXPONENTS ( 1.000000000000000000, 0.0000000000000000000, 0.0000000000000000000, 0.0000000000000000000, 0.0000000000000000000, 0.0000000000000000000, 0.0000000000000000000 ) ;
#916 = VERTEX_POINT ( 'NONE', #853 ) ;
#917 =( CONVERSION_BASED_UNIT ( 'INCH', #1109 ) LENGTH_UNIT ( ) NAMED_UNIT ( #1695 ) );
#918 = CARTESIAN_POINT ( 'NONE',  ( 0.0000000000000000000, -0.2165354330708662844, 0.0000000000000000000 ) ) ;
#919 = VERTEX_POINT ( 'NONE', #1968 ) ;
#920 = LINE ( 'NONE', #531, #826 ) ;
#921 = ORIENTED_EDGE ( 'NONE', *, *, #303, .F. ) ;
#922 = CARTESIAN_POINT ( 'NONE',  ( 0.3937007874015748254, 0.0000000000000000000, 0.0000000000000000000 ) ) ;
#923 = CARTESIAN_POINT ( 'NONE',  ( 0.03937007874015747977, -0.2165354330708662844, 0.07874015748031472361 ) ) ;
#924 =( GEOMETRIC_REPRESENTATION_CONTEXT ( 3 ) GLOBAL_UNCERTAINTY_ASSIGNED_CONTEXT ( ( #820 ) ) GLOBAL_UNIT_ASSIGNED_CONTEXT ( ( #482, #2054, #63 ) ) REPRESENTATION_CONTEXT ( 'NONE', 'WORKASPACE' ) );
#925 = ADVANCED_FACE ( 'NONE', ( #1564 ), #2227, .F. ) ;
#926 = MECHANICAL_DESIGN_GEOMETRIC_PRESENTATION_REPRESENTATION (  '', ( #2392 ), #2799 ) ;
#927 = COLOUR_RGB ( '',1.000000000000000000, 1.000000000000000000, 1.000000000000000000 ) ;
#928 = SURFACE_STYLE_USAGE ( .BOTH. , #309 ) ;
#929 = APPLICATION_CONTEXT ( 'automotive_design' ) ;
#930 =( GEOMETRIC_REPRESENTATION_CONTEXT ( 3 ) GLOBAL_UNCERTAINTY_ASSIGNED_CONTEXT ( ( #1482 ) ) GLOBAL_UNIT_ASSIGNED_CONTEXT ( ( #2736, #307, #945 ) ) REPRESENTATION_CONTEXT ( 'NONE', 'WORKASPACE' ) );
#931 = CARTESIAN_POINT ( 'NONE',  ( 0.04013182416398604346, -0.3794388210740949341, -0.007381889763779528324 ) ) ;
#932 =( GEOMETRIC_REPRESENTATION_CONTEXT ( 3 ) GLOBAL_UNCERTAINTY_ASSIGNED_CONTEXT ( ( #1145 ) ) GLOBAL_UNIT_ASSIGNED_CONTEXT ( ( #822, #879, #1088 ) ) REPRESENTATION_CONTEXT ( 'NONE', 'WORKASPACE' ) );
#933 = EDGE_CURVE ( 'NONE', #1886, #359, #1776, .T. ) ;
#934 = ORIENTED_EDGE ( 'NONE', *, *, #622, .F. ) ;
#935 = VECTOR ( 'NONE', #1943, 39.37007874015748143 ) ;
#936 =( LENGTH_UNIT ( ) NAMED_UNIT ( * ) SI_UNIT ( $, .METRE. ) );
#937 = DIRECTION ( 'NONE',  ( 0.0000000000000000000, 0.0000000000000000000, -1.000000000000000000 ) ) ;
#938 = COLOUR_RGB ( '',0.0000000000000000000, 0.0000000000000000000, 1.000000000000000000 ) ;
#939 = DIRECTION ( 'NONE',  ( 0.0000000000000000000, 0.0000000000000000000, -1.000000000000000000 ) ) ;
#940 = PLANE ( 'NONE',  #2541 ) ;
#941 = ORIENTED_EDGE ( 'NONE', *, *, #373, .F. ) ;
#942 = CARTESIAN_POINT ( 'NONE',  ( 0.0000000000000000000, -0.2559055118110237781, 0.07874015748031469586 ) ) ;
#943 = ORIENTED_EDGE ( 'NONE', *, *, #237, .F. ) ;
#944 = CARTESIAN_POINT ( 'NONE',  ( 0.3346456692913387099, -0.3149606299212599492, -0.1968503937007872184 ) ) ;
#945 =( NAMED_UNIT ( * ) SI_UNIT ( $, .STERADIAN. ) SOLID_ANGLE_UNIT ( ) );
#946 = LINE ( 'NONE', #1581, #981 ) ;
#947 = VECTOR ( 'NONE', #623, 39.37007874015748143 ) ;
#948 = LENGTH_MEASURE_WITH_UNIT ( LENGTH_MEASURE( 0.02539999999999999897 ), #994 );
#949 = ORIENTED_EDGE ( 'NONE', *, *, #587, .F. ) ;
#950 = VECTOR ( 'NONE', #2250, 39.37007874015748143 ) ;
#951 = PRESENTATION_STYLE_ASSIGNMENT (( #961 ) ) ;
#952 = EDGE_CURVE ( 'NONE', #595, #374, #1788, .T. ) ;
#953 = DIRECTION ( 'NONE',  ( 0.0000000000000000000, 5.782411586589301432E-16, -1.000000000000000000 ) ) ;
#954 = DIRECTION ( 'NONE',  ( 0.0000000000000000000, 0.0000000000000000000, -1.000000000000000000 ) ) ;
#955 = ORIENTED_EDGE ( 'NONE', *, *, #382, .F. ) ;
#956 = ORIENTED_EDGE ( 'NONE', *, *, #442, .F. ) ;
#957 = CARTESIAN_POINT ( 'NONE',  ( 0.03937007874015747977, 0.0000000000000000000, 0.07874015748031515383 ) ) ;
#958 = DIRECTION ( 'NONE',  ( 1.000000000000000000, 0.0000000000000000000, 0.0000000000000000000 ) ) ;
#959 = LINE ( 'NONE', #2514, #1023 ) ;
#960 = VERTEX_POINT ( 'NONE', #2667 ) ;
#961 = SURFACE_STYLE_USAGE ( .BOTH. , #759 ) ;
#962 =( NAMED_UNIT ( * ) PLANE_ANGLE_UNIT ( ) SI_UNIT ( $, .RADIAN. ) );
#963 = ADVANCED_FACE ( 'NONE', ( #1122 ), #1728, .F. ) ;
#964 = DIRECTION ( 'NONE',  ( 1.000000000000000000, 0.0000000000000000000, 0.0000000000000000000 ) ) ;
#965 = CARTESIAN_POINT ( 'NONE',  ( 0.4003585548043288034, -0.1929133858267716162, 0.03937007874015722303 ) ) ;
#966 = DIRECTION ( 'NONE',  ( -1.000000000000000000, 0.0000000000000000000, 0.0000000000000000000 ) ) ;
#967 = ORIENTED_EDGE ( 'NONE', *, *, #90, .T. ) ;
#968 = DIRECTION ( 'NONE',  ( 1.000000000000000000, 0.0000000000000000000, 0.0000000000000000000 ) ) ;
#969 = EDGE_LOOP ( 'NONE', ( #888, #2737, #893, #855 ) ) ;
#970 = EDGE_CURVE ( 'NONE', #496, #2406, #1103, .T. ) ;
#971 = DIRECTION ( 'NONE',  ( 0.0000000000000000000, -1.000000000000000000, 0.0000000000000000000 ) ) ;
#972 = EDGE_LOOP ( 'NONE', ( #2248, #2547, #81, #1056 ) ) ;
#973 = MECHANICAL_DESIGN_GEOMETRIC_PRESENTATION_REPRESENTATION (  '', ( #313 ), #1891 ) ;
#974 = CARTESIAN_POINT ( 'NONE',  ( 0.2738811202790752963, -0.3346456692913385988, 0.03937007874015722303 ) ) ;
#975 = DIRECTION ( 'NONE',  ( -1.000000000000000000, -0.0000000000000000000, -0.0000000000000000000 ) ) ;
#976 = ORIENTED_EDGE ( 'NONE', *, *, #933, .F. ) ;
#977 = AXIS2_PLACEMENT_3D ( 'NONE', #1867, #2527, #1196 ) ;
#978 = MECHANICAL_DESIGN_GEOMETRIC_PRESENTATION_REPRESENTATION (  '', ( #1433 ), #1119 ) ;
#979 = DIRECTION ( 'NONE',  ( -1.224765123292916509E-14, -1.000000000000000000, -0.0000000000000000000 ) ) ;
#980 = VECTOR ( 'NONE', #2161, 39.37007874015748143 ) ;
#981 = VECTOR ( 'NONE', #2073, 39.37007874015748143 ) ;
#982 = AXIS2_PLACEMENT_3D ( 'NONE', #635, #905, #1531 ) ;
#983 = VECTOR ( 'NONE', #393, 39.37007874015748143 ) ;
#984 = ADVANCED_FACE ( 'NONE', ( #1510 ), #2654, .F. ) ;
#985 = DIRECTION ( 'NONE',  ( -1.000000000000000000, -0.0000000000000000000, -0.0000000000000000000 ) ) ;
#986 = SURFACE_STYLE_USAGE ( .BOTH. , #317 ) ;
#987 = AXIS2_PLACEMENT_3D ( 'NONE', #1346, #1774, #2455 ) ;
#988 = VERTEX_POINT ( 'NONE', #183 ) ;
#989 = LINE ( 'NONE', #93, #453 ) ;
#990 = VERTEX_POINT ( 'NONE', #207 ) ;
#991 = ADVANCED_FACE ( 'NONE', ( #1551 ), #1139, .T. ) ;
#992 =( CONVERSION_BASED_UNIT ( 'INCH', #1181 ) LENGTH_UNIT ( ) NAMED_UNIT ( #2223 ) );
#993 = ORIENTED_EDGE ( 'NONE', *, *, #852, .T. ) ;
#994 =( LENGTH_UNIT ( ) NAMED_UNIT ( * ) SI_UNIT ( $, .METRE. ) );
#995 = CARTESIAN_POINT ( 'NONE',  ( 0.2755905511811023723, -0.2559055118110237781, 0.1377952755905509641 ) ) ;
#996 = COLOUR_RGB ( '',1.000000000000000000, 1.000000000000000000, 1.000000000000000000 ) ;
#997 = CIRCLE ( 'NONE', #805, 0.1240157480314961064 ) ;
#998 = DIRECTION ( 'NONE',  ( 1.000000000000000000, 0.0000000000000000000, 0.0000000000000000000 ) ) ;
#999 = PRESENTATION_STYLE_ASSIGNMENT (( #2375 ) ) ;
#1000 = ORIENTED_EDGE ( 'NONE', *, *, #1452, .T. ) ;
#1001 = CARTESIAN_POINT ( 'NONE',  ( 0.2328915887395679174, -0.2559055118110236671, -0.06299212598425196763 ) ) ;
#1002 = CARTESIAN_POINT ( 'NONE',  ( 0.3937007874015748254, -0.1968503937007874127, 0.06299212598425196763 ) ) ;
#1003 = ORIENTED_EDGE ( 'NONE', *, *, #1951, .T. ) ;
#1004 = EDGE_CURVE ( 'NONE', #1415, #2634, #959, .T. ) ;
#1005 =( CONVERSION_BASED_UNIT ( 'INCH', #165 ) LENGTH_UNIT ( ) NAMED_UNIT ( #2240 ) );
#1006 = DIRECTION ( 'NONE',  ( 0.0000000000000000000, 0.0000000000000000000, -1.000000000000000000 ) ) ;
#1007 = FILL_AREA_STYLE_COLOUR ( '', #800 ) ;
#1008 = FILL_AREA_STYLE ('',( #146 ) ) ;
#1009 = FILL_AREA_STYLE ('',( #2079 ) ) ;
#1010 = ORIENTED_EDGE ( 'NONE', *, *, #1570, .F. ) ;
#1011 = DIRECTION ( 'NONE',  ( -1.000000000000000000, -0.0000000000000000000, -0.0000000000000000000 ) ) ;
#1012 = CARTESIAN_POINT ( 'NONE',  ( 0.0000000000000000000, 0.1968503937007874127, 0.07874015748031477913 ) ) ;
#1013 = CARTESIAN_POINT ( 'NONE',  ( 0.3937007874015748254, 0.1968503937007874127, 0.07874015748031477913 ) ) ;
#1014 = ORIENTED_EDGE ( 'NONE', *, *, #1335, .F. ) ;
#1015 = DIRECTION ( 'NONE',  ( 0.4617486132350320238, -0.8870108331782227129, 0.0000000000000000000 ) ) ;
#1016 = EDGE_CURVE ( 'NONE', #2027, #2246, #2089, .T. ) ;
#1017 = CARTESIAN_POINT ( 'NONE',  ( 0.3346456692913387099, -0.3149606299212599492, -0.1377952755905509641 ) ) ;
#1018 = SURFACE_SIDE_STYLE ('',( #1461 ) ) ;
#1019 = CARTESIAN_POINT ( 'NONE',  ( 0.3937007874015748254, 0.1968503937007873295, -0.1968503937007875793 ) ) ;
#1020 = EDGE_CURVE ( 'NONE', #1918, #1274, #2723, .T. ) ;
#1021 = VECTOR ( 'NONE', #1248, 39.37007874015748143 ) ;
#1022 = VECTOR ( 'NONE', #1967, 39.37007874015748143 ) ;
#1023 = VECTOR ( 'NONE', #2695, 39.37007874015748143 ) ;
#1024 = CARTESIAN_POINT ( 'NONE',  ( 0.4121695784263760820, -0.1507545039255574482, 0.06299212598425196763 ) ) ;
#1025 = ORIENTED_EDGE ( 'NONE', *, *, #419, .F. ) ;
#1026 = VECTOR ( 'NONE', #846, 39.37007874015748143 ) ;
#1027 = VECTOR ( 'NONE', #1247, 39.37007874015748143 ) ;
#1028 = STYLED_ITEM ( 'NONE', ( #1478 ), #2561 ) ;
#1029 = CARTESIAN_POINT ( 'NONE',  ( 0.0000000000000000000, -0.2559055118110237781, 0.1377952755905509641 ) ) ;
#1030 = DIRECTION ( 'NONE',  ( -1.000000000000000000, -0.0000000000000000000, -0.0000000000000000000 ) ) ;
#1031 = SURFACE_SIDE_STYLE ('',( #1635 ) ) ;
#1032 = VERTEX_POINT ( 'NONE', #50 ) ;
#1033 = MECHANICAL_DESIGN_GEOMETRIC_PRESENTATION_REPRESENTATION (  '', ( #2589 ), #516 ) ;
#1034 = FACE_BOUND ( 'NONE', #815, .T. ) ;
#1035 = ORIENTED_EDGE ( 'NONE', *, *, #2668, .T. ) ;
#1036 = CARTESIAN_POINT ( 'NONE',  ( 0.7677165354330710567, 0.0000000000000000000, 0.0000000000000000000 ) ) ;
#1037 = DIRECTION ( 'NONE',  ( 1.000000000000000000, 0.0000000000000000000, 0.0000000000000000000 ) ) ;
#1038 = EDGE_CURVE ( 'NONE', #829, #91, #2484, .T. ) ;
#1039 = ORIENTED_EDGE ( 'NONE', *, *, #672, .F. ) ;
#1040 = VECTOR ( 'NONE', #1971, 39.37007874015748143 ) ;
#1041 = VECTOR ( 'NONE', #715, 39.37007874015748143 ) ;
#1042 = CARTESIAN_POINT ( 'NONE',  ( 0.9436874067777375474, 0.0000000000000000000, 0.0000000000000000000 ) ) ;
#1043 = CARTESIAN_POINT ( 'NONE',  ( 0.3937007874015748254, 0.1633858267716535584, 0.07874015748031477913 ) ) ;
#1044 = EDGE_LOOP ( 'NONE', ( #1929, #1382, #1178, #2839 ) ) ;
#1045 = LINE ( 'NONE', #1243, #181 ) ;
#1046 = LINE ( 'NONE', #1921, #784 ) ;
#1047 = FILL_AREA_STYLE ('',( #1007 ) ) ;
#1048 = ORIENTED_EDGE ( 'NONE', *, *, #2041, .F. ) ;
#1049 = FACE_OUTER_BOUND ( 'NONE', #2055, .T. ) ;
#1050 =( NAMED_UNIT ( * ) SI_UNIT ( $, .STERADIAN. ) SOLID_ANGLE_UNIT ( ) );
#1051 = ORIENTED_EDGE ( 'NONE', *, *, #2404, .F. ) ;
#1052 = EDGE_CURVE ( 'NONE', #1240, #407, #503, .T. ) ;
#1053 = EDGE_LOOP ( 'NONE', ( #1062, #2458 ) ) ;
#1054 = UNCERTAINTY_MEASURE_WITH_UNIT (LENGTH_MEASURE( 1.000000000000000082E-05 ), #1803, 'distance_accuracy_value', 'NONE');
#1055 = PLANE ( 'NONE',  #133 ) ;
#1056 = ORIENTED_EDGE ( 'NONE', *, *, #622, .T. ) ;
#1057 = LINE ( 'NONE', #355, #1027 ) ;
#1058 = FACE_OUTER_BOUND ( 'NONE', #625, .T. ) ;
#1059 = CARTESIAN_POINT ( 'NONE',  ( 0.7529527559055119168, 7.955382750366665093E-18, -0.06496062992125985203 ) ) ;
#1060 = LINE ( 'NONE', #1684, #87 ) ;
#1061 = DIMENSIONAL_EXPONENTS ( 1.000000000000000000, 0.0000000000000000000, 0.0000000000000000000, 0.0000000000000000000, 0.0000000000000000000, 0.0000000000000000000, 0.0000000000000000000 ) ;
#1062 = ORIENTED_EDGE ( 'NONE', *, *, #402, .T. ) ;
#1063 = AXIS2_PLACEMENT_3D ( 'NONE', #240, #2009, #670 ) ;
#1064 = DIRECTION ( 'NONE',  ( 0.0000000000000000000, -2.168404344971008621E-16, 1.000000000000000000 ) ) ;
#1065 = ORIENTED_EDGE ( 'NONE', *, *, #2496, .F. ) ;
#1066 = COLOUR_RGB ( '',1.000000000000000000, 1.000000000000000000, 1.000000000000000000 ) ;
#1067 = VECTOR ( 'NONE', #712, 39.37007874015748143 ) ;
#1068 = ADVANCED_FACE ( 'NONE', ( #722 ), #768, .F. ) ;
#1069 = CARTESIAN_POINT ( 'NONE',  ( 0.2755905511811023723, -0.1968503937007874127, -0.1377952755905509641 ) ) ;
#1070 = COLOUR_RGB ( '',1.000000000000000000, 1.000000000000000000, 1.000000000000000000 ) ;
#1071 = PRESENTATION_LAYER_ASSIGNMENT (  '', '', ( #95 ) ) ;
#1072 = DIRECTION ( 'NONE',  ( 0.0000000000000000000, -1.000000000000000000, 1.156482317317871133E-15 ) ) ;
#1073 = ORIENTED_EDGE ( 'NONE', *, *, #2513, .T. ) ;
#1074 = STYLED_ITEM ( 'NONE', ( #1948 ), #1514 ) ;
#1075 = ADVANCED_FACE ( 'NONE', ( #2739 ), #269, .F. ) ;
#1076 = VECTOR ( 'NONE', #652, 39.37007874015748143 ) ;
#1077 = DIRECTION ( 'NONE',  ( 0.0000000000000000000, -1.000000000000000000, -8.673617379884034486E-16 ) ) ;
#1078 = SURFACE_STYLE_FILL_AREA ( #2412 ) ;
#1079 = VERTEX_POINT ( 'NONE', #2239 ) ;
#1080 = DIRECTION ( 'NONE',  ( 0.0000000000000000000, 0.0000000000000000000, -1.000000000000000000 ) ) ;
#1081 = CARTESIAN_POINT ( 'NONE',  ( 0.3937007874015748254, -0.2559055118110237781, 0.1377952755905509641 ) ) ;
#1082 = EDGE_LOOP ( 'NONE', ( #575, #633, #2413, #2379 ) ) ;
#1083 = CARTESIAN_POINT ( 'NONE',  ( 0.0000000000000000000, -0.2559055118110237781, 0.1968503937007872462 ) ) ;
#1084 = CIRCLE ( 'NONE', #2369, 0.06496062992125985203 ) ;
#1085 = VERTEX_POINT ( 'NONE', #258 ) ;
#1086 =( LENGTH_UNIT ( ) NAMED_UNIT ( * ) SI_UNIT ( $, .METRE. ) );
#1087 = ORIENTED_EDGE ( 'NONE', *, *, #2503, .F. ) ;
#1088 =( NAMED_UNIT ( * ) SI_UNIT ( $, .STERADIAN. ) SOLID_ANGLE_UNIT ( ) );
#1089 = LINE ( 'NONE', #2410, #2359 ) ;
#1090 = DIRECTION ( 'NONE',  ( -1.000000000000000000, -0.0000000000000000000, -0.0000000000000000000 ) ) ;
#1091 = CARTESIAN_POINT ( 'NONE',  ( 0.03937007874015747977, -0.2165354330708662844, 0.0000000000000000000 ) ) ;
#1092 = ORIENTED_EDGE ( 'NONE', *, *, #1485, .T. ) ;
#1093 = DIRECTION ( 'NONE',  ( 0.0000000000000000000, -1.000000000000000000, 0.0000000000000000000 ) ) ;
#1094 = CARTESIAN_POINT ( 'NONE',  ( 0.2755905511811023723, -0.2559055118110237781, -0.1377952755905509641 ) ) ;
#1095 = EDGE_LOOP ( 'NONE', ( #766, #2124, #1944, #740, #2524, #2714, #874, #1283, #2368, #845 ) ) ;
#1096 =( LENGTH_UNIT ( ) NAMED_UNIT ( * ) SI_UNIT ( $, .METRE. ) );
#1097 = ORIENTED_EDGE ( 'NONE', *, *, #499, .T. ) ;
#1098 = PLANE ( 'NONE',  #2806 ) ;
#1099 = VERTEX_POINT ( 'NONE', #2060 ) ;
#1100 = DIMENSIONAL_EXPONENTS ( 1.000000000000000000, 0.0000000000000000000, 0.0000000000000000000, 0.0000000000000000000, 0.0000000000000000000, 0.0000000000000000000, 0.0000000000000000000 ) ;
#1101 = FACE_OUTER_BOUND ( 'NONE', #2191, .T. ) ;
#1102 =( NAMED_UNIT ( * ) SI_UNIT ( $, .STERADIAN. ) SOLID_ANGLE_UNIT ( ) );
#1103 = LINE ( 'NONE', #899, #180 ) ;
#1104 = EDGE_CURVE ( 'NONE', #988, #2669, #946, .T. ) ;
#1105 = CARTESIAN_POINT ( 'NONE',  ( 0.3346456692913387099, -0.3149606299212599492, 0.1968503937007872184 ) ) ;
#1106 = ORIENTED_EDGE ( 'NONE', *, *, #2207, .T. ) ;
#1107 = FACE_OUTER_BOUND ( 'NONE', #320, .T. ) ;
#1108 = EDGE_CURVE ( 'NONE', #1277, #530, #1819, .T. ) ;
#1109 = LENGTH_MEASURE_WITH_UNIT ( LENGTH_MEASURE( 0.02539999999999999897 ), #1600 );
#1110 = CARTESIAN_POINT ( 'NONE',  ( 0.2755905511811023723, -0.2559055118110237226, 0.1968503937007876903 ) ) ;
#1111 = LENGTH_MEASURE_WITH_UNIT ( LENGTH_MEASURE( 0.02539999999999999897 ), #2794 );
#1112 = ORIENTED_EDGE ( 'NONE', *, *, #2249, .T. ) ;
#1113 = UNCERTAINTY_MEASURE_WITH_UNIT (LENGTH_MEASURE( 1.000000000000000082E-05 ), #1286, 'distance_accuracy_value', 'NONE');
#1114 = MECHANICAL_DESIGN_GEOMETRIC_PRESENTATION_REPRESENTATION (  '', ( #2213 ), #2348 ) ;
#1115 = CYLINDRICAL_SURFACE ( 'NONE', #1429, 0.06496062992125985203 ) ;
#1116 = ORIENTED_EDGE ( 'NONE', *, *, #587, .T. ) ;
#1117 =( GEOMETRIC_REPRESENTATION_CONTEXT ( 3 ) GLOBAL_UNCERTAINTY_ASSIGNED_CONTEXT ( ( #404 ) ) GLOBAL_UNIT_ASSIGNED_CONTEXT ( ( #1195, #1833, #101 ) ) REPRESENTATION_CONTEXT ( 'NONE', 'WORKASPACE' ) );
#1118 = VECTOR ( 'NONE', #1920, 39.37007874015748143 ) ;
#1119 =( GEOMETRIC_REPRESENTATION_CONTEXT ( 3 ) GLOBAL_UNCERTAINTY_ASSIGNED_CONTEXT ( ( #584 ) ) GLOBAL_UNIT_ASSIGNED_CONTEXT ( ( #2370, #371, #2167 ) ) REPRESENTATION_CONTEXT ( 'NONE', 'WORKASPACE' ) );
#1120 = PLANE ( 'NONE',  #987 ) ;
#1121 = SURFACE_SIDE_STYLE ('',( #222 ) ) ;
#1122 = FACE_OUTER_BOUND ( 'NONE', #375, .T. ) ;
#1123 = AXIS2_PLACEMENT_3D ( 'NONE', #2039, #534, #2744 ) ;
#1124 = DIMENSIONAL_EXPONENTS ( 1.000000000000000000, 0.0000000000000000000, 0.0000000000000000000, 0.0000000000000000000, 0.0000000000000000000, 0.0000000000000000000, 0.0000000000000000000 ) ;
#1125 = ORIENTED_EDGE ( 'NONE', *, *, #538, .T. ) ;
#1126 = FACE_OUTER_BOUND ( 'NONE', #2774, .T. ) ;
#1127 = SURFACE_STYLE_FILL_AREA ( #2657 ) ;
#1128 = DIRECTION ( 'NONE',  ( -0.0000000000000000000, -1.000000000000000000, -0.0000000000000000000 ) ) ;
#1129 = EDGE_CURVE ( 'NONE', #2378, #1187, #82, .T. ) ;
#1130 = EDGE_LOOP ( 'NONE', ( #2650, #1329, #14, #2436, #172, #792 ) ) ;
#1131 = CLOSED_SHELL ( 'NONE', ( #543, #1654, #2784, #1881, #1489, #2440, #1519, #2113, #2232, #191, #1352, #1269, #368, #2767, #620, #2300, #2426, #145, #2129, #891, #2371, #1552, #1752, #963, #196, #925, #1369, #337, #2854, #1954, #1787, #2793, #608, #1075, #72, #841, #779, #2286, #782, #2382, #315, #17, #1148, #1068, #1514, #1982, #1323, #634, #26, #30, #1586, #984, #2386, #1454, #799, #350, #991, #1216, #2600, #1319, #2738, #2462, #2046, #1927, #770, #456, #251, #2700, #2720, #1438, #2561 ) ) ;
#1132 = CARTESIAN_POINT ( 'NONE',  ( 0.7677165354330710567, 0.0000000000000000000, -0.1181102362204724532 ) ) ;
#1133 = ORIENTED_EDGE ( 'NONE', *, *, #952, .T. ) ;
#1134 = STYLED_ITEM ( 'NONE', ( #1763 ), #315 ) ;
#1135 = DIRECTION ( 'NONE',  ( -0.0000000000000000000, -0.0000000000000000000, -1.000000000000000000 ) ) ;
#1136 = SURFACE_STYLE_FILL_AREA ( #243 ) ;
#1137 = LENGTH_MEASURE_WITH_UNIT ( LENGTH_MEASURE( 0.02539999999999999897 ), #1953 );
#1138 = VECTOR ( 'NONE', #859, 39.37007874015748143 ) ;
#1139 = PLANE ( 'NONE',  #2393 ) ;
#1140 = VERTEX_POINT ( 'NONE', #1696 ) ;
#1141 = FILL_AREA_STYLE ('',( #678 ) ) ;
#1142 = EDGE_CURVE ( 'NONE', #990, #2472, #343, .T. ) ;
#1143 =( NAMED_UNIT ( * ) SI_UNIT ( $, .STERADIAN. ) SOLID_ANGLE_UNIT ( ) );
#1144 = ORIENTED_EDGE ( 'NONE', *, *, #1004, .T. ) ;
#1145 = UNCERTAINTY_MEASURE_WITH_UNIT (LENGTH_MEASURE( 1.000000000000000082E-05 ), #822, 'distance_accuracy_value', 'NONE');
#1146 = CARTESIAN_POINT ( 'NONE',  ( 0.07874015748031493178, -0.3740157480314960647, 0.007381889763779528324 ) ) ;
#1147 = ORIENTED_EDGE ( 'NONE', *, *, #1471, .T. ) ;
#1148 = ADVANCED_FACE ( 'NONE', ( #380 ), #1879, .F. ) ;
#1149 = DIRECTION ( 'NONE',  ( 1.000000000000000000, 0.0000000000000000000, 0.0000000000000000000 ) ) ;
#1150 = PRESENTATION_STYLE_ASSIGNMENT (( #928 ) ) ;
#1151 = ORIENTED_EDGE ( 'NONE', *, *, #1249, .T. ) ;
#1152 =( LENGTH_UNIT ( ) NAMED_UNIT ( * ) SI_UNIT ( $, .METRE. ) );
#1153 = DIRECTION ( 'NONE',  ( -5.787049111740492263E-32, -2.168404344971008621E-16, 1.000000000000000000 ) ) ;
#1154 = FILL_AREA_STYLE_COLOUR ( '', #996 ) ;
#1155 = DIRECTION ( 'NONE',  ( -1.000000000000000000, -0.0000000000000000000, -0.0000000000000000000 ) ) ;
#1156 = DIRECTION ( 'NONE',  ( 0.0000000000000000000, 1.000000000000000000, 0.0000000000000000000 ) ) ;
#1157 = EDGE_LOOP ( 'NONE', ( #253, #1147, #2683, #1217 ) ) ;
#1158 = LINE ( 'NONE', #44, #2621 ) ;
#1159 = ORIENTED_EDGE ( 'NONE', *, *, #553, .F. ) ;
#1160 = EDGE_CURVE ( 'NONE', #2347, #1032, #2626, .T. ) ;
#1161 = CARTESIAN_POINT ( 'NONE',  ( 0.2805388876818292743, -0.3346456692913385988, 0.03937007874015722303 ) ) ;
#1162 = CARTESIAN_POINT ( 'NONE',  ( 0.4121695784263760820, -0.1507545039255574482, -0.06299212598425196763 ) ) ;
#1163 = PRESENTATION_LAYER_ASSIGNMENT (  '', '', ( #2219 ) ) ;
#1164 = DIRECTION ( 'NONE',  ( -0.2754921105640215639, 0.9613033324695078319, 0.0000000000000000000 ) ) ;
#1165 = EDGE_CURVE ( 'NONE', #1302, #1622, #838, .T. ) ;
#1166 = AXIS2_PLACEMENT_3D ( 'NONE', #1775, #1090, #659 ) ;
#1167 = VECTOR ( 'NONE', #2457, 39.37007874015748143 ) ;
#1168 = DIRECTION ( 'NONE',  ( -0.0000000000000000000, -1.000000000000000000, -0.0000000000000000000 ) ) ;
#1169 = AXIS2_PLACEMENT_3D ( 'NONE', #597, #1262, #2550 ) ;
#1170 = COLOUR_RGB ( '',1.000000000000000000, 1.000000000000000000, 1.000000000000000000 ) ;
#1171 = EDGE_LOOP ( 'NONE', ( #1762, #1370, #489, #1230 ) ) ;
#1172 =( GEOMETRIC_REPRESENTATION_CONTEXT ( 3 ) GLOBAL_UNCERTAINTY_ASSIGNED_CONTEXT ( ( #436 ) ) GLOBAL_UNIT_ASSIGNED_CONTEXT ( ( #2675, #1177, #495 ) ) REPRESENTATION_CONTEXT ( 'NONE', 'WORKASPACE' ) );
#1173 = LINE ( 'NONE', #311, #783 ) ;
#1174 = CARTESIAN_POINT ( 'NONE',  ( 0.07874015748031493178, -0.3740157480314960647, -0.007381889763779528324 ) ) ;
#1175 = STYLED_ITEM ( 'NONE', ( #844 ), #2700 ) ;
#1176 = PLANE ( 'NONE',  #1408 ) ;
#1177 =( NAMED_UNIT ( * ) PLANE_ANGLE_UNIT ( ) SI_UNIT ( $, .RADIAN. ) );
#1178 = ORIENTED_EDGE ( 'NONE', *, *, #2545, .F. ) ;
#1179 = LINE ( 'NONE', #1204, #34 ) ;
#1180 = LINE ( 'NONE', #2681, #2509 ) ;
#1181 = LENGTH_MEASURE_WITH_UNIT ( LENGTH_MEASURE( 0.02539999999999999897 ), #1831 );
#1182 = DIRECTION ( 'NONE',  ( 0.0000000000000000000, 0.0000000000000000000, -1.000000000000000000 ) ) ;
#1183 = DIRECTION ( 'NONE',  ( 1.000000000000000000, 0.0000000000000000000, 0.0000000000000000000 ) ) ;
#1184 = EDGE_CURVE ( 'NONE', #960, #2378, #1892, .T. ) ;
#1185 = MECHANICAL_DESIGN_GEOMETRIC_PRESENTATION_REPRESENTATION (  '', ( #2599 ), #706 ) ;
#1186 = LINE ( 'NONE', #1834, #36 ) ;
#1187 = VERTEX_POINT ( 'NONE', #2554 ) ;
#1188 = STYLED_ITEM ( 'NONE', ( #572 ), #543 ) ;
#1189 =( CONVERSION_BASED_UNIT ( 'INCH', #2710 ) LENGTH_UNIT ( ) NAMED_UNIT ( #1338 ) );
#1190 = FACE_OUTER_BOUND ( 'NONE', #2604, .T. ) ;
#1191 = DIRECTION ( 'NONE',  ( -0.0000000000000000000, -0.0000000000000000000, -1.000000000000000000 ) ) ;
#1192 = ORIENTED_EDGE ( 'NONE', *, *, #1231, .T. ) ;
#1193 = CARTESIAN_POINT ( 'NONE',  ( 0.2328915887395679174, -0.2559055118110236671, 0.06299212598425196763 ) ) ;
#1194 =( LENGTH_UNIT ( ) NAMED_UNIT ( * ) SI_UNIT ( $, .METRE. ) );
#1195 =( CONVERSION_BASED_UNIT ( 'INCH', #31 ) LENGTH_UNIT ( ) NAMED_UNIT ( #872 ) );
#1196 = DIRECTION ( 'NONE',  ( 0.0000000000000000000, 0.0000000000000000000, 1.000000000000000000 ) ) ;
#1197 = VERTEX_POINT ( 'NONE', #2340 ) ;
#1198 = EDGE_CURVE ( 'NONE', #215, #308, #153, .T. ) ;
#1199 = DIRECTION ( 'NONE',  ( 0.0000000000000000000, -8.673617379884037444E-16, -1.000000000000000000 ) ) ;
#1200 = EDGE_CURVE ( 'NONE', #241, #2152, #1057, .T. ) ;
#1201 = DIRECTION ( 'NONE',  ( -0.0000000000000000000, -0.0000000000000000000, -1.000000000000000000 ) ) ;
#1202 = CARTESIAN_POINT ( 'NONE',  ( 0.2328915887395679174, -0.2559055118110236671, 0.03937007874015722303 ) ) ;
#1203 = VERTEX_POINT ( 'NONE', #2366 ) ;
#1204 = CARTESIAN_POINT ( 'NONE',  ( 0.0000000000000000000, 0.1968503937007873017, 0.1968503937007872462 ) ) ;
#1205 = LINE ( 'NONE', #2084, #2689 ) ;
#1206 = CARTESIAN_POINT ( 'NONE',  ( 0.2328915887395679174, -0.2559055118110236671, -0.06299212598425196763 ) ) ;
#1207 = ORIENTED_EDGE ( 'NONE', *, *, #2629, .F. ) ;
#1208 = VECTOR ( 'NONE', #2467, 39.37007874015748143 ) ;
#1209 = CARTESIAN_POINT ( 'NONE',  ( 0.7283464566929135353, 0.0000000000000000000, -0.1240157480314961064 ) ) ;
#1210 = ORIENTED_EDGE ( 'NONE', *, *, #69, .T. ) ;
#1211 = DIRECTION ( 'NONE',  ( 0.4617486132350321348, 0.8870108331782227129, 0.0000000000000000000 ) ) ;
#1212 = VECTOR ( 'NONE', #667, 39.37007874015748143 ) ;
#1213 = VECTOR ( 'NONE', #1290, 39.37007874015748143 ) ;
#1214 = FACE_OUTER_BOUND ( 'NONE', #1962, .T. ) ;
#1215 = AXIS2_PLACEMENT_3D ( 'NONE', #881, #2424, #1965 ) ;
#1216 = ADVANCED_FACE ( 'NONE', ( #2121 ), #139, .F. ) ;
#1217 = ORIENTED_EDGE ( 'NONE', *, *, #2174, .F. ) ;
#1218 = VERTEX_POINT ( 'NONE', #16 ) ;
#1219 = CARTESIAN_POINT ( 'NONE',  ( 0.03937007874015747977, -0.2165354330708662844, -0.1377952755905509641 ) ) ;
#1220 =( LENGTH_UNIT ( ) NAMED_UNIT ( * ) SI_UNIT ( $, .METRE. ) );
#1221 = CARTESIAN_POINT ( 'NONE',  ( 0.03149606299213146554, 0.1377952755905511584, -0.007381889763779528324 ) ) ;
#1222 = ORIENTED_EDGE ( 'NONE', *, *, #1746, .F. ) ;
#1223 = SURFACE_STYLE_FILL_AREA ( #1459 ) ;
#1224 = CARTESIAN_POINT ( 'NONE',  ( 0.3346456692913387099, -0.3149606299212599492, 0.1968503937007872184 ) ) ;
#1225 = SURFACE_STYLE_USAGE ( .BOTH. , #1018 ) ;
#1226 = DIRECTION ( 'NONE',  ( 0.0000000000000000000, 0.0000000000000000000, -1.000000000000000000 ) ) ;
#1227 = AXIS2_PLACEMENT_3D ( 'NONE', #1854, #998, #348 ) ;
#1228 = VECTOR ( 'NONE', #726, 39.37007874015748143 ) ;
#1229 = LENGTH_MEASURE_WITH_UNIT ( LENGTH_MEASURE( 0.02539999999999999897 ), #1925 );
#1230 = ORIENTED_EDGE ( 'NONE', *, *, #493, .T. ) ;
#1231 = EDGE_CURVE ( 'NONE', #241, #1277, #2390, .T. ) ;
#1232 = DIRECTION ( 'NONE',  ( -1.000000000000000000, -0.0000000000000000000, -0.0000000000000000000 ) ) ;
#1233 = DIRECTION ( 'NONE',  ( 0.0000000000000000000, 2.168404344971008621E-16, -1.000000000000000000 ) ) ;
#1234 = ORIENTED_EDGE ( 'NONE', *, *, #2003, .F. ) ;
#1235 = EDGE_CURVE ( 'NONE', #1890, #91, #2224, .T. ) ;
#1236 = FACE_OUTER_BOUND ( 'NONE', #701, .T. ) ;
#1237 = ORIENTED_EDGE ( 'NONE', *, *, #1501, .T. ) ;
#1238 = LENGTH_MEASURE_WITH_UNIT ( LENGTH_MEASURE( 0.02539999999999999897 ), #2342 );
#1239 = CARTESIAN_POINT ( 'NONE',  ( 0.2190545903725682197, -0.4527559055118111075, 0.03937007874015725772 ) ) ;
#1240 = VERTEX_POINT ( 'NONE', #1345 ) ;
#1241 = LINE ( 'NONE', #2117, #2776 ) ;
#1242 = DIRECTION ( 'NONE',  ( 0.0000000000000000000, -2.168404344971008621E-16, 1.000000000000000000 ) ) ;
#1243 = CARTESIAN_POINT ( 'NONE',  ( 0.03937007874015747977, -0.2165354330708662844, 0.1377952755905509641 ) ) ;
#1244 = ORIENTED_EDGE ( 'NONE', *, *, #2749, .T. ) ;
#1245 = EDGE_CURVE ( 'NONE', #2512, #1740, #1964, .T. ) ;
#1246 = DIMENSIONAL_EXPONENTS ( 1.000000000000000000, 0.0000000000000000000, 0.0000000000000000000, 0.0000000000000000000, 0.0000000000000000000, 0.0000000000000000000, 0.0000000000000000000 ) ;
#1247 = DIRECTION ( 'NONE',  ( 0.0000000000000000000, 0.0000000000000000000, 1.000000000000000000 ) ) ;
#1248 = DIRECTION ( 'NONE',  ( 0.0000000000000000000, -5.782411586589301432E-16, -1.000000000000000000 ) ) ;
#1249 = EDGE_CURVE ( 'NONE', #1453, #437, #1995, .T. ) ;
#1250 = DIRECTION ( 'NONE',  ( -0.8870108331782228239, -0.4617486132350317463, 0.0000000000000000000 ) ) ;
#1251 = FACE_BOUND ( 'NONE', #2376, .T. ) ;
#1252 = CIRCLE ( 'NONE', #2843, 0.03937007874015747977 ) ;
#1253 = COLOUR_RGB ( '',1.000000000000000000, 1.000000000000000000, 1.000000000000000000 ) ;
#1254 = COLOUR_RGB ( '',1.000000000000000000, 1.000000000000000000, 1.000000000000000000 ) ;
#1255 = DIRECTION ( 'NONE',  ( -1.000000000000000000, -0.0000000000000000000, -0.0000000000000000000 ) ) ;
#1256 = ORIENTED_EDGE ( 'NONE', *, *, #2816, .F. ) ;
#1257 = PRODUCT_DEFINITION_CONTEXT ( 'detailed design', #420, 'design' ) ;
#1258 = CIRCLE ( 'NONE', #2127, 0.1633858267716535861 ) ;
#1259 = PRESENTATION_LAYER_ASSIGNMENT (  '', '', ( #1518 ) ) ;
#1260 = COLOUR_RGB ( '',1.000000000000000000, 1.000000000000000000, 1.000000000000000000 ) ;
#1261 = CARTESIAN_POINT ( 'NONE',  ( 0.03937007874015747977, -0.2165354330708662844, 0.0000000000000000000 ) ) ;
#1262 = DIRECTION ( 'NONE',  ( 0.0000000000000000000, 0.0000000000000000000, -1.000000000000000000 ) ) ;
#1263 = UNCERTAINTY_MEASURE_WITH_UNIT (LENGTH_MEASURE( 1.000000000000000082E-05 ), #1189, 'distance_accuracy_value', 'NONE');
#1264 = CARTESIAN_POINT ( 'NONE',  ( 0.03937007874015747977, 0.0000000000000000000, -0.07874015748031520934 ) ) ;
#1265 = VERTEX_POINT ( 'NONE', #1783 ) ;
#1266 = CARTESIAN_POINT ( 'NONE',  ( 0.02165354330708658612, -0.3149606299212598381, 0.007381889763779528324 ) ) ;
#1267 = CARTESIAN_POINT ( 'NONE',  ( 0.0000000000000000000, -0.2559055118110237781, 0.1968503937007872462 ) ) ;
#1268 = PLANE ( 'NONE',  #1701 ) ;
#1269 = ADVANCED_FACE ( 'NONE', ( #618 ), #1304, .T. ) ;
#1270 = ORIENTED_EDGE ( 'NONE', *, *, #322, .F. ) ;
#1271 = EDGE_CURVE ( 'NONE', #475, #1999, #2011, .T. ) ;
#1272 = LINE ( 'NONE', #1491, #947 ) ;
#1273 = DIRECTION ( 'NONE',  ( -0.0000000000000000000, -0.0000000000000000000, -1.000000000000000000 ) ) ;
#1274 = VERTEX_POINT ( 'NONE', #640 ) ;
#1275 = CIRCLE ( 'NONE', #1490, 0.06496062992125985203 ) ;
#1276 = SURFACE_STYLE_USAGE ( .BOTH. , #2363 ) ;
#1277 = VERTEX_POINT ( 'NONE', #1522 ) ;
#1278 = LINE ( 'NONE', #1679, #1703 ) ;
#1279 = FILL_AREA_STYLE_COLOUR ( '', #2128 ) ;
#1280 = DIRECTION ( 'NONE',  ( 0.0000000000000000000, -1.000000000000000000, 0.0000000000000000000 ) ) ;
#1281 = FACE_OUTER_BOUND ( 'NONE', #1082, .T. ) ;
#1282 = CARTESIAN_POINT ( 'NONE',  ( 0.2123968229698137700, -0.4527559055118115516, 0.03937007874015751446 ) ) ;
#1283 = ORIENTED_EDGE ( 'NONE', *, *, #1052, .F. ) ;
#1284 = EDGE_CURVE ( 'NONE', #2007, #349, #1538, .T. ) ;
#1285 = DIRECTION ( 'NONE',  ( -0.0000000000000000000, -0.0000000000000000000, -1.000000000000000000 ) ) ;
#1286 =( CONVERSION_BASED_UNIT ( 'INCH', #1229 ) LENGTH_UNIT ( ) NAMED_UNIT ( #915 ) );
#1287 = VERTEX_POINT ( 'NONE', #2423 ) ;
#1288 = EDGE_CURVE ( 'NONE', #1415, #1187, #1330, .T. ) ;
#1289 = CARTESIAN_POINT ( 'NONE',  ( 0.03937007874015747977, -0.1968503937007873850, -0.07874015748031520934 ) ) ;
#1290 = DIRECTION ( 'NONE',  ( -0.4617486132350321348, -0.8870108331782227129, 0.0000000000000000000 ) ) ;
#1291 = ORIENTED_EDGE ( 'NONE', *, *, #1914, .T. ) ;
#1292 = DIRECTION ( 'NONE',  ( -1.000000000000000000, -0.0000000000000000000, -0.0000000000000000000 ) ) ;
#1293 = FILL_AREA_STYLE ('',( #2391 ) ) ;
#1294 = PRESENTATION_STYLE_ASSIGNMENT (( #1499 ) ) ;
#1295 = EDGE_LOOP ( 'NONE', ( #2691, #708, #1384, #1835 ) ) ;
#1296 = VERTEX_POINT ( 'NONE', #469 ) ;
#1297 = MECHANICAL_DESIGN_GEOMETRIC_PRESENTATION_REPRESENTATION (  '', ( #880 ), #785 ) ;
#1298 = EDGE_CURVE ( 'NONE', #1296, #2385, #1901, .T. ) ;
#1299 = DIRECTION ( 'NONE',  ( 0.0000000000000000000, 0.0000000000000000000, -1.000000000000000000 ) ) ;
#1300 = STYLED_ITEM ( 'NONE', ( #705 ), #2113 ) ;
#1301 = STYLED_ITEM ( 'NONE', ( #232 ), #1319 ) ;
#1302 = VERTEX_POINT ( 'NONE', #211 ) ;
#1303 = SURFACE_SIDE_STYLE ('',( #894 ) ) ;
#1304 = PLANE ( 'NONE',  #692 ) ;
#1305 =( GEOMETRIC_REPRESENTATION_CONTEXT ( 3 ) GLOBAL_UNCERTAINTY_ASSIGNED_CONTEXT ( ( #2434 ) ) GLOBAL_UNIT_ASSIGNED_CONTEXT ( ( #2822, #1721, #398 ) ) REPRESENTATION_CONTEXT ( 'NONE', 'WORKASPACE' ) );
#1306 = LINE ( 'NONE', #2181, #1022 ) ;
#1307 = LENGTH_MEASURE_WITH_UNIT ( LENGTH_MEASURE( 0.02539999999999999897 ), #2427 );
#1308 = ORIENTED_EDGE ( 'NONE', *, *, #1104, .T. ) ;
#1309 =( NAMED_UNIT ( * ) PLANE_ANGLE_UNIT ( ) SI_UNIT ( $, .RADIAN. ) );
#1310 = DIRECTION ( 'NONE',  ( -1.000000000000000000, -0.0000000000000000000, -0.0000000000000000000 ) ) ;
#1311 = SURFACE_SIDE_STYLE ('',( #2200 ) ) ;
#1312 = ORIENTED_EDGE ( 'NONE', *, *, #125, .F. ) ;
#1313 = PRESENTATION_LAYER_ASSIGNMENT (  '', '', ( #2726 ) ) ;
#1314 = CARTESIAN_POINT ( 'NONE',  ( 0.3937007874015748254, -0.2559055118110237781, -0.1377952755905509641 ) ) ;
#1315 = AXIS2_PLACEMENT_3D ( 'NONE', #2602, #2360, #1720 ) ;
#1316 = ORIENTED_EDGE ( 'NONE', *, *, #2270, .T. ) ;
#1317 = CARTESIAN_POINT ( 'NONE',  ( 0.2738811202790752963, -0.3346456692913385988, 0.03937007874015722303 ) ) ;
#1318 = ORIENTED_EDGE ( 'NONE', *, *, #1714, .T. ) ;
#1319 = ADVANCED_FACE ( 'NONE', ( #1107 ), #2670, .F. ) ;
#1320 = DIRECTION ( 'NONE',  ( 0.0000000000000000000, 0.0000000000000000000, 1.000000000000000000 ) ) ;
#1321 = CARTESIAN_POINT ( 'NONE',  ( 0.3937007874015748254, -0.1968503937007873850, -0.07874015748031520934 ) ) ;
#1322 = DIRECTION ( 'NONE',  ( 2.668805347656626678E-16, 1.000000000000000000, 0.0000000000000000000 ) ) ;
#1323 = ADVANCED_FACE ( 'NONE', ( #1126 ), #2833, .F. ) ;
#1324 = ORIENTED_EDGE ( 'NONE', *, *, #1016, .F. ) ;
#1325 = FACE_OUTER_BOUND ( 'NONE', #1351, .T. ) ;
#1326 = FILL_AREA_STYLE ('',( #431 ) ) ;
#1327 = ORIENTED_EDGE ( 'NONE', *, *, #1864, .F. ) ;
#1328 = CARTESIAN_POINT ( 'NONE',  ( 0.4003585548043288034, -0.1634806669054690298, -0.06299212598425196763 ) ) ;
#1329 = ORIENTED_EDGE ( 'NONE', *, *, #2633, .T. ) ;
#1330 = LINE ( 'NONE', #1361, #1616 ) ;
#1331 =( CONVERSION_BASED_UNIT ( 'INCH', #2639 ) LENGTH_UNIT ( ) NAMED_UNIT ( #1100 ) );
#1332 = PRODUCT_RELATED_PRODUCT_CATEGORY ( 'part', '', ( #488 ) ) ;
#1333 = CARTESIAN_POINT ( 'NONE',  ( 0.4003585548043288034, -0.2047244094488188948, -0.06299212598425196763 ) ) ;
#1334 = SURFACE_STYLE_USAGE ( .BOTH. , #1979 ) ;
#1335 = EDGE_CURVE ( 'NONE', #1926, #1702, #2610, .T. ) ;
#1336 = FACE_OUTER_BOUND ( 'NONE', #2479, .T. ) ;
#1337 = DIRECTION ( 'NONE',  ( 1.000000000000000000, 0.0000000000000000000, 0.0000000000000000000 ) ) ;
#1338 = DIMENSIONAL_EXPONENTS ( 1.000000000000000000, 0.0000000000000000000, 0.0000000000000000000, 0.0000000000000000000, 0.0000000000000000000, 0.0000000000000000000, 0.0000000000000000000 ) ;
#1339 = AXIS2_PLACEMENT_3D ( 'NONE', #15, #2508, #2068 ) ;
#1340 = LINE ( 'NONE', #1573, #2676 ) ;
#1341 = ORIENTED_EDGE ( 'NONE', *, *, #424, .F. ) ;
#1342 = PLANE ( 'NONE',  #1063 ) ;
#1343 = ORIENTED_EDGE ( 'NONE', *, *, #2270, .F. ) ;
#1344 = COLOUR_RGB ( '',1.000000000000000000, 1.000000000000000000, 1.000000000000000000 ) ;
#1345 = CARTESIAN_POINT ( 'NONE',  ( 0.3937007874015748254, 0.1968503937007873017, 0.1968503937007872462 ) ) ;
#1346 = CARTESIAN_POINT ( 'NONE',  ( 0.3937007874015748254, 0.1968503937007873017, 0.1968503937007872462 ) ) ;
#1347 = VECTOR ( 'NONE', #1191, 39.37007874015748143 ) ;
#1348 = VECTOR ( 'NONE', #1072, 39.37007874015748143 ) ;
#1349 = MECHANICAL_DESIGN_GEOMETRIC_PRESENTATION_REPRESENTATION (  '', ( #2853 ), #2502 ) ;
#1350 = MANIFOLD_SOLID_BREP ( 'Fillet18', #1131 ) ;
#1351 = EDGE_LOOP ( 'NONE', ( #525, #1493, #1994, #1644, #1949, #2429, #2637, #2075, #1604, #2020, #2832, #112 ) ) ;
#1352 = ADVANCED_FACE ( 'NONE', ( #1353 ), #2229, .F. ) ;
#1353 = FACE_OUTER_BOUND ( 'NONE', #2486, .T. ) ;
#1354 =( NAMED_UNIT ( * ) SI_UNIT ( $, .STERADIAN. ) SOLID_ANGLE_UNIT ( ) );
#1355 = EDGE_CURVE ( 'NONE', #1085, #1032, #1173, .T. ) ;
#1356 =( NAMED_UNIT ( * ) PLANE_ANGLE_UNIT ( ) SI_UNIT ( $, .RADIAN. ) );
#1357 = ORIENTED_EDGE ( 'NONE', *, *, #2212, .T. ) ;
#1358 = CARTESIAN_POINT ( 'NONE',  ( 0.9436874067777375474, 0.0000000000000000000, 0.0000000000000000000 ) ) ;
#1359 = ORIENTED_EDGE ( 'NONE', *, *, #2834, .T. ) ;
#1360 = PRESENTATION_LAYER_ASSIGNMENT (  '', '', ( #1134 ) ) ;
#1361 = CARTESIAN_POINT ( 'NONE',  ( 0.2328915887395679174, -0.2559055118110236671, -0.03937007874015773651 ) ) ;
#1362 = SURFACE_SIDE_STYLE ('',( #704 ) ) ;
#1363 = VECTOR ( 'NONE', #806, 39.37007874015748143 ) ;
#1364 = EDGE_LOOP ( 'NONE', ( #1511, #75, #1606, #2751 ) ) ;
#1365 = CARTESIAN_POINT ( 'NONE',  ( 0.3937007874015748254, 0.1968503937007874405, -0.07874015748031515383 ) ) ;
#1366 = EDGE_CURVE ( 'NONE', #496, #2606, #2289, .T. ) ;
#1367 = LINE ( 'NONE', #1620, #2059 ) ;
#1368 = CARTESIAN_POINT ( 'NONE',  ( 0.2395493561423218953, -0.2559055118110236671, 0.06299212598425196763 ) ) ;
#1369 = ADVANCED_FACE ( 'NONE', ( #117 ), #2255, .F. ) ;
#1370 = ORIENTED_EDGE ( 'NONE', *, *, #1911, .F. ) ;
#1371 = FACE_OUTER_BOUND ( 'NONE', #1850, .T. ) ;
#1372 = ORIENTED_EDGE ( 'NONE', *, *, #816, .T. ) ;
#1373 = DIRECTION ( 'NONE',  ( 1.000000000000000000, 0.0000000000000000000, 0.0000000000000000000 ) ) ;
#1374 =( LENGTH_UNIT ( ) NAMED_UNIT ( * ) SI_UNIT ( $, .METRE. ) );
#1375 = CARTESIAN_POINT ( 'NONE',  ( 0.2755905511811023723, -0.1968503937007874127, 0.1377952755905509641 ) ) ;
#1376 = ORIENTED_EDGE ( 'NONE', *, *, #2753, .F. ) ;
#1377 = DIRECTION ( 'NONE',  ( -1.000000000000000000, 0.0000000000000000000, 0.0000000000000000000 ) ) ;
#1378 = DIRECTION ( 'NONE',  ( 0.0000000000000000000, 1.000000000000000000, 0.0000000000000000000 ) ) ;
#1379 = CARTESIAN_POINT ( 'NONE',  ( 0.2755905511811023723, -0.1968503937007874127, 0.1377952755905509641 ) ) ;
#1380 = DIRECTION ( 'NONE',  ( 0.0000000000000000000, -1.000000000000000000, -5.782411586589348764E-16 ) ) ;
#1381 = DIRECTION ( 'NONE',  ( 1.000000000000000000, 0.0000000000000000000, 0.0000000000000000000 ) ) ;
#1382 = ORIENTED_EDGE ( 'NONE', *, *, #1822, .F. ) ;
#1383 =( LENGTH_UNIT ( ) NAMED_UNIT ( * ) SI_UNIT ( $, .METRE. ) );
#1384 = ORIENTED_EDGE ( 'NONE', *, *, #332, .T. ) ;
#1385 = EDGE_CURVE ( 'NONE', #1265, #1218, #2166, .T. ) ;
#1386 = PLANE ( 'NONE',  #2817 ) ;
#1387 = DIRECTION ( 'NONE',  ( 1.000000000000000000, 0.0000000000000000000, 0.0000000000000000000 ) ) ;
#1388 = AXIS2_PLACEMENT_3D ( 'NONE', #2061, #83, #1615 ) ;
#1389 = VECTOR ( 'NONE', #1629, 39.37007874015748143 ) ;
#1390 = DIRECTION ( 'NONE',  ( 0.0000000000000000000, -1.000000000000000000, 0.0000000000000000000 ) ) ;
#1391 = ORIENTED_EDGE ( 'NONE', *, *, #2145, .F. ) ;
#1392 = TOROIDAL_SURFACE ( 'NONE', #512, 0.1240157480314961064, 0.03937007874015747977 ) ;
#1393 =( CONVERSION_BASED_UNIT ( 'INCH', #2487 ) LENGTH_UNIT ( ) NAMED_UNIT ( #1735 ) );
#1394 = CARTESIAN_POINT ( 'NONE',  ( 0.3937007874015748254, 0.1633858267716535584, 0.07874015748031477913 ) ) ;
#1395 = LINE ( 'NONE', #444, #2687 ) ;
#1396 = CARTESIAN_POINT ( 'NONE',  ( 0.3937007874015748254, -0.1968503937007874127, 0.07874015748031472361 ) ) ;
#1397 = CARTESIAN_POINT ( 'NONE',  ( 0.02165354330708658612, -0.3149606299212598381, 0.007381889763779528324 ) ) ;
#1398 = ORIENTED_EDGE ( 'NONE', *, *, #1694, .T. ) ;
#1399 = CARTESIAN_POINT ( 'NONE',  ( 0.2600441219120755987, -0.3740157480314961203, -0.03937007874015772263 ) ) ;
#1400 = EDGE_LOOP ( 'NONE', ( #2433, #1627, #1481, #2299 ) ) ;
#1401 = DIRECTION ( 'NONE',  ( 0.0000000000000000000, 0.0000000000000000000, -1.000000000000000000 ) ) ;
#1402 = LENGTH_MEASURE_WITH_UNIT ( LENGTH_MEASURE( 0.02539999999999999897 ), #1220 );
#1403 = DIRECTION ( 'NONE',  ( 0.0000000000000000000, 0.0000000000000000000, -1.000000000000000000 ) ) ;
#1404 = EDGE_CURVE ( 'NONE', #359, #866, #696, .T. ) ;
#1405 = CARTESIAN_POINT ( 'NONE',  ( 0.3937007874015747699, -0.1507545039255574759, -0.06299212598425196763 ) ) ;
#1406 = EDGE_CURVE ( 'NONE', #266, #33, #2076, .T. ) ;
#1407 = ORIENTED_EDGE ( 'NONE', *, *, #354, .F. ) ;
#1408 = AXIS2_PLACEMENT_3D ( 'NONE', #1396, #262, #1380 ) ;
#1409 = LINE ( 'NONE', #2291, #2189 ) ;
#1410 = CYLINDRICAL_SURFACE ( 'NONE', #604, 0.01181102362204724046 ) ;
#1411 = VERTEX_POINT ( 'NONE', #1810 ) ;
#1412 = DIRECTION ( 'NONE',  ( 0.0000000000000000000, 0.0000000000000000000, -1.000000000000000000 ) ) ;
#1413 = ORIENTED_EDGE ( 'NONE', *, *, #288, .F. ) ;
#1414 = FILL_AREA_STYLE ('',( #2721 ) ) ;
#1415 = VERTEX_POINT ( 'NONE', #1434 ) ;
#1416 = CARTESIAN_POINT ( 'NONE',  ( 0.3937007874015748254, 0.1968503937007873295, -0.1968503937007875793 ) ) ;
#1417 = DIRECTION ( 'NONE',  ( 0.0000000000000000000, 0.0000000000000000000, -1.000000000000000000 ) ) ;
#1418 = ORIENTED_EDGE ( 'NONE', *, *, #108, .T. ) ;
#1419 = DIRECTION ( 'NONE',  ( -1.000000000000000000, 0.0000000000000000000, 0.0000000000000000000 ) ) ;
#1420 = EDGE_CURVE ( 'NONE', #2169, #2560, #85, .T. ) ;
#1421 = APPLICATION_PROTOCOL_DEFINITION ( 'draft international standard', 'automotive_design', 1998, #420 ) ;
#1422 = CARTESIAN_POINT ( 'NONE',  ( 0.3937007874015748254, 0.1968503937007874405, -0.07874015748031515383 ) ) ;
#1423 = VERTEX_POINT ( 'NONE', #2321 ) ;
#1424 = SURFACE_SIDE_STYLE ('',( #2081 ) ) ;
#1425 = ORIENTED_EDGE ( 'NONE', *, *, #1165, .F. ) ;
#1426 = DIRECTION ( 'NONE',  ( 1.000000000000000000, 0.0000000000000000000, 0.0000000000000000000 ) ) ;
#1427 = CARTESIAN_POINT ( 'NONE',  ( 0.03937007874015747977, 0.1338582677165353896, 0.1968503937007872462 ) ) ;
#1428 = ORIENTED_EDGE ( 'NONE', *, *, #1658, .T. ) ;
#1429 = AXIS2_PLACEMENT_3D ( 'NONE', #406, #2204, #1534 ) ;
#1430 = CARTESIAN_POINT ( 'NONE',  ( 0.03149606299212595606, -0.3121399421843998323, 0.007381889763779528324 ) ) ;
#1431 = CARTESIAN_POINT ( 'NONE',  ( 0.2395493561423218953, -0.2559055118110236671, 0.03937007874015722303 ) ) ;
#1432 = VECTOR ( 'NONE', #707, 39.37007874015748143 ) ;
#1433 = STYLED_ITEM ( 'NONE', ( #1294 ), #799 ) ;
#1434 = CARTESIAN_POINT ( 'NONE',  ( 0.2328915887395679174, -0.2559055118110236671, -0.03937007874015774345 ) ) ;
#1435 = SURFACE_SIDE_STYLE ('',( #1899 ) ) ;
#1436 = VECTOR ( 'NONE', #1889, 39.37007874015748143 ) ;
#1437 =( GEOMETRIC_REPRESENTATION_CONTEXT ( 3 ) GLOBAL_UNCERTAINTY_ASSIGNED_CONTEXT ( ( #1975 ) ) GLOBAL_UNIT_ASSIGNED_CONTEXT ( ( #1005, #2317, #1666 ) ) REPRESENTATION_CONTEXT ( 'NONE', 'WORKASPACE' ) );
#1438 = ADVANCED_FACE ( 'NONE', ( #2684 ), #2588, .F. ) ;
#1439 =( GEOMETRIC_REPRESENTATION_CONTEXT ( 3 ) GLOBAL_UNCERTAINTY_ASSIGNED_CONTEXT ( ( #2 ) ) GLOBAL_UNIT_ASSIGNED_CONTEXT ( ( #1463, #1674, #1050 ) ) REPRESENTATION_CONTEXT ( 'NONE', 'WORKASPACE' ) );
#1440 = COLOUR_RGB ( '',1.000000000000000000, 1.000000000000000000, 1.000000000000000000 ) ;
#1441 = LINE ( 'NONE', #1673, #8 ) ;
#1442 = VERTEX_POINT ( 'NONE', #2649 ) ;
#1443 = EDGE_CURVE ( 'NONE', #266, #1140, #2435, .T. ) ;
#1444 = DIRECTION ( 'NONE',  ( 1.000000000000000000, 0.0000000000000000000, 0.0000000000000000000 ) ) ;
#1445 =( NAMED_UNIT ( * ) PLANE_ANGLE_UNIT ( ) SI_UNIT ( $, .RADIAN. ) );
#1446 = LINE ( 'NONE', #1013, #1612 ) ;
#1447 = VERTEX_POINT ( 'NONE', #1132 ) ;
#1448 = DIRECTION ( 'NONE',  ( -1.000000000000000000, -0.0000000000000000000, -0.0000000000000000000 ) ) ;
#1449 = LINE ( 'NONE', #839, #1610 ) ;
#1450 = ORIENTED_EDGE ( 'NONE', *, *, #2322, .F. ) ;
#1451 = AXIS2_PLACEMENT_3D ( 'NONE', #1042, #1444, #338 ) ;
#1452 = EDGE_CURVE ( 'NONE', #1707, #2731, #1506, .T. ) ;
#1453 = VERTEX_POINT ( 'NONE', #2164 ) ;
#1454 = ADVANCED_FACE ( 'NONE', ( #216 ), #1342, .T. ) ;
#1455 = CARTESIAN_POINT ( 'NONE',  ( 0.3937007874015748254, -0.2559055118110237781, -0.07874015748031520934 ) ) ;
#1456 = LINE ( 'NONE', #1043, #38 ) ;
#1457 = CARTESIAN_POINT ( 'NONE',  ( 0.03937007874015747977, -0.1968503937007873850, -0.007381889763779528324 ) ) ;
#1458 = ORIENTED_EDGE ( 'NONE', *, *, #1714, .F. ) ;
#1459 = FILL_AREA_STYLE ('',( #1279 ) ) ;
#1460 = DIRECTION ( 'NONE',  ( 0.0000000000000000000, 1.000000000000000000, -1.224646799147353207E-16 ) ) ;
#1461 = SURFACE_STYLE_FILL_AREA ( #1047 ) ;
#1462 = FILL_AREA_STYLE ('',( #2142 ) ) ;
#1463 =( CONVERSION_BASED_UNIT ( 'INCH', #333 ) LENGTH_UNIT ( ) NAMED_UNIT ( #1124 ) );
#1464 = ORIENTED_EDGE ( 'NONE', *, *, #1404, .T. ) ;
#1465 = FILL_AREA_STYLE_COLOUR ( '', #61 ) ;
#1466 = LINE ( 'NONE', #2575, #2395 ) ;
#1467 = VERTEX_POINT ( 'NONE', #1328 ) ;
#1468 = SURFACE_STYLE_USAGE ( .BOTH. , #2800 ) ;
#1469 = DIRECTION ( 'NONE',  ( 0.0000000000000000000, 0.0000000000000000000, -1.000000000000000000 ) ) ;
#1470 = CARTESIAN_POINT ( 'NONE',  ( 0.3937007874015748254, 0.1968503937007874127, 0.07874015748031477913 ) ) ;
#1471 = EDGE_CURVE ( 'NONE', #1877, #467, #877, .T. ) ;
#1472 = LINE ( 'NONE', #1936, #2801 ) ;
#1473 = AXIS2_PLACEMENT_3D ( 'NONE', #1209, #2740, #757 ) ;
#1474 = AXIS2_PLACEMENT_3D ( 'NONE', #1865, #2252, #537 ) ;
#1475 = STYLED_ITEM ( 'NONE', ( #2523 ), #2286 ) ;
#1476 = AXIS2_PLACEMENT_3D ( 'NONE', #1569, #1093, #1747 ) ;
#1477 = CARTESIAN_POINT ( 'NONE',  ( 0.3937007874015748254, -0.1968503937007873850, -0.07874015748031520934 ) ) ;
#1478 = PRESENTATION_STYLE_ASSIGNMENT (( #2754 ) ) ;
#1479 = ORIENTED_EDGE ( 'NONE', *, *, #854, .F. ) ;
#1480 = CARTESIAN_POINT ( 'NONE',  ( 0.03937007874015747977, 5.938799986226666566E-17, -0.1968503937007876625 ) ) ;
#1481 = ORIENTED_EDGE ( 'NONE', *, *, #1298, .F. ) ;
#1482 = UNCERTAINTY_MEASURE_WITH_UNIT (LENGTH_MEASURE( 1.000000000000000082E-05 ), #2736, 'distance_accuracy_value', 'NONE');
#1483 = LINE ( 'NONE', #2337, #1118 ) ;
#1484 = CARTESIAN_POINT ( 'NONE',  ( 0.3937007874015748254, -0.2559055118110237781, 0.07874015748031469586 ) ) ;
#1485 = EDGE_CURVE ( 'NONE', #2378, #1140, #1712, .T. ) ;
#1486 = CARTESIAN_POINT ( 'NONE',  ( 0.7529527559055119168, 0.0000000000000000000, 0.0000000000000000000 ) ) ;
#1487 = CARTESIAN_POINT ( 'NONE',  ( 0.04013182416398604346, -0.3794388210740949341, -0.007381889763779528324 ) ) ;
#1488 = DIRECTION ( 'NONE',  ( 1.000000000000000000, 0.0000000000000000000, 0.0000000000000000000 ) ) ;
#1489 = ADVANCED_FACE ( 'NONE', ( #2407 ), #1115, .F. ) ;
#1490 = AXIS2_PLACEMENT_3D ( 'NONE', #922, #2510, #1401 ) ;
#1491 = CARTESIAN_POINT ( 'NONE',  ( 0.2755905511811023723, -0.1968503937007874127, -0.1377952755905509641 ) ) ;
#1492 = FACE_OUTER_BOUND ( 'NONE', #1400, .T. ) ;
#1493 = ORIENTED_EDGE ( 'NONE', *, *, #1658, .F. ) ;
#1494 = AXIS2_PLACEMENT_3D ( 'NONE', #1572, #2051, #939 ) ;
#1495 = LINE ( 'NONE', #174, #2088 ) ;
#1496 = DIRECTION ( 'NONE',  ( 0.0000000000000000000, 0.0000000000000000000, 1.000000000000000000 ) ) ;
#1497 = DIRECTION ( 'NONE',  ( -1.000000000000000000, 0.0000000000000000000, 0.0000000000000000000 ) ) ;
#1498 = DIRECTION ( 'NONE',  ( 0.0000000000000000000, 1.224646799147352961E-16, 1.000000000000000000 ) ) ;
#1499 = SURFACE_STYLE_USAGE ( .BOTH. , #2752 ) ;
#1500 = ORIENTED_EDGE ( 'NONE', *, *, #755, .T. ) ;
#1501 = EDGE_CURVE ( 'NONE', #916, #1918, #177, .T. ) ;
#1502 = ORIENTED_EDGE ( 'NONE', *, *, #1160, .T. ) ;
#1503 = CARTESIAN_POINT ( 'NONE',  ( 0.3937007874015748254, -0.2559055118110237781, -0.07874015748031520934 ) ) ;
#1504 = ORIENTED_EDGE ( 'NONE', *, *, #2064, .T. ) ;
#1505 = UNCERTAINTY_MEASURE_WITH_UNIT (LENGTH_MEASURE( 1.000000000000000082E-05 ), #661, 'distance_accuracy_value', 'NONE');
#1506 = LINE ( 'NONE', #2388, #2210 ) ;
#1507 = ORIENTED_EDGE ( 'NONE', *, *, #1688, .F. ) ;
#1508 = SURFACE_STYLE_FILL_AREA ( #1741 ) ;
#1509 = PRESENTATION_STYLE_ASSIGNMENT (( #2194 ) ) ;
#1510 = FACE_OUTER_BOUND ( 'NONE', #1171, .T. ) ;
#1511 = ORIENTED_EDGE ( 'NONE', *, *, #1443, .T. ) ;
#1512 = LENGTH_MEASURE_WITH_UNIT ( LENGTH_MEASURE( 0.02539999999999999897 ), #936 );
#1513 = DIRECTION ( 'NONE',  ( 0.0000000000000000000, 0.0000000000000000000, 1.000000000000000000 ) ) ;
#1514 = ADVANCED_FACE ( 'NONE', ( #2813 ), #1098, .F. ) ;
#1515 = ORIENTED_EDGE ( 'NONE', *, *, #654, .F. ) ;
#1516 = VECTOR ( 'NONE', #2679, 39.37007874015748143 ) ;
#1517 = AXIS2_PLACEMENT_3D ( 'NONE', #157, #395, #127 ) ;
#1518 = STYLED_ITEM ( 'NONE', ( #2349 ), #1216 ) ;
#1519 = ADVANCED_FACE ( 'NONE', ( #76 ), #24, .F. ) ;
#1520 = ORIENTED_EDGE ( 'NONE', *, *, #2829, .F. ) ;
#1521 = VECTOR ( 'NONE', #2304, 39.37007874015748143 ) ;
#1522 = CARTESIAN_POINT ( 'NONE',  ( 0.0000000000000000000, 0.1338582677165353896, 0.07874015748031515383 ) ) ;
#1523 = FILL_AREA_STYLE ('',( #257 ) ) ;
#1524 = FACE_OUTER_BOUND ( 'NONE', #481, .T. ) ;
#1525 = DIRECTION ( 'NONE',  ( -1.000000000000000000, 0.0000000000000000000, 0.0000000000000000000 ) ) ;
#1526 = EDGE_LOOP ( 'NONE', ( #657, #2722, #2786, #64 ) ) ;
#1527 = SURFACE_STYLE_FILL_AREA ( #1141 ) ;
#1528 = DIRECTION ( 'NONE',  ( 0.0000000000000000000, 1.000000000000000000, 2.168404344971008621E-16 ) ) ;
#1529 = FACE_OUTER_BOUND ( 'NONE', #562, .T. ) ;
#1530 = ORIENTED_EDGE ( 'NONE', *, *, #2421, .F. ) ;
#1531 = DIRECTION ( 'NONE',  ( 0.0000000000000000000, 0.0000000000000000000, 1.000000000000000000 ) ) ;
#1532 = ORIENTED_EDGE ( 'NONE', *, *, #1129, .T. ) ;
#1533 = UNCERTAINTY_MEASURE_WITH_UNIT (LENGTH_MEASURE( 1.000000000000000082E-05 ), #415, 'distance_accuracy_value', 'NONE');
#1534 = DIRECTION ( 'NONE',  ( 0.0000000000000000000, 0.0000000000000000000, 1.000000000000000000 ) ) ;
#1535 = ORIENTED_EDGE ( 'NONE', *, *, #2145, .T. ) ;
#1536 = VECTOR ( 'NONE', #764, 39.37007874015748143 ) ;
#1537 = EDGE_CURVE ( 'NONE', #2327, #264, #1179, .T. ) ;
#1538 = LINE ( 'NONE', #2409, #2316 ) ;
#1539 = CARTESIAN_POINT ( 'NONE',  ( 1.528703531385835257, -0.3740157480314961203, -0.03937007874015772957 ) ) ;
#1540 = FILL_AREA_STYLE_COLOUR ( '', #927 ) ;
#1541 = PRESENTATION_STYLE_ASSIGNMENT (( #865 ) ) ;
#1542 = ORIENTED_EDGE ( 'NONE', *, *, #933, .T. ) ;
#1543 =( CONVERSION_BASED_UNIT ( 'INCH', #2430 ) LENGTH_UNIT ( ) NAMED_UNIT ( #2024 ) );
#1544 = LINE ( 'NONE', #1379, #2775 ) ;
#1545 = DIRECTION ( 'NONE',  ( 1.000000000000000000, 0.0000000000000000000, 0.0000000000000000000 ) ) ;
#1546 = ORIENTED_EDGE ( 'NONE', *, *, #209, .T. ) ;
#1547 =( NAMED_UNIT ( * ) SI_UNIT ( $, .STERADIAN. ) SOLID_ANGLE_UNIT ( ) );
#1548 = ORIENTED_EDGE ( 'NONE', *, *, #1355, .T. ) ;
#1549 =( NAMED_UNIT ( * ) SI_UNIT ( $, .STERADIAN. ) SOLID_ANGLE_UNIT ( ) );
#1550 = SURFACE_STYLE_FILL_AREA ( #1293 ) ;
#1551 = FACE_OUTER_BOUND ( 'NONE', #2441, .T. ) ;
#1552 = ADVANCED_FACE ( 'NONE', ( #265 ), #2294, .F. ) ;
#1553 = ORIENTED_EDGE ( 'NONE', *, *, #2459, .T. ) ;
#1554 = DIRECTION ( 'NONE',  ( 0.0000000000000000000, -2.168404344971008621E-16, 1.000000000000000000 ) ) ;
#1555 = LINE ( 'NONE', #2432, #2452 ) ;
#1556 = VECTOR ( 'NONE', #628, 39.37007874015748143 ) ;
#1557 = DIRECTION ( 'NONE',  ( 0.0000000000000000000, 1.000000000000000000, 5.782411586589348764E-16 ) ) ;
#1558 = ORIENTED_EDGE ( 'NONE', *, *, #1878, .F. ) ;
#1559 = AXIS2_PLACEMENT_3D ( 'NONE', #1036, #1910, #825 ) ;
#1560 = DIRECTION ( 'NONE',  ( 1.000000000000000000, 0.0000000000000000000, 0.0000000000000000000 ) ) ;
#1561 = VECTOR ( 'NONE', #486, 39.37007874015748143 ) ;
#1562 = DIRECTION ( 'NONE',  ( 0.0000000000000000000, 2.168404344971008621E-16, -1.000000000000000000 ) ) ;
#1563 = CARTESIAN_POINT ( 'NONE',  ( 1.528703531385835257, -0.3740157480314961203, -2.390366994456230070E-16 ) ) ;
#1564 = FACE_OUTER_BOUND ( 'NONE', #1668, .T. ) ;
#1565 = EDGE_CURVE ( 'NONE', #1302, #1956, #908, .T. ) ;
#1566 = PRESENTATION_LAYER_ASSIGNMENT (  '', '', ( #2853 ) ) ;
#1567 = DIMENSIONAL_EXPONENTS ( 1.000000000000000000, 0.0000000000000000000, 0.0000000000000000000, 0.0000000000000000000, 0.0000000000000000000, 0.0000000000000000000, 0.0000000000000000000 ) ;
#1568 = VERTEX_POINT ( 'NONE', #1399 ) ;
#1569 = CARTESIAN_POINT ( 'NONE',  ( 0.03149606299213146554, 0.1377952755905511584, 0.007381889763779528324 ) ) ;
#1570 = EDGE_CURVE ( 'NONE', #778, #1737, #920, .T. ) ;
#1571 =( LENGTH_UNIT ( ) NAMED_UNIT ( * ) SI_UNIT ( $, .METRE. ) );
#1572 = CARTESIAN_POINT ( 'NONE',  ( 0.7677165354330710567, 0.0000000000000000000, 0.0000000000000000000 ) ) ;
#1573 = CARTESIAN_POINT ( 'NONE',  ( 0.2395493561423218953, -0.2559055118110236671, 0.06299212598425196763 ) ) ;
#1574 = ORIENTED_EDGE ( 'NONE', *, *, #1765, .F. ) ;
#1575 = PLANE ( 'NONE',  #2083 ) ;
#1576 = EDGE_LOOP ( 'NONE', ( #413, #1450, #1972, #1546 ) ) ;
#1577 = VECTOR ( 'NONE', #1135, 39.37007874015748143 ) ;
#1578 = CARTESIAN_POINT ( 'NONE',  ( 0.03149606299212595606, -0.3121399421843998323, 0.007381889763779528324 ) ) ;
#1579 = CARTESIAN_POINT ( 'NONE',  ( 0.3937007874015747699, 0.0000000000000000000, 0.0000000000000000000 ) ) ;
#1580 = COLOUR_RGB ( '',1.000000000000000000, 1.000000000000000000, 1.000000000000000000 ) ;
#1581 = CARTESIAN_POINT ( 'NONE',  ( 0.3937007874015748254, -0.3149606299212599492, 0.1377952755905509641 ) ) ;
#1582 = LINE ( 'NONE', #1430, #1748 ) ;
#1583 = VERTEX_POINT ( 'NONE', #2278 ) ;
#1584 = DIRECTION ( 'NONE',  ( 0.0000000000000000000, 1.000000000000000000, 0.0000000000000000000 ) ) ;
#1585 =( NAMED_UNIT ( * ) PLANE_ANGLE_UNIT ( ) SI_UNIT ( $, .RADIAN. ) );
#1586 = ADVANCED_FACE ( 'NONE', ( #1371 ), #1575, .T. ) ;
#1587 = DIRECTION ( 'NONE',  ( 0.0000000000000000000, 0.0000000000000000000, -1.000000000000000000 ) ) ;
#1588 = CARTESIAN_POINT ( 'NONE',  ( 0.7677165354330710567, 0.0000000000000000000, 0.0000000000000000000 ) ) ;
#1589 = VERTEX_POINT ( 'NONE', #2236 ) ;
#1590 = LENGTH_MEASURE_WITH_UNIT ( LENGTH_MEASURE( 0.02539999999999999897 ), #1383 );
#1591 = ORIENTED_EDGE ( 'NONE', *, *, #2336, .T. ) ;
#1592 = LINE ( 'NONE', #1193, #1816 ) ;
#1593 = CARTESIAN_POINT ( 'NONE',  ( 0.3937007874015748254, -0.3149606299212599492, -0.1377952755905509641 ) ) ;
#1594 = DIRECTION ( 'NONE',  ( 0.0000000000000000000, 0.0000000000000000000, -1.000000000000000000 ) ) ;
#1595 = B_SPLINE_CURVE_WITH_KNOTS ( 'NONE', 3,
 ( #1162, #2482, #501, #306, #79, #284 ),
 .UNSPECIFIED., .F., .F.,
 ( 4, 2, 4 ),
 ( 0.0000000000000000000, 0.0002434024190610753762, 0.0004868048381221507523 ),
 .UNSPECIFIED. ) ;
#1596 = CARTESIAN_POINT ( 'NONE',  ( 0.2755905511811023723, -0.2559055118110237781, 0.1377952755905509641 ) ) ;
#1597 = DIRECTION ( 'NONE',  ( 0.0000000000000000000, 5.782411586589301432E-16, -1.000000000000000000 ) ) ;
#1598 = ORIENTED_EDGE ( 'NONE', *, *, #2545, .T. ) ;
#1599 = CARTESIAN_POINT ( 'NONE',  ( 0.03937007874015747977, -0.2165354330708662844, -0.07874015748031520934 ) ) ;
#1600 =( LENGTH_UNIT ( ) NAMED_UNIT ( * ) SI_UNIT ( $, .METRE. ) );
#1601 = EDGE_CURVE ( 'NONE', #2385, #342, #254, .T. ) ;
#1602 = CARTESIAN_POINT ( 'NONE',  ( 0.3346456692913387099, -0.3149606299212599492, 0.1968503937007872184 ) ) ;
#1603 = CARTESIAN_POINT ( 'NONE',  ( 0.03937007874015747977, 0.1338582677165353896, -0.07874015748031515383 ) ) ;
#1604 = ORIENTED_EDGE ( 'NONE', *, *, #2023, .T. ) ;
#1605 = CARTESIAN_POINT ( 'NONE',  ( 0.2395493561423218953, -0.2559055118110236671, 0.06299212598425196763 ) ) ;
#1606 = ORIENTED_EDGE ( 'NONE', *, *, #2006, .T. ) ;
#1607 = EDGE_CURVE ( 'NONE', #1908, #2669, #1829, .T. ) ;
#1608 = CARTESIAN_POINT ( 'NONE',  ( 0.3937007874015748254, -0.1968503937007873850, -0.07874015748031520934 ) ) ;
#1609 =( NAMED_UNIT ( * ) PLANE_ANGLE_UNIT ( ) SI_UNIT ( $, .RADIAN. ) );
#1610 = VECTOR ( 'NONE', #1469, 39.37007874015748143 ) ;
#1611 = SURFACE_STYLE_USAGE ( .BOTH. , #1121 ) ;
#1612 = VECTOR ( 'NONE', #2137, 39.37007874015748143 ) ;
#1613 = VECTOR ( 'NONE', #2586, 39.37007874015748143 ) ;
#1614 = CARTESIAN_POINT ( 'NONE',  ( 0.05905511811023619190, -0.3740157480314960647, 0.007381889763779528324 ) ) ;
#1615 = DIRECTION ( 'NONE',  ( 0.0000000000000000000, 0.0000000000000000000, 1.000000000000000000 ) ) ;
#1616 = VECTOR ( 'NONE', #2664, 39.37007874015748143 ) ;
#1617 = ORIENTED_EDGE ( 'NONE', *, *, #2006, .F. ) ;
#1618 = AXIS2_PLACEMENT_3D ( 'NONE', #1874, #2693, #49 ) ;
#1619 = SURFACE_STYLE_FILL_AREA ( #1852 ) ;
#1620 = CARTESIAN_POINT ( 'NONE',  ( 0.0000000000000000000, 0.1968503937007873017, 0.1968503937007872462 ) ) ;
#1621 = DIRECTION ( 'NONE',  ( 0.0000000000000000000, 0.0000000000000000000, 1.000000000000000000 ) ) ;
#1622 = VERTEX_POINT ( 'NONE', #942 ) ;
#1623 = FILL_AREA_STYLE_COLOUR ( '', #1440 ) ;
#1624 = ORIENTED_EDGE ( 'NONE', *, *, #288, .T. ) ;
#1625 = DIRECTION ( 'NONE',  ( 0.0000000000000000000, 0.0000000000000000000, -1.000000000000000000 ) ) ;
#1626 =( NAMED_UNIT ( * ) SI_UNIT ( $, .STERADIAN. ) SOLID_ANGLE_UNIT ( ) );
#1627 = ORIENTED_EDGE ( 'NONE', *, *, #1601, .F. ) ;
#1628 = EDGE_CURVE ( 'NONE', #422, #43, #1797, .T. ) ;
#1629 = DIRECTION ( 'NONE',  ( -1.000000000000000000, -0.0000000000000000000, -0.0000000000000000000 ) ) ;
#1630 =( GEOMETRIC_REPRESENTATION_CONTEXT ( 3 ) GLOBAL_UNCERTAINTY_ASSIGNED_CONTEXT ( ( #1711 ) ) GLOBAL_UNIT_ASSIGNED_CONTEXT ( ( #917, #962, #71 ) ) REPRESENTATION_CONTEXT ( 'NONE', 'WORKASPACE' ) );
#1631 = DIRECTION ( 'NONE',  ( -1.000000000000000000, -0.0000000000000000000, -0.0000000000000000000 ) ) ;
#1632 = ORIENTED_EDGE ( 'NONE', *, *, #522, .T. ) ;
#1633 = EDGE_LOOP ( 'NONE', ( #2176, #941, #1507, #289 ) ) ;
#1634 = DIRECTION ( 'NONE',  ( 0.0000000000000000000, 1.000000000000000000, 5.782411586589348764E-16 ) ) ;
#1635 = SURFACE_STYLE_FILL_AREA ( #163 ) ;
#1636 = ORIENTED_EDGE ( 'NONE', *, *, #2212, .F. ) ;
#1637 = SURFACE_STYLE_FILL_AREA ( #1805 ) ;
#1638 = EDGE_CURVE ( 'NONE', #717, #2606, #1158, .T. ) ;
#1639 =( NAMED_UNIT ( * ) PLANE_ANGLE_UNIT ( ) SI_UNIT ( $, .RADIAN. ) );
#1640 = ORIENTED_EDGE ( 'NONE', *, *, #303, .T. ) ;
#1641 = CARTESIAN_POINT ( 'NONE',  ( 0.3937007874015748254, 0.1968503937007874405, -0.07874015748031515383 ) ) ;
#1642 = EDGE_CURVE ( 'NONE', #1622, #1745, #989, .T. ) ;
#1643 = DIRECTION ( 'NONE',  ( 1.000000000000000000, 2.123516577716221514E-16, 0.0000000000000000000 ) ) ;
#1644 = ORIENTED_EDGE ( 'NONE', *, *, #2781, .T. ) ;
#1645 = ORIENTED_EDGE ( 'NONE', *, *, #125, .T. ) ;
#1646 = CARTESIAN_POINT ( 'NONE',  ( 0.3346456692913387099, -0.2559055118110237226, -0.1968503937007877180 ) ) ;
#1647 = LINE ( 'NONE', #1593, #1660 ) ;
#1648 = CARTESIAN_POINT ( 'NONE',  ( 0.2328915887395679174, -0.2559055118110236671, -0.06299212598425196763 ) ) ;
#1649 = EDGE_LOOP ( 'NONE', ( #2262, #1520, #1051, #304, #423, #443, #1757, #2160, #1308, #2394, #2690, #2307 ) ) ;
#1650 = VECTOR ( 'NONE', #1557, 39.37007874015748143 ) ;
#1651 =( LENGTH_UNIT ( ) NAMED_UNIT ( * ) SI_UNIT ( $, .METRE. ) );
#1652 = CARTESIAN_POINT ( 'NONE',  ( 0.7283464566929135353, 1.518754888706363700E-17, 0.1240157480314961064 ) ) ;
#1653 = VECTOR ( 'NONE', #1280, 39.37007874015748143 ) ;
#1654 = ADVANCED_FACE ( 'NONE', ( #1858 ), #2521, .F. ) ;
#1655 = AXIS2_PLACEMENT_3D ( 'NONE', #738, #485, #2283 ) ;
#1656 = VECTOR ( 'NONE', #2504, 39.37007874015748143 ) ;
#1657 = MECHANICAL_DESIGN_GEOMETRIC_PRESENTATION_REPRESENTATION (  '', ( #42 ), #1172 ) ;
#1658 = EDGE_CURVE ( 'NONE', #2184, #2533, #300, .T. ) ;
#1659 =( NAMED_UNIT ( * ) PLANE_ANGLE_UNIT ( ) SI_UNIT ( $, .RADIAN. ) );
#1660 = VECTOR ( 'NONE', #752, 39.37007874015748143 ) ;
#1661 = ORIENTED_EDGE ( 'NONE', *, *, #230, .F. ) ;
#1662 = CARTESIAN_POINT ( 'NONE',  ( 0.7677165354330710567, 1.446433227339393765E-17, 0.1181102362204724532 ) ) ;
#1663 = PLANE ( 'NONE',  #1169 ) ;
#1664 = CARTESIAN_POINT ( 'NONE',  ( 0.3937007874015748254, -0.1968503937007873850, -0.007381889763779525722 ) ) ;
#1665 = ORIENTED_EDGE ( 'NONE', *, *, #2122, .F. ) ;
#1666 =( NAMED_UNIT ( * ) SI_UNIT ( $, .STERADIAN. ) SOLID_ANGLE_UNIT ( ) );
#1667 = CARTESIAN_POINT ( 'NONE',  ( 0.3937007874015748254, -0.2559055118110237781, 0.1968503937007872462 ) ) ;
#1668 = EDGE_LOOP ( 'NONE', ( #2323, #682, #271, #2097, #142, #1959, #1632, #2415, #459, #229 ) ) ;
#1669 = MECHANICAL_DESIGN_GEOMETRIC_PRESENTATION_REPRESENTATION (  '', ( #2726 ), #660 ) ;
#1670 = FACE_OUTER_BOUND ( 'NONE', #2579, .T. ) ;
#1671 = STYLED_ITEM ( 'NONE', ( #57 ), #350 ) ;
#1672 = VECTOR ( 'NONE', #817, 39.37007874015748143 ) ;
#1673 = CARTESIAN_POINT ( 'NONE',  ( 0.03149606299213146554, 0.1377952755905511584, 0.007381889763779528324 ) ) ;
#1674 =( NAMED_UNIT ( * ) PLANE_ANGLE_UNIT ( ) SI_UNIT ( $, .RADIAN. ) );
#1675 = EDGE_CURVE ( 'NONE', #2731, #1745, #524, .T. ) ;
#1676 = EDGE_LOOP ( 'NONE', ( #1828, #1730, #1159, #1324, #1318, #2755 ) ) ;
#1677 = DIRECTION ( 'NONE',  ( 1.000000000000000000, 0.0000000000000000000, 0.0000000000000000000 ) ) ;
#1678 = CARTESIAN_POINT ( 'NONE',  ( 0.3937007874015748254, 7.955382750366665093E-18, -0.06496062992125985203 ) ) ;
#1679 = CARTESIAN_POINT ( 'NONE',  ( 0.9436874067777375474, 0.0000000000000000000, -0.1181102362204724532 ) ) ;
#1680 = ORIENTED_EDGE ( 'NONE', *, *, #2478, .T. ) ;
#1681 = FILL_AREA_STYLE ('',( #2139 ) ) ;
#1682 = DIRECTION ( 'NONE',  ( 1.000000000000000000, 0.0000000000000000000, 0.0000000000000000000 ) ) ;
#1683 = PLANE ( 'NONE',  #291 ) ;
#1684 = CARTESIAN_POINT ( 'NONE',  ( 0.03937007874015747977, 0.0000000000000000000, 0.1377952755905509641 ) ) ;
#1685 = LINE ( 'NONE', #2146, #1863 ) ;
#1686 = CARTESIAN_POINT ( 'NONE',  ( 0.4015232672670482339, -0.1570630009606953925, 0.06299212598425199539 ) ) ;
#1687 = ORIENTED_EDGE ( 'NONE', *, *, #463, .T. ) ;
#1688 = EDGE_CURVE ( 'NONE', #1079, #702, #1582, .T. ) ;
#1689 =( NAMED_UNIT ( * ) SI_UNIT ( $, .STERADIAN. ) SOLID_ANGLE_UNIT ( ) );
#1690 = CARTESIAN_POINT ( 'NONE',  ( 0.0000000000000000000, -0.2559055118110237781, -0.07874015748031520934 ) ) ;
#1691 = ORIENTED_EDGE ( 'NONE', *, *, #1694, .F. ) ;
#1692 = LINE ( 'NONE', #341, #2846 ) ;
#1693 = ORIENTED_EDGE ( 'NONE', *, *, #158, .T. ) ;
#1694 = EDGE_CURVE ( 'NONE', #2472, #54, #2298, .T. ) ;
#1695 = DIMENSIONAL_EXPONENTS ( 1.000000000000000000, 0.0000000000000000000, 0.0000000000000000000, 0.0000000000000000000, 0.0000000000000000000, 0.0000000000000000000, 0.0000000000000000000 ) ;
#1696 = CARTESIAN_POINT ( 'NONE',  ( 0.2533863545093216207, -0.3740157480314961203, 0.03937007874015722303 ) ) ;
#1697 = CARTESIAN_POINT ( 'NONE',  ( 0.0000000000000000000, 0.1338582677165353896, 0.0000000000000000000 ) ) ;
#1698 = AXIS2_PLACEMENT_3D ( 'NONE', #1358, #968, #1412 ) ;
#1699 = CARTESIAN_POINT ( 'NONE',  ( 0.2533863545093216207, -0.3740157480314961203, -0.03937007874015773651 ) ) ;
#1700 = VECTOR ( 'NONE', #687, 39.37007874015748143 ) ;
#1701 = AXIS2_PLACEMENT_3D ( 'NONE', #2015, #411, #21 ) ;
#1702 = VERTEX_POINT ( 'NONE', #1808 ) ;
#1703 = VECTOR ( 'NONE', #1930, 39.37007874015748143 ) ;
#1704 = VECTOR ( 'NONE', #1015, 39.37007874015748143 ) ;
#1705 = DIRECTION ( 'NONE',  ( -0.0000000000000000000, -0.0000000000000000000, -1.000000000000000000 ) ) ;
#1706 = SURFACE_SIDE_STYLE ('',( #2158 ) ) ;
#1707 = VERTEX_POINT ( 'NONE', #539 ) ;
#1708 = VECTOR ( 'NONE', #60, 39.37007874015748143 ) ;
#1709 = PRESENTATION_LAYER_ASSIGNMENT (  '', '', ( #606 ) ) ;
#1710 = ORIENTED_EDGE ( 'NONE', *, *, #970, .T. ) ;
#1711 = UNCERTAINTY_MEASURE_WITH_UNIT (LENGTH_MEASURE( 1.000000000000000082E-05 ), #917, 'distance_accuracy_value', 'NONE');
#1712 = LINE ( 'NONE', #1317, #1213 ) ;
#1713 = EDGE_LOOP ( 'NONE', ( #733, #1106, #1530, #169, #1691, #2480, #2288, #2613 ) ) ;
#1714 = EDGE_CURVE ( 'NONE', #2027, #681, #330, .T. ) ;
#1715 = CARTESIAN_POINT ( 'NONE',  ( 0.3346456692913387099, -0.2559055118110237781, 0.1377952755905509641 ) ) ;
#1716 = EDGE_CURVE ( 'NONE', #866, #318, #2758, .T. ) ;
#1717 = FACE_OUTER_BOUND ( 'NONE', #2335, .T. ) ;
#1718 = DIRECTION ( 'NONE',  ( -0.4617486132350320238, 0.8870108331782227129, 0.0000000000000000000 ) ) ;
#1719 = AXIS2_PLACEMENT_3D ( 'NONE', #1868, #1250, #566 ) ;
#1720 = DIRECTION ( 'NONE',  ( 0.0000000000000000000, -2.891205793294676847E-16, 1.000000000000000000 ) ) ;
#1721 =( NAMED_UNIT ( * ) PLANE_ANGLE_UNIT ( ) SI_UNIT ( $, .RADIAN. ) );
#1722 = EDGE_LOOP ( 'NONE', ( #129, #2188, #1661, #2418 ) ) ;
#1723 =( GEOMETRIC_REPRESENTATION_CONTEXT ( 3 ) GLOBAL_UNCERTAINTY_ASSIGNED_CONTEXT ( ( #669 ) ) GLOBAL_UNIT_ASSIGNED_CONTEXT ( ( #2038, #2309, #2324 ) ) REPRESENTATION_CONTEXT ( 'NONE', 'WORKASPACE' ) );
#1724 = PLANE ( 'NONE',  #366 ) ;
#1725 = ORIENTED_EDGE ( 'NONE', *, *, #113, .F. ) ;
#1726 = EDGE_LOOP ( 'NONE', ( #2119, #160, #1237, #2810 ) ) ;
#1727 =( CONVERSION_BASED_UNIT ( 'INCH', #1137 ) LENGTH_UNIT ( ) NAMED_UNIT ( #648 ) );
#1728 = PLANE ( 'NONE',  #2536 ) ;
#1729 = EDGE_CURVE ( 'NONE', #2152, #308, #102, .T. ) ;
#1730 = ORIENTED_EDGE ( 'NONE', *, *, #267, .T. ) ;
#1731 =( BOUNDED_CURVE ( )  B_SPLINE_CURVE ( 3, ( #2334, #1239, #528, #2770 ),
 .UNSPECIFIED., .F., .T. ) 
 B_SPLINE_CURVE_WITH_KNOTS ( ( 4, 4 ),
 ( 4.712388980384689674, 7.853981633974482790 ),
 .UNSPECIFIED. ) 
 CURVE ( )  GEOMETRIC_REPRESENTATION_ITEM ( )  RATIONAL_B_SPLINE_CURVE ( ( 1.000000000000000000, 0.3333333333333333703, 0.3333333333333333703, 1.000000000000000000 ) ) 
 REPRESENTATION_ITEM ( '' )  );
#1732 = EDGE_CURVE ( 'NONE', #1423, #2512, #1843, .T. ) ;
#1733 = DIRECTION ( 'NONE',  ( 0.0000000000000000000, 0.0000000000000000000, 1.000000000000000000 ) ) ;
#1734 = VERTEX_POINT ( 'NONE', #2471 ) ;
#1735 = DIMENSIONAL_EXPONENTS ( 1.000000000000000000, 0.0000000000000000000, 0.0000000000000000000, 0.0000000000000000000, 0.0000000000000000000, 0.0000000000000000000, 0.0000000000000000000 ) ;
#1736 = CARTESIAN_POINT ( 'NONE',  ( 0.2738811202790752963, -0.3346456692913385988, 0.03937007874015722303 ) ) ;
#1737 = VERTEX_POINT ( 'NONE', #2026 ) ;
#1738 = UNCERTAINTY_MEASURE_WITH_UNIT (LENGTH_MEASURE( 1.000000000000000082E-05 ), #902, 'distance_accuracy_value', 'NONE');
#1739 =( NAMED_UNIT ( * ) PLANE_ANGLE_UNIT ( ) SI_UNIT ( $, .RADIAN. ) );
#1740 = VERTEX_POINT ( 'NONE', #1405 ) ;
#1741 = FILL_AREA_STYLE ('',( #2815 ) ) ;
#1742 = CARTESIAN_POINT ( 'NONE',  ( 0.3346456692913387099, -0.2559055118110237781, 0.1968503937007872462 ) ) ;
#1743 = PRESENTATION_STYLE_ASSIGNMENT (( #1334 ) ) ;
#1744 = FACE_OUTER_BOUND ( 'NONE', #677, .T. ) ;
#1745 = VERTEX_POINT ( 'NONE', #270 ) ;
#1746 = EDGE_CURVE ( 'NONE', #308, #681, #32, .T. ) ;
#1747 = DIRECTION ( 'NONE',  ( 0.0000000000000000000, 0.0000000000000000000, -1.000000000000000000 ) ) ;
#1748 = VECTOR ( 'NONE', #67, 39.37007874015748143 ) ;
#1749 = CARTESIAN_POINT ( 'NONE',  ( 0.2328915887395679174, -0.2559055118110236671, 0.06299212598425196763 ) ) ;
#1750 = FACE_OUTER_BOUND ( 'NONE', #390, .T. ) ;
#1751 = ORIENTED_EDGE ( 'NONE', *, *, #2195, .F. ) ;
#1752 = ADVANCED_FACE ( 'NONE', ( #504 ), #287, .F. ) ;
#1753 = PRESENTATION_LAYER_ASSIGNMENT (  '', '', ( #2804 ) ) ;
#1754 = VECTOR ( 'NONE', #2686, 39.37007874015748143 ) ;
#1755 = FACE_OUTER_BOUND ( 'NONE', #239, .T. ) ;
#1756 = PRESENTATION_LAYER_ASSIGNMENT (  '', '', ( #1028 ) ) ;
#1757 = ORIENTED_EDGE ( 'NONE', *, *, #1052, .T. ) ;
#1758 = SURFACE_STYLE_USAGE ( .BOTH. , #1303 ) ;
#1759 = SURFACE_SIDE_STYLE ('',( #1550 ) ) ;
#1760 = DIRECTION ( 'NONE',  ( -1.000000000000000000, 0.0000000000000000000, 0.0000000000000000000 ) ) ;
#1761 = DIRECTION ( 'NONE',  ( 0.0000000000000000000, 0.0000000000000000000, -1.000000000000000000 ) ) ;
#1762 = ORIENTED_EDGE ( 'NONE', *, *, #570, .T. ) ;
#1763 = PRESENTATION_STYLE_ASSIGNMENT (( #1824 ) ) ;
#1764 = SURFACE_STYLE_USAGE ( .BOTH. , #2852 ) ;
#1765 = EDGE_CURVE ( 'NONE', #1277, #2327, #1186, .T. ) ;
#1766 = DIRECTION ( 'NONE',  ( 0.0000000000000000000, 0.0000000000000000000, -1.000000000000000000 ) ) ;
#1767 = CARTESIAN_POINT ( 'NONE',  ( 0.07874015748031493178, -0.3740157480314960647, 0.007381889763779528324 ) ) ;
#1768 = ORIENTED_EDGE ( 'NONE', *, *, #1729, .F. ) ;
#1769 = UNCERTAINTY_MEASURE_WITH_UNIT (LENGTH_MEASURE( 1.000000000000000082E-05 ), #2528, 'distance_accuracy_value', 'NONE');
#1770 = ORIENTED_EDGE ( 'NONE', *, *, #173, .T. ) ;
#1771 = CIRCLE ( 'NONE', #1494, 0.1181102362204724532 ) ;
#1772 = DIRECTION ( 'NONE',  ( 0.0000000000000000000, 1.000000000000000000, 3.016910393003142859E-16 ) ) ;
#1773 = EDGE_CURVE ( 'NONE', #2152, #530, #739, .T. ) ;
#1774 = DIRECTION ( 'NONE',  ( 0.0000000000000000000, 0.0000000000000000000, -1.000000000000000000 ) ) ;
#1775 = CARTESIAN_POINT ( 'NONE',  ( 0.7529527559055119168, 0.0000000000000000000, 0.0000000000000000000 ) ) ;
#1776 = LINE ( 'NONE', #2640, #1167 ) ;
#1777 = ORIENTED_EDGE ( 'NONE', *, *, #1628, .T. ) ;
#1778 = CARTESIAN_POINT ( 'NONE',  ( 0.3937007874015748254, 0.1968503937007873017, 0.1968503937007872462 ) ) ;
#1779 = FILL_AREA_STYLE ('',( #13 ) ) ;
#1780 = VERTEX_POINT ( 'NONE', #1848 ) ;
#1781 = VERTEX_POINT ( 'NONE', #2542 ) ;
#1782 = EDGE_CURVE ( 'NONE', #990, #1296, #2114, .T. ) ;
#1783 = CARTESIAN_POINT ( 'NONE',  ( 0.3937007874015747699, 0.0000000000000000000, -0.1633858267716535861 ) ) ;
#1784 = FACE_OUTER_BOUND ( 'NONE', #1649, .T. ) ;
#1785 = PRESENTATION_STYLE_ASSIGNMENT (( #685 ) ) ;
#1786 = LINE ( 'NONE', #2653, #1556 ) ;
#1787 = ADVANCED_FACE ( 'NONE', ( #381 ), #356, .F. ) ;
#1788 = LINE ( 'NONE', #629, #2671 ) ;
#1789 = ORIENTED_EDGE ( 'NONE', *, *, #2530, .F. ) ;
#1790 = SURFACE_STYLE_FILL_AREA ( #2016 ) ;
#1791 = DIRECTION ( 'NONE',  ( -1.000000000000000000, 0.0000000000000000000, 0.0000000000000000000 ) ) ;
#1792 = DIMENSIONAL_EXPONENTS ( 1.000000000000000000, 0.0000000000000000000, 0.0000000000000000000, 0.0000000000000000000, 0.0000000000000000000, 0.0000000000000000000, 0.0000000000000000000 ) ;
#1793 = PRESENTATION_LAYER_ASSIGNMENT (  '', '', ( #313 ) ) ;
#1794 = DIRECTION ( 'NONE',  ( -1.000000000000000000, 0.0000000000000000000, 0.0000000000000000000 ) ) ;
#1795 = EDGE_LOOP ( 'NONE', ( #1558, #505, #2116, #2616 ) ) ;
#1796 = VECTOR ( 'NONE', #1820, 39.37007874015748143 ) ;
#1797 = LINE ( 'NONE', #1605, #1516 ) ;
#1798 = VERTEX_POINT ( 'NONE', #2582 ) ;
#1799 = COLOUR_RGB ( '',1.000000000000000000, 1.000000000000000000, 1.000000000000000000 ) ;
#1800 = VECTOR ( 'NONE', #808, 39.37007874015748143 ) ;
#1801 = COLOUR_RGB ( '',1.000000000000000000, 1.000000000000000000, 1.000000000000000000 ) ;
#1802 =( LENGTH_UNIT ( ) NAMED_UNIT ( * ) SI_UNIT ( $, .METRE. ) );
#1803 =( CONVERSION_BASED_UNIT ( 'INCH', #472 ) LENGTH_UNIT ( ) NAMED_UNIT ( #2642 ) );
#1804 = VECTOR ( 'NONE', #1643, 39.37007874015748143 ) ;
#1805 = FILL_AREA_STYLE ('',( #2297 ) ) ;
#1806 = MECHANICAL_DESIGN_GEOMETRIC_PRESENTATION_REPRESENTATION (  '', ( #1175 ), #1305 ) ;
#1807 = EDGE_CURVE ( 'NONE', #595, #449, #780, .T. ) ;
#1808 = CARTESIAN_POINT ( 'NONE',  ( 0.2328915887395679174, -0.1968503937007873850, -0.06299212598425196763 ) ) ;
#1809 = ORIENTED_EDGE ( 'NONE', *, *, #1765, .T. ) ;
#1810 = CARTESIAN_POINT ( 'NONE',  ( 0.03937007874015747977, 0.1377952755905511584, 0.007381889763779528324 ) ) ;
#1811 = CARTESIAN_POINT ( 'NONE',  ( 0.7529527559055119168, 7.955382750366665093E-18, -0.06496062992125985203 ) ) ;
#1812 = CARTESIAN_POINT ( 'NONE',  ( 0.3346456692913387099, -0.3149606299212599492, -0.1377952755905509641 ) ) ;
#1813 = ORIENTED_EDGE ( 'NONE', *, *, #2513, .F. ) ;
#1814 = DIRECTION ( 'NONE',  ( -0.0000000000000000000, -1.000000000000000000, -0.0000000000000000000 ) ) ;
#1815 = ORIENTED_EDGE ( 'NONE', *, *, #1231, .F. ) ;
#1816 = VECTOR ( 'NONE', #2706, 39.37007874015748143 ) ;
#1817 = SURFACE_SIDE_STYLE ('',( #2251 ) ) ;
#1818 = AXIS2_PLACEMENT_3D ( 'NONE', #1001, #582, #1677 ) ;
#1819 = LINE ( 'NONE', #2470, #1656 ) ;
#1820 = DIRECTION ( 'NONE',  ( -1.000000000000000000, -0.0000000000000000000, -0.0000000000000000000 ) ) ;
#1821 = ORIENTED_EDGE ( 'NONE', *, *, #1108, .F. ) ;
#1822 = EDGE_CURVE ( 'NONE', #77, #1890, #369, .T. ) ;
#1823 = LINE ( 'NONE', #1394, #1228 ) ;
#1824 = SURFACE_STYLE_USAGE ( .BOTH. , #890 ) ;
#1825 = EDGE_CURVE ( 'NONE', #1583, #2538, #2367, .T. ) ;
#1826 = CARTESIAN_POINT ( 'NONE',  ( 0.2328915887395679174, -0.2559055118110236671, 0.06299212598425196763 ) ) ;
#1827 = DIRECTION ( 'NONE',  ( 0.9613033324695072768, 0.2754921105640230072, 0.0000000000000000000 ) ) ;
#1828 = ORIENTED_EDGE ( 'NONE', *, *, #2243, .T. ) ;
#1829 = LINE ( 'NONE', #2704, #1208 ) ;
#1830 = ORIENTED_EDGE ( 'NONE', *, *, #522, .F. ) ;
#1831 =( LENGTH_UNIT ( ) NAMED_UNIT ( * ) SI_UNIT ( $, .METRE. ) );
#1832 = DIRECTION ( 'NONE',  ( -6.672013369141566203E-16, 1.000000000000000000, 0.0000000000000000000 ) ) ;
#1833 =( NAMED_UNIT ( * ) PLANE_ANGLE_UNIT ( ) SI_UNIT ( $, .RADIAN. ) );
#1834 = CARTESIAN_POINT ( 'NONE',  ( 0.0000000000000000000, 0.1968503937007874127, 0.07874015748031477913 ) ) ;
#1835 = ORIENTED_EDGE ( 'NONE', *, *, #1016, .T. ) ;
#1836 = CARTESIAN_POINT ( 'NONE',  ( 0.3346456692913387099, -0.2559055118110237781, 0.1968503937007872462 ) ) ;
#1837 = DIRECTION ( 'NONE',  ( 0.2754921105640230627, -0.9613033324695073878, 0.0000000000000000000 ) ) ;
#1838 = EDGE_CURVE ( 'NONE', #2365, #916, #344, .T. ) ;
#1839 = ORIENTED_EDGE ( 'NONE', *, *, #209, .F. ) ;
#1840 = DIRECTION ( 'NONE',  ( 0.0000000000000000000, 0.0000000000000000000, 1.000000000000000000 ) ) ;
#1841 = ORIENTED_EDGE ( 'NONE', *, *, #2064, .F. ) ;
#1842 = DIRECTION ( 'NONE',  ( -2.668805347656626185E-16, -1.000000000000000000, 0.0000000000000000000 ) ) ;
#1843 = CIRCLE ( 'NONE', #977, 0.1633858267716535861 ) ;
#1844 = STYLED_ITEM ( 'NONE', ( #1541 ), #782 ) ;
#1845 = EDGE_LOOP ( 'NONE', ( #2724, #2729, #1270, #2655 ) ) ;
#1846 = VECTOR ( 'NONE', #1448, 39.37007874015748143 ) ;
#1847 = COLOUR_RGB ( '',1.000000000000000000, 1.000000000000000000, 1.000000000000000000 ) ;
#1848 = CARTESIAN_POINT ( 'NONE',  ( 0.2328915887395679174, -0.2559055118110236671, 0.06299212598425196763 ) ) ;
#1849 = VECTOR ( 'NONE', #1993, 39.37007874015748143 ) ;
#1850 = EDGE_LOOP ( 'NONE', ( #1665, #2260, #1000, #2592 ) ) ;
#1851 = VECTOR ( 'NONE', #1562, 39.37007874015748143 ) ;
#1852 = FILL_AREA_STYLE ('',( #742 ) ) ;
#1853 = CARTESIAN_POINT ( 'NONE',  ( 0.03937007874015747977, 0.1633858267716535584, 0.07874015748031477913 ) ) ;
#1854 = CARTESIAN_POINT ( 'NONE',  ( 0.0000000000000000000, -0.2559055118110237781, 0.1968503937007872462 ) ) ;
#1855 = LENGTH_MEASURE_WITH_UNIT ( LENGTH_MEASURE( 0.02539999999999999897 ), #2276 );
#1856 = ORIENTED_EDGE ( 'NONE', *, *, #909, .T. ) ;
#1857 = UNCERTAINTY_MEASURE_WITH_UNIT (LENGTH_MEASURE( 1.000000000000000082E-05 ), #992, 'distance_accuracy_value', 'NONE');
#1858 = FACE_OUTER_BOUND ( 'NONE', #1157, .T. ) ;
#1859 = EDGE_CURVE ( 'NONE', #668, #407, #2556, .T. ) ;
#1860 =( NAMED_UNIT ( * ) SI_UNIT ( $, .STERADIAN. ) SOLID_ANGLE_UNIT ( ) );
#1861 = LENGTH_MEASURE_WITH_UNIT ( LENGTH_MEASURE( 0.02539999999999999897 ), #502 );
#1862 = ORIENTED_EDGE ( 'NONE', *, *, #2179, .T. ) ;
#1863 = VECTOR ( 'NONE', #416, 39.37007874015748854 ) ;
#1864 = EDGE_CURVE ( 'NONE', #2669, #1302, #2350, .T. ) ;
#1865 = CARTESIAN_POINT ( 'NONE',  ( 0.4003585548043288034, -0.2047244094488188948, 0.03937007874015722303 ) ) ;
#1866 = CIRCLE ( 'NONE', #617, 0.1633858267716535861 ) ;
#1867 = CARTESIAN_POINT ( 'NONE',  ( 0.4121695784263760820, 0.0000000000000000000, 0.0000000000000000000 ) ) ;
#1868 = CARTESIAN_POINT ( 'NONE',  ( 0.2395493561423218953, -0.2559055118110236671, 0.03937007874015722303 ) ) ;
#1869 =( NAMED_UNIT ( * ) SI_UNIT ( $, .STERADIAN. ) SOLID_ANGLE_UNIT ( ) );
#1870 =( NAMED_UNIT ( * ) PLANE_ANGLE_UNIT ( ) SI_UNIT ( $, .RADIAN. ) );
#1871 = ORIENTED_EDGE ( 'NONE', *, *, #1825, .T. ) ;
#1872 = ORIENTED_EDGE ( 'NONE', *, *, #1406, .F. ) ;
#1873 = SURFACE_STYLE_FILL_AREA ( #1887 ) ;
#1874 = CARTESIAN_POINT ( 'NONE',  ( 0.7283464566929135353, 0.0000000000000000000, 0.0000000000000000000 ) ) ;
#1875 = VERTEX_POINT ( 'NONE', #2106 ) ;
#1876 = DIRECTION ( 'NONE',  ( 0.0000000000000000000, -1.000000000000000000, 0.0000000000000000000 ) ) ;
#1877 = VERTEX_POINT ( 'NONE', #166 ) ;
#1878 = EDGE_CURVE ( 'NONE', #359, #1589, #1252, .T. ) ;
#1879 = PLANE ( 'NONE',  #2763 ) ;
#1880 = DIRECTION ( 'NONE',  ( 1.000000000000000000, 0.0000000000000000000, 0.0000000000000000000 ) ) ;
#1881 = ADVANCED_FACE ( 'NONE', ( #1058 ), #811, .F. ) ;
#1882 = ORIENTED_EDGE ( 'NONE', *, *, #835, .T. ) ;
#1883 = CARTESIAN_POINT ( 'NONE',  ( 0.3937007874015748254, -0.1486220472440945017, 0.06299212598425196763 ) ) ;
#1884 = PRESENTATION_STYLE_ASSIGNMENT (( #104 ) ) ;
#1885 = CARTESIAN_POINT ( 'NONE',  ( 0.3885475311822815248, -0.1929133858267716162, 0.03937007874015722303 ) ) ;
#1886 = VERTEX_POINT ( 'NONE', #2788 ) ;
#1887 = FILL_AREA_STYLE ('',( #1465 ) ) ;
#1888 = FACE_OUTER_BOUND ( 'NONE', #1676, .T. ) ;
#1889 = DIRECTION ( 'NONE',  ( 1.000000000000000000, 0.0000000000000000000, 0.0000000000000000000 ) ) ;
#1890 = VERTEX_POINT ( 'NONE', #607 ) ;
#1891 =( GEOMETRIC_REPRESENTATION_CONTEXT ( 3 ) GLOBAL_UNCERTAINTY_ASSIGNED_CONTEXT ( ( #1263 ) ) GLOBAL_UNIT_ASSIGNED_CONTEXT ( ( #1189, #541, #1869 ) ) REPRESENTATION_CONTEXT ( 'NONE', 'WORKASPACE' ) );
#1892 = LINE ( 'NONE', #2764, #1704 ) ;
#1893 = EDGE_CURVE ( 'NONE', #374, #2782, #1933, .T. ) ;
#1894 = CARTESIAN_POINT ( 'NONE',  ( 0.03937007874015747977, 0.0000000000000000000, -0.07874015748031515383 ) ) ;
#1895 = CIRCLE ( 'NONE', #1166, 0.1181102362204724532 ) ;
#1896 = VECTOR ( 'NONE', #1390, 39.37007874015748143 ) ;
#1897 = LINE ( 'NONE', #383, #2847 ) ;
#1898 = EDGE_CURVE ( 'NONE', #407, #988, #1449, .T. ) ;
#1899 = SURFACE_STYLE_FILL_AREA ( #1008 ) ;
#1900 = VECTOR ( 'NONE', #111, 39.37007874015748143 ) ;
#1901 = CIRCLE ( 'NONE', #2673, 0.01968503937007873988 ) ;
#1902 =( GEOMETRIC_REPRESENTATION_CONTEXT ( 3 ) GLOBAL_UNCERTAINTY_ASSIGNED_CONTEXT ( ( #2177 ) ) GLOBAL_UNIT_ASSIGNED_CONTEXT ( ( #2405, #1961, #2614 ) ) REPRESENTATION_CONTEXT ( 'NONE', 'WORKASPACE' ) );
#1903 = CYLINDRICAL_SURFACE ( 'NONE', #559, 0.01968503937007873988 ) ;
#1904 = ORIENTED_EDGE ( 'NONE', *, *, #2753, .T. ) ;
#1905 = CARTESIAN_POINT ( 'NONE',  ( 0.3937007874015748254, 0.1968503937007873295, -0.1968503937007875793 ) ) ;
#1906 = CARTESIAN_POINT ( 'NONE',  ( 0.03937007874015747977, -0.1968503937007873295, 1.138269997360098334E-16 ) ) ;
#1907 = SURFACE_STYLE_USAGE ( .BOTH. , #1031 ) ;
#1908 = VERTEX_POINT ( 'NONE', #1715 ) ;
#1909 = CARTESIAN_POINT ( 'NONE',  ( 0.2755905511811023723, -0.2559055118110237226, -0.1968503937007876903 ) ) ;
#1910 = DIRECTION ( 'NONE',  ( 1.000000000000000000, 0.0000000000000000000, 0.0000000000000000000 ) ) ;
#1911 = EDGE_CURVE ( 'NONE', #719, #717, #2598, .T. ) ;
#1912 = DIRECTION ( 'NONE',  ( -1.000000000000000000, 0.0000000000000000000, 0.0000000000000000000 ) ) ;
#1913 = ORIENTED_EDGE ( 'NONE', *, *, #1245, .T. ) ;
#1914 = EDGE_CURVE ( 'NONE', #2067, #615, #2123, .T. ) ;
#1915 = B_SPLINE_CURVE_WITH_KNOTS ( 'NONE', 3,
 ( #128, #594, #1686, #2791, #2571, #1024 ),
 .UNSPECIFIED., .F., .F.,
 ( 4, 2, 4 ),
 ( 0.0000000000000000000, 0.0002434129237401616802, 0.0004868258474803243362 ),
 .UNSPECIFIED. ) ;
#1916 = SURFACE_STYLE_USAGE ( .BOTH. , #560 ) ;
#1917 =( CONVERSION_BASED_UNIT ( 'INCH', #613 ) LENGTH_UNIT ( ) NAMED_UNIT ( #2617 ) );
#1918 = VERTEX_POINT ( 'NONE', #1909 ) ;
#1919 = UNCERTAINTY_MEASURE_WITH_UNIT (LENGTH_MEASURE( 1.000000000000000082E-05 ), #1393, 'distance_accuracy_value', 'NONE');
#1920 = DIRECTION ( 'NONE',  ( -1.000000000000000000, -0.0000000000000000000, -0.0000000000000000000 ) ) ;
#1921 = CARTESIAN_POINT ( 'NONE',  ( 0.07874015748031493178, -0.3740157480314960647, 0.007381889763779528324 ) ) ;
#1922 =( LENGTH_UNIT ( ) NAMED_UNIT ( * ) SI_UNIT ( $, .METRE. ) );
#1923 = CARTESIAN_POINT ( 'NONE',  ( 0.3346456692913387099, -0.3149606299212599492, 0.1968503937007872184 ) ) ;
#1924 = PLANE ( 'NONE',  #614 ) ;
#1925 =( LENGTH_UNIT ( ) NAMED_UNIT ( * ) SI_UNIT ( $, .METRE. ) );
#1926 = VERTEX_POINT ( 'NONE', #2380 ) ;
#1927 = ADVANCED_FACE ( 'NONE', ( #1236, #1034 ), #2140, .T. ) ;
#1928 = CARTESIAN_POINT ( 'NONE',  ( 0.3346456692913387099, -0.3149606299212599492, 0.1377952755905509641 ) ) ;
#1929 = ORIENTED_EDGE ( 'NONE', *, *, #1235, .F. ) ;
#1930 = DIRECTION ( 'NONE',  ( 1.000000000000000000, 0.0000000000000000000, 0.0000000000000000000 ) ) ;
#1931 = ORIENTED_EDGE ( 'NONE', *, *, #691, .F. ) ;
#1932 = SURFACE_SIDE_STYLE ('',( #1223 ) ) ;
#1933 = LINE ( 'NONE', #565, #408 ) ;
#1934 = LINE ( 'NONE', #840, #58 ) ;
#1935 = AXIS2_PLACEMENT_3D ( 'NONE', #2107, #772, #1377 ) ;
#1936 = CARTESIAN_POINT ( 'NONE',  ( 0.3346456692913387099, -0.2559055118110237781, -0.1377952755905509641 ) ) ;
#1937 = VECTOR ( 'NONE', #795, 39.37007874015748143 ) ;
#1938 = VECTOR ( 'NONE', #1525, 39.37007874015748143 ) ;
#1939 = VERTEX_POINT ( 'NONE', #155 ) ;
#1940 = AXIS2_PLACEMENT_3D ( 'NONE', #601, #821, #150 ) ;
#1941 = STYLED_ITEM ( 'NONE', ( #658 ), #1269 ) ;
#1942 = DIRECTION ( 'NONE',  ( 1.000000000000000000, 0.0000000000000000000, 0.0000000000000000000 ) ) ;
#1943 = DIRECTION ( 'NONE',  ( 0.0000000000000000000, 1.000000000000000000, 5.782411586589348764E-16 ) ) ;
#1944 = ORIENTED_EDGE ( 'NONE', *, *, #1198, .F. ) ;
#1945 = PRESENTATION_LAYER_ASSIGNMENT (  '', '', ( #96 ) ) ;
#1946 = LINE ( 'NONE', #1690, #980 ) ;
#1947 = ORIENTED_EDGE ( 'NONE', *, *, #909, .F. ) ;
#1948 = PRESENTATION_STYLE_ASSIGNMENT (( #1758 ) ) ;
#1949 = ORIENTED_EDGE ( 'NONE', *, *, #2530, .T. ) ;
#1950 =( GEOMETRIC_REPRESENTATION_CONTEXT ( 3 ) GLOBAL_UNCERTAINTY_ASSIGNED_CONTEXT ( ( #2573 ) ) GLOBAL_UNIT_ASSIGNED_CONTEXT ( ( #592, #1870, #814 ) ) REPRESENTATION_CONTEXT ( 'NONE', 'WORKASPACE' ) );
#1951 = EDGE_CURVE ( 'NONE', #2385, #447, #1046, .T. ) ;
#1952 = LENGTH_MEASURE_WITH_UNIT ( LENGTH_MEASURE( 0.02539999999999999897 ), #2618 );
#1953 =( LENGTH_UNIT ( ) NAMED_UNIT ( * ) SI_UNIT ( $, .METRE. ) );
#1954 = ADVANCED_FACE ( 'NONE', ( #2226 ), #194, .F. ) ;
#1955 = DIRECTION ( 'NONE',  ( -0.4617486132350321348, -0.8870108331782227129, 0.0000000000000000000 ) ) ;
#1956 = VERTEX_POINT ( 'NONE', #882 ) ;
#1957 = AXIS2_PLACEMENT_3D ( 'NONE', #1477, #1528, #1064 ) ;
#1958 = FILL_AREA_STYLE ('',( #593 ) ) ;
#1959 = ORIENTED_EDGE ( 'NONE', *, *, #1893, .F. ) ;
#1960 = MECHANICAL_DESIGN_GEOMETRIC_PRESENTATION_REPRESENTATION (  '', ( #1188 ), #154 ) ;
#1961 =( NAMED_UNIT ( * ) PLANE_ANGLE_UNIT ( ) SI_UNIT ( $, .RADIAN. ) );
#1962 = EDGE_LOOP ( 'NONE', ( #1244, #671, #403, #2343 ) ) ;
#1963 = DIMENSIONAL_EXPONENTS ( 1.000000000000000000, 0.0000000000000000000, 0.0000000000000000000, 0.0000000000000000000, 0.0000000000000000000, 0.0000000000000000000, 0.0000000000000000000 ) ;
#1964 = LINE ( 'NONE', #2607, #321 ) ;
#1965 = DIRECTION ( 'NONE',  ( 1.000000000000000000, 0.0000000000000000000, 0.0000000000000000000 ) ) ;
#1966 = EDGE_CURVE ( 'NONE', #2246, #349, #452, .T. ) ;
#1967 = DIRECTION ( 'NONE',  ( 0.0000000000000000000, 2.168404344971008621E-16, -1.000000000000000000 ) ) ;
#1968 = CARTESIAN_POINT ( 'NONE',  ( 0.03937007874015747977, 0.1338582677165353896, -0.1968503937007876070 ) ) ;
#1969 = EDGE_CURVE ( 'NONE', #123, #1467, #20, .T. ) ;
#1970 = ORIENTED_EDGE ( 'NONE', *, *, #1288, .T. ) ;
#1971 = DIRECTION ( 'NONE',  ( 0.0000000000000000000, -8.673617379884034486E-16, 1.000000000000000000 ) ) ;
#1972 = ORIENTED_EDGE ( 'NONE', *, *, #1838, .F. ) ;
#1973 = CARTESIAN_POINT ( 'NONE',  ( 0.07874015748031493178, -0.3740157480314960647, -0.007381889763779528324 ) ) ;
#1974 = ORIENTED_EDGE ( 'NONE', *, *, #1271, .T. ) ;
#1975 = UNCERTAINTY_MEASURE_WITH_UNIT (LENGTH_MEASURE( 1.000000000000000082E-05 ), #1005, 'distance_accuracy_value', 'NONE');
#1976 = SURFACE_SIDE_STYLE ('',( #1508 ) ) ;
#1977 = FILL_AREA_STYLE_COLOUR ( '', #2271 ) ;
#1978 = DIRECTION ( 'NONE',  ( 0.0000000000000000000, 0.0000000000000000000, 1.000000000000000000 ) ) ;
#1979 = SURFACE_SIDE_STYLE ('',( #1078 ) ) ;
#1980 = FACE_OUTER_BOUND ( 'NONE', #2663, .T. ) ;
#1981 = ORIENTED_EDGE ( 'NONE', *, *, #603, .F. ) ;
#1982 = ADVANCED_FACE ( 'NONE', ( #913 ), #206, .T. ) ;
#1983 = CARTESIAN_POINT ( 'NONE',  ( 0.2755905511811023723, -0.2559055118110237781, -0.1377952755905509641 ) ) ;
#1984 = VECTOR ( 'NONE', #1631, 39.37007874015748143 ) ;
#1985 = PLANE ( 'NONE',  #152 ) ;
#1986 = SURFACE_STYLE_FILL_AREA ( #1326 ) ;
#1987 = PRESENTATION_LAYER_ASSIGNMENT (  '', '', ( #1844 ) ) ;
#1988 = EDGE_CURVE ( 'NONE', #2797, #1877, #1895, .T. ) ;
#1989 = DIRECTION ( 'NONE',  ( 0.0000000000000000000, 0.0000000000000000000, -1.000000000000000000 ) ) ;
#1990 = VECTOR ( 'NONE', #238, 39.37007874015748143 ) ;
#1991 = VECTOR ( 'NONE', #2105, 39.37007874015748143 ) ;
#1992 = ORIENTED_EDGE ( 'NONE', *, *, #1298, .T. ) ;
#1993 = DIRECTION ( 'NONE',  ( -1.000000000000000000, 0.0000000000000000000, 0.0000000000000000000 ) ) ;
#1994 = ORIENTED_EDGE ( 'NONE', *, *, #2769, .F. ) ;
#1995 = LINE ( 'NONE', #4, #182 ) ;
#1996 =( NAMED_UNIT ( * ) SI_UNIT ( $, .STERADIAN. ) SOLID_ANGLE_UNIT ( ) );
#1997 = DIRECTION ( 'NONE',  ( 0.0000000000000000000, 8.673617379884034486E-16, -1.000000000000000000 ) ) ;
#1998 = FILL_AREA_STYLE ('',( #2428 ) ) ;
#1999 = VERTEX_POINT ( 'NONE', #2439 ) ;
#2000 = PRESENTATION_STYLE_ASSIGNMENT (( #651 ) ) ;
#2001 = DIRECTION ( 'NONE',  ( 1.000000000000000000, 0.0000000000000000000, 0.0000000000000000000 ) ) ;
#2002 = DIRECTION ( 'NONE',  ( -0.4617486132350317463, 0.8870108331782228239, 0.0000000000000000000 ) ) ;
#2003 = EDGE_CURVE ( 'NONE', #2533, #1780, #1786, .T. ) ;
#2004 = DIRECTION ( 'NONE',  ( 1.000000000000000000, 0.0000000000000000000, 0.0000000000000000000 ) ) ;
#2005 =( GEOMETRIC_REPRESENTATION_CONTEXT ( 3 ) GLOBAL_UNCERTAINTY_ASSIGNED_CONTEXT ( ( #1738 ) ) GLOBAL_UNIT_ASSIGNED_CONTEXT ( ( #902, #1585, #1354 ) ) REPRESENTATION_CONTEXT ( 'NONE', 'WORKASPACE' ) );
#2006 = EDGE_CURVE ( 'NONE', #2709, #1568, #394, .T. ) ;
#2007 = VERTEX_POINT ( 'NONE', #410 ) ;
#2008 = UNCERTAINTY_MEASURE_WITH_UNIT (LENGTH_MEASURE( 1.000000000000000082E-05 ), #2734, 'distance_accuracy_value', 'NONE');
#2009 = DIRECTION ( 'NONE',  ( -1.000000000000000000, 0.0000000000000000000, 0.0000000000000000000 ) ) ;
#2010 = ORIENTED_EDGE ( 'NONE', *, *, #554, .F. ) ;
#2011 = LINE ( 'NONE', #2437, #2266 ) ;
#2012 = SURFACE_STYLE_USAGE ( .BOTH. , #242 ) ;
#2013 = SURFACE_SIDE_STYLE ('',( #1136 ) ) ;
#2014 =( NAMED_UNIT ( * ) PLANE_ANGLE_UNIT ( ) SI_UNIT ( $, .RADIAN. ) );
#2015 = CARTESIAN_POINT ( 'NONE',  ( 0.2755905511811023723, -0.1968503937007874127, -0.1377952755905509641 ) ) ;
#2016 = FILL_AREA_STYLE ('',( #249 ) ) ;
#2017 = LINE ( 'NONE', #697, #803 ) ;
#2018 =( CONVERSION_BASED_UNIT ( 'INCH', #2231 ) LENGTH_UNIT ( ) NAMED_UNIT ( #425 ) );
#2019 =( CONVERSION_BASED_UNIT ( 'INCH', #2234 ) LENGTH_UNIT ( ) NAMED_UNIT ( #2659 ) );
#2020 = ORIENTED_EDGE ( 'NONE', *, *, #2526, .F. ) ;
#2021 = SURFACE_STYLE_USAGE ( .BOTH. , #718 ) ;
#2022 = ORIENTED_EDGE ( 'NONE', *, *, #399, .T. ) ;
#2023 = EDGE_CURVE ( 'NONE', #2178, #2319, #1306, .T. ) ;
#2024 = DIMENSIONAL_EXPONENTS ( 1.000000000000000000, 0.0000000000000000000, 0.0000000000000000000, 0.0000000000000000000, 0.0000000000000000000, 0.0000000000000000000, 0.0000000000000000000 ) ;
#2025 =( LENGTH_UNIT ( ) NAMED_UNIT ( * ) SI_UNIT ( $, .METRE. ) );
#2026 = CARTESIAN_POINT ( 'NONE',  ( 0.4003585548043288034, -0.1634806669054690298, 0.06299212598425196763 ) ) ;
#2027 = VERTEX_POINT ( 'NONE', #2827 ) ;
#2028 = SURFACE_SIDE_STYLE ('',( #1790 ) ) ;
#2029 = LINE ( 'NONE', #37, #1067 ) ;
#2030 = CARTESIAN_POINT ( 'NONE',  ( 0.7283464566929135353, 0.0000000000000000000, 0.0000000000000000000 ) ) ;
#2031 = DIRECTION ( 'NONE',  ( 0.0000000000000000000, 8.673617379884036458E-16, 1.000000000000000000 ) ) ;
#2032 = EDGE_LOOP ( 'NONE', ( #2098, #1144, #25, #1343, #1617, #3 ) ) ;
#2033 = VECTOR ( 'NONE', #643, 39.37007874015748143 ) ;
#2034 = CARTESIAN_POINT ( 'NONE',  ( 0.3937007874015748254, -0.1968503937007874127, 0.07874015748031472361 ) ) ;
#2035 = ORIENTED_EDGE ( 'NONE', *, *, #2290, .F. ) ;
#2036 = AXIS2_PLACEMENT_3D ( 'NONE', #132, #2325, #339 ) ;
#2037 = COLOUR_RGB ( '',0.0000000000000000000, 0.0000000000000000000, 1.000000000000000000 ) ;
#2038 =( CONVERSION_BASED_UNIT ( 'INCH', #2468 ) LENGTH_UNIT ( ) NAMED_UNIT ( #2565 ) );
#2039 = CARTESIAN_POINT ( 'NONE',  ( 0.3346456692913387099, -0.3149606299212599492, -0.1968503937007872184 ) ) ;
#2040 =( NAMED_UNIT ( * ) PLANE_ANGLE_UNIT ( ) SI_UNIT ( $, .RADIAN. ) );
#2041 = EDGE_CURVE ( 'NONE', #1908, #2007, #863, .T. ) ;
#2042 = VECTOR ( 'NONE', #1255, 39.37007874015748143 ) ;
#2043 = CARTESIAN_POINT ( 'NONE',  ( 0.3346456692913387099, -0.2559055118110237781, -0.1377952755905509641 ) ) ;
#2044 = PRESENTATION_LAYER_ASSIGNMENT (  '', '', ( #2543 ) ) ;
#2045 =( CONVERSION_BASED_UNIT ( 'INCH', #948 ) LENGTH_UNIT ( ) NAMED_UNIT ( #2402 ) );
#2046 = ADVANCED_FACE ( 'NONE', ( #1524 ), #2411, .F. ) ;
#2047 = ORIENTED_EDGE ( 'NONE', *, *, #1570, .T. ) ;
#2048 = MECHANICAL_DESIGN_GEOMETRIC_PRESENTATION_REPRESENTATION (  '', ( #2543 ), #1950 ) ;
#2049 = DIRECTION ( 'NONE',  ( 1.000000000000000000, 0.0000000000000000000, 0.0000000000000000000 ) ) ;
#2050 = FILL_AREA_STYLE_COLOUR ( '', #898 ) ;
#2051 = DIRECTION ( 'NONE',  ( 1.000000000000000000, 0.0000000000000000000, 0.0000000000000000000 ) ) ;
#2052 = CARTESIAN_POINT ( 'NONE',  ( 0.4121695784263760820, -0.1507545039255574482, -0.06299212598425196763 ) ) ;
#2053 = ORIENTED_EDGE ( 'NONE', *, *, #286, .F. ) ;
#2054 =( NAMED_UNIT ( * ) PLANE_ANGLE_UNIT ( ) SI_UNIT ( $, .RADIAN. ) );
#2055 = EDGE_LOOP ( 'NONE', ( #1591, #2209, #2062, #848, #580, #1372, #796, #2564 ) ) ;
#2056 = VECTOR ( 'NONE', #1285, 39.37007874015748143 ) ;
#2057 = LINE ( 'NONE', #957, #476 ) ;
#2058 = DIRECTION ( 'NONE',  ( 1.000000000000000000, 0.0000000000000000000, 0.0000000000000000000 ) ) ;
#2059 = VECTOR ( 'NONE', #2701, 39.37007874015748143 ) ;
#2060 = CARTESIAN_POINT ( 'NONE',  ( 0.0000000000000000000, -0.2165354330708662844, -0.1377952755905509641 ) ) ;
#2061 = CARTESIAN_POINT ( 'NONE',  ( 0.3937007874015748254, -0.2559055118110237781, 0.1968503937007872462 ) ) ;
#2062 = ORIENTED_EDGE ( 'NONE', *, *, #1020, .F. ) ;
#2063 = DIRECTION ( 'NONE',  ( -1.000000000000000000, -0.0000000000000000000, -0.0000000000000000000 ) ) ;
#2064 = EDGE_CURVE ( 'NONE', #123, #84, #2125, .T. ) ;
#2065 = CARTESIAN_POINT ( 'NONE',  ( 0.2755905511811023723, -0.1968503937007874127, -0.1377952755905509641 ) ) ;
#2066 = FACE_OUTER_BOUND ( 'NONE', #2254, .T. ) ;
#2067 = VERTEX_POINT ( 'NONE', #2707 ) ;
#2068 = DIRECTION ( 'NONE',  ( 0.0000000000000000000, -5.782411586589301432E-16, 1.000000000000000000 ) ) ;
#2069 = ORIENTED_EDGE ( 'NONE', *, *, #2373, .F. ) ;
#2070 = LINE ( 'NONE', #1161, #107 ) ;
#2071 = PLANE ( 'NONE',  #1123 ) ;
#2072 = FILL_AREA_STYLE ('',( #80 ) ) ;
#2073 = DIRECTION ( 'NONE',  ( 0.0000000000000000000, 1.000000000000000000, 0.0000000000000000000 ) ) ;
#2074 = CARTESIAN_POINT ( 'NONE',  ( 0.9436874067777375474, 0.0000000000000000000, 0.0000000000000000000 ) ) ;
#2075 = ORIENTED_EDGE ( 'NONE', *, *, #2207, .F. ) ;
#2076 = LINE ( 'NONE', #2529, #2318 ) ;
#2077 = CARTESIAN_POINT ( 'NONE',  ( 0.3346456692913387099, -0.3149606299212599492, -0.1377952755905509641 ) ) ;
#2078 = DIRECTION ( 'NONE',  ( 0.0000000000000000000, 0.0000000000000000000, -1.000000000000000000 ) ) ;
#2079 = FILL_AREA_STYLE_COLOUR ( '', #137 ) ;
#2080 = ORIENTED_EDGE ( 'NONE', *, *, #2597, .T. ) ;
#2081 = SURFACE_STYLE_FILL_AREA ( #2730 ) ;
#2082 = EDGE_CURVE ( 'NONE', #1740, #1265, #2762, .T. ) ;
#2083 = AXIS2_PLACEMENT_3D ( 'NONE', #2494, #734, #1840 ) ;
#2084 = CARTESIAN_POINT ( 'NONE',  ( 0.3937007874015748254, 0.1633858267716535861, -0.07874015748031515383 ) ) ;
#2085 = CARTESIAN_POINT ( 'NONE',  ( 0.7529527559055119168, 0.0000000000000000000, -0.1181102362204724532 ) ) ;
#2086 = AXIS2_PLACEMENT_3D ( 'NONE', #2777, #1880, #589 ) ;
#2087 = ORIENTED_EDGE ( 'NONE', *, *, #1878, .T. ) ;
#2088 = VECTOR ( 'NONE', #1232, 39.37007874015748143 ) ;
#2089 = LINE ( 'NONE', #1596, #2495 ) ;
#2090 = MECHANICAL_DESIGN_GEOMETRIC_PRESENTATION_REPRESENTATION (  '', ( #96 ), #1439 ) ;
#2091 = COLOUR_RGB ( '',1.000000000000000000, 1.000000000000000000, 1.000000000000000000 ) ;
#2092 = ORIENTED_EDGE ( 'NONE', *, *, #1245, .F. ) ;
#2093 =( LENGTH_UNIT ( ) NAMED_UNIT ( * ) SI_UNIT ( $, .METRE. ) );
#2094 =( NAMED_UNIT ( * ) PLANE_ANGLE_UNIT ( ) SI_UNIT ( $, .RADIAN. ) );
#2095 = EDGE_CURVE ( 'NONE', #2705, #664, #2238, .T. ) ;
#2096 = CARTESIAN_POINT ( 'NONE',  ( 0.2395493561423218676, -0.2047244094488189226, 0.03937007874015722303 ) ) ;
#2097 = ORIENTED_EDGE ( 'NONE', *, *, #1038, .F. ) ;
#2098 = ORIENTED_EDGE ( 'NONE', *, *, #1288, .F. ) ;
#2099 = EDGE_CURVE ( 'NONE', #54, #342, #508, .T. ) ;
#2100 = LINE ( 'NONE', #1646, #1363 ) ;
#2101 = CARTESIAN_POINT ( 'NONE',  ( 0.3937007874015747699, 0.0000000000000000000, 0.0000000000000000000 ) ) ;
#2102 = CARTESIAN_POINT ( 'NONE',  ( 0.3937007874015748254, -0.1486220472440945017, -0.06299212598425196763 ) ) ;
#2103 = ORIENTED_EDGE ( 'NONE', *, *, #2404, .T. ) ;
#2104 = COLOUR_RGB ( '',1.000000000000000000, 1.000000000000000000, 1.000000000000000000 ) ;
#2105 = DIRECTION ( 'NONE',  ( -0.0000000000000000000, -0.0000000000000000000, -1.000000000000000000 ) ) ;
#2106 = CARTESIAN_POINT ( 'NONE',  ( 0.0000000000000000000, 0.1968503937007874405, -0.07874015748031515383 ) ) ;
#2107 = CARTESIAN_POINT ( 'NONE',  ( 0.3937007874015748254, -0.1486220472440945017, 0.03937007874015722303 ) ) ;
#2108 = FILL_AREA_STYLE_COLOUR ( '', #1847 ) ;
#2109 = LINE ( 'NONE', #119, #429 ) ;
#2110 = PLANE ( 'NONE',  #2170 ) ;
#2111 = FACE_OUTER_BOUND ( 'NONE', #2277, .T. ) ;
#2112 = EDGE_LOOP ( 'NONE', ( #2103, #1542, #1464, #627, #2520 ) ) ;
#2113 = ADVANCED_FACE ( 'NONE', ( #98 ), #2456, .T. ) ;
#2114 = LINE ( 'NONE', #2154, #506 ) ;
#2115 = LINE ( 'NONE', #569, #2042 ) ;
#2116 = ORIENTED_EDGE ( 'NONE', *, *, #1716, .T. ) ;
#2117 = CARTESIAN_POINT ( 'NONE',  ( 0.2328915887395679174, -0.2559055118110236671, 0.06299212598425196763 ) ) ;
#2118 = LINE ( 'NONE', #377, #1800 ) ;
#2119 = ORIENTED_EDGE ( 'NONE', *, *, #2496, .T. ) ;
#2120 = VECTOR ( 'NONE', #1597, 39.37007874015748143 ) ;
#2121 = FACE_OUTER_BOUND ( 'NONE', #1713, .T. ) ;
#2122 = EDGE_CURVE ( 'NONE', #2220, #1745, #2483, .T. ) ;
#2123 = LINE ( 'NONE', #2567, #2311 ) ;
#2124 = ORIENTED_EDGE ( 'NONE', *, *, #1729, .T. ) ;
#2125 = CIRCLE ( 'NONE', #878, 0.01181102362204724046 ) ;
#2126 = DIRECTION ( 'NONE',  ( -0.0000000000000000000, -0.0000000000000000000, -1.000000000000000000 ) ) ;
#2127 = AXIS2_PLACEMENT_3D ( 'NONE', #2417, #1545, #1989 ) ;
#2128 = COLOUR_RGB ( '',1.000000000000000000, 1.000000000000000000, 1.000000000000000000 ) ;
#2129 = ADVANCED_FACE ( 'NONE', ( #327 ), #1055, .F. ) ;
#2130 = DIMENSIONAL_EXPONENTS ( 1.000000000000000000, 0.0000000000000000000, 0.0000000000000000000, 0.0000000000000000000, 0.0000000000000000000, 0.0000000000000000000, 0.0000000000000000000 ) ;
#2131 = VECTOR ( 'NONE', #235, 39.37007874015748143 ) ;
#2132 = VECTOR ( 'NONE', #624, 39.37007874015748143 ) ;
#2133 = ORIENTED_EDGE ( 'NONE', *, *, #493, .F. ) ;
#2134 = DIRECTION ( 'NONE',  ( -1.000000000000000000, -0.0000000000000000000, -0.0000000000000000000 ) ) ;
#2135 = CARTESIAN_POINT ( 'NONE',  ( 0.3937007874015748254, -0.2559055118110237226, -0.1968503937007877180 ) ) ;
#2136 = ORIENTED_EDGE ( 'NONE', *, *, #2159, .F. ) ;
#2137 = DIRECTION ( 'NONE',  ( 0.0000000000000000000, 1.000000000000000000, 0.0000000000000000000 ) ) ;
#2138 = ORIENTED_EDGE ( 'NONE', *, *, #714, .F. ) ;
#2139 = FILL_AREA_STYLE_COLOUR ( '', #1170 ) ;
#2140 = PLANE ( 'NONE',  #2086 ) ;
#2141 = DIRECTION ( 'NONE',  ( -1.000000000000000000, 0.0000000000000000000, 0.0000000000000000000 ) ) ;
#2142 = FILL_AREA_STYLE_COLOUR ( '', #1799 ) ;
#2143 = VECTOR ( 'NONE', #2078, 39.37007874015748143 ) ;
#2144 = ORIENTED_EDGE ( 'NONE', *, *, #1782, .F. ) ;
#2145 = EDGE_CURVE ( 'NONE', #84, #437, #2326, .T. ) ;
#2146 = CARTESIAN_POINT ( 'NONE',  ( 0.02165354330708658612, -0.3149606299212598381, 0.007381889763779528324 ) ) ;
#2147 = SURFACE_SIDE_STYLE ('',( #389 ) ) ;
#2148 = ORIENTED_EDGE ( 'NONE', *, *, #2798, .F. ) ;
#2149 = FACE_OUTER_BOUND ( 'NONE', #378, .T. ) ;
#2150 = UNCERTAINTY_MEASURE_WITH_UNIT (LENGTH_MEASURE( 1.000000000000000082E-05 ), #1727, 'distance_accuracy_value', 'NONE');
#2151 = FILL_AREA_STYLE_COLOUR ( '', #2715 ) ;
#2152 = VERTEX_POINT ( 'NONE', #1427 ) ;
#2153 = DIRECTION ( 'NONE',  ( -1.000000000000000000, -6.672013369141566203E-16, 0.0000000000000000000 ) ) ;
#2154 = CARTESIAN_POINT ( 'NONE',  ( 0.04013182416398604346, -0.3794388210740949341, 0.007381889763779528324 ) ) ;
#2155 =( NAMED_UNIT ( * ) SI_UNIT ( $, .STERADIAN. ) SOLID_ANGLE_UNIT ( ) );
#2156 = DIRECTION ( 'NONE',  ( 0.8870108331782227129, 0.4617486132350320238, 0.0000000000000000000 ) ) ;
#2157 = LINE ( 'NONE', #1094, #2280 ) ;
#2158 = SURFACE_STYLE_FILL_AREA ( #2361 ) ;
#2159 = EDGE_CURVE ( 'NONE', #2067, #1287, #1446, .T. ) ;
#2160 = ORIENTED_EDGE ( 'NONE', *, *, #1898, .T. ) ;
#2161 = DIRECTION ( 'NONE',  ( 0.0000000000000000000, 2.891205793294676847E-16, -1.000000000000000000 ) ) ;
#2162 = EDGE_CURVE ( 'NONE', #1926, #396, #1692, .T. ) ;
#2163 = ORIENTED_EDGE ( 'NONE', *, *, #1355, .F. ) ;
#2164 = CARTESIAN_POINT ( 'NONE',  ( 0.2395493561423218676, -0.2047244094488189226, 0.06299212598425196763 ) ) ;
#2165 = ORIENTED_EDGE ( 'NONE', *, *, #2003, .T. ) ;
#2166 = CIRCLE ( 'NONE', #2677, 0.1633858267716535861 ) ;
#2167 =( NAMED_UNIT ( * ) SI_UNIT ( $, .STERADIAN. ) SOLID_ANGLE_UNIT ( ) );
#2168 = AXIS2_PLACEMENT_3D ( 'NONE', #1923, #2558, #579 ) ;
#2169 = VERTEX_POINT ( 'NONE', #1221 ) ;
#2170 = AXIS2_PLACEMENT_3D ( 'NONE', #2593, #391, #790 ) ;
#2171 = AXIS2_PLACEMENT_3D ( 'NONE', #810, #2566, #2748 ) ;
#2172 =( NAMED_UNIT ( * ) PLANE_ANGLE_UNIT ( ) SI_UNIT ( $, .RADIAN. ) );
#2173 = ORIENTED_EDGE ( 'NONE', *, *, #728, .F. ) ;
#2174 = EDGE_CURVE ( 'NONE', #2797, #1447, #1278, .T. ) ;
#2175 = CARTESIAN_POINT ( 'NONE',  ( 0.03149606299213146554, 0.1377952755905511584, -0.007381889763779528324 ) ) ;
#2176 = ORIENTED_EDGE ( 'NONE', *, *, #1420, .T. ) ;
#2177 = UNCERTAINTY_MEASURE_WITH_UNIT (LENGTH_MEASURE( 1.000000000000000082E-05 ), #2405, 'distance_accuracy_value', 'NONE');
#2178 = VERTEX_POINT ( 'NONE', #1457 ) ;
#2179 = EDGE_CURVE ( 'NONE', #1740, #1926, #2313, .T. ) ;
#2180 = CARTESIAN_POINT ( 'NONE',  ( 0.3937007874015748254, -0.1486220472440945017, -0.03937007874015773651 ) ) ;
#2181 = CARTESIAN_POINT ( 'NONE',  ( 0.03937007874015747977, -0.1968503937007874127, -4.268512490100411279E-17 ) ) ;
#2182 = CARTESIAN_POINT ( 'NONE',  ( 0.9436874067777375474, -0.1507545039255574759, 0.06299212598425196763 ) ) ;
#2183 = DIMENSIONAL_EXPONENTS ( 1.000000000000000000, 0.0000000000000000000, 0.0000000000000000000, 0.0000000000000000000, 0.0000000000000000000, 0.0000000000000000000, 0.0000000000000000000 ) ;
#2184 = VERTEX_POINT ( 'NONE', #1002 ) ;
#2185 = MECHANICAL_DESIGN_GEOMETRIC_PRESENTATION_REPRESENTATION (  '', ( #1134 ), #2005 ) ;
#2186 =( LENGTH_UNIT ( ) NAMED_UNIT ( * ) SI_UNIT ( $, .METRE. ) );
#2187 = CARTESIAN_POINT ( 'NONE',  ( 0.2533863545093216207, -0.3740157480314961203, -0.03937007874015773651 ) ) ;
#2188 = ORIENTED_EDGE ( 'NONE', *, *, #2698, .F. ) ;
#2189 = VECTOR ( 'NONE', #985, 39.37007874015748143 ) ;
#2190 = LINE ( 'NONE', #1973, #1990 ) ;
#2191 = EDGE_LOOP ( 'NONE', ( #2272, #2087, #2522, #2609 ) ) ;
#2192 = LENGTH_MEASURE_WITH_UNIT ( LENGTH_MEASURE( 0.02539999999999999897 ), #1086 );
#2193 = LINE ( 'NONE', #1321, #1851 ) ;
#2194 = SURFACE_STYLE_USAGE ( .BOTH. , #1759 ) ;
#2195 = EDGE_CURVE ( 'NONE', #2319, #719, #561, .T. ) ;
#2196 = DIRECTION ( 'NONE',  ( 0.0000000000000000000, 0.0000000000000000000, -1.000000000000000000 ) ) ;
#2197 = FACE_OUTER_BOUND ( 'NONE', #2823, .T. ) ;
#2198 = ORIENTED_EDGE ( 'NONE', *, *, #630, .T. ) ;
#2199 = PLANE ( 'NONE',  #1315 ) ;
#2200 = SURFACE_STYLE_FILL_AREA ( #2612 ) ;
#2201 = LINE ( 'NONE', #214, #2328 ) ;
#2202 = DIRECTION ( 'NONE',  ( 0.8870108331782227129, -0.4617486132350321348, 0.0000000000000000000 ) ) ;
#2203 = ORIENTED_EDGE ( 'NONE', *, *, #2666, .T. ) ;
#2204 = DIRECTION ( 'NONE',  ( -1.000000000000000000, -0.0000000000000000000, -0.0000000000000000000 ) ) ;
#2205 = CARTESIAN_POINT ( 'NONE',  ( 0.0000000000000000000, 0.1968503937007873295, -0.1968503937007875793 ) ) ;
#2206 = DIRECTION ( 'NONE',  ( -0.4617486132350317463, 0.8870108331782228239, 0.0000000000000000000 ) ) ;
#2207 = EDGE_CURVE ( 'NONE', #2178, #1798, #2746, .T. ) ;
#2208 =( NAMED_UNIT ( * ) PLANE_ANGLE_UNIT ( ) SI_UNIT ( $, .RADIAN. ) );
#2209 = ORIENTED_EDGE ( 'NONE', *, *, #173, .F. ) ;
#2210 = VECTOR ( 'NONE', #2221, 39.37007874015748143 ) ;
#2211 =( NAMED_UNIT ( * ) PLANE_ANGLE_UNIT ( ) SI_UNIT ( $, .RADIAN. ) );
#2212 = EDGE_CURVE ( 'NONE', #2837, #2705, #777, .T. ) ;
#2213 = STYLED_ITEM ( 'NONE', ( #763 ), #1654 ) ;
#2214 = AXIS2_PLACEMENT_3D ( 'NONE', #2544, #2156, #1718 ) ;
#2215 = DIRECTION ( 'NONE',  ( 0.0000000000000000000, 0.0000000000000000000, -1.000000000000000000 ) ) ;
#2216 = CARTESIAN_POINT ( 'NONE',  ( 0.3885475311822815248, -0.1929133858267716162, 0.06299212598425196763 ) ) ;
#2217 = VECTOR ( 'NONE', #2578, 39.37007874015748143 ) ;
#2218 = CIRCLE ( 'NONE', #2497, 0.1751968503937008370 ) ;
#2219 = STYLED_ITEM ( 'NONE', ( #951 ), #1438 ) ;
#2220 = VERTEX_POINT ( 'NONE', #364 ) ;
#2221 = DIRECTION ( 'NONE',  ( 0.0000000000000000000, 0.0000000000000000000, -1.000000000000000000 ) ) ;
#2222 = AXIS2_PLACEMENT_3D ( 'NONE', #213, #2399, #445 ) ;
#2223 = DIMENSIONAL_EXPONENTS ( 1.000000000000000000, 0.0000000000000000000, 0.0000000000000000000, 0.0000000000000000000, 0.0000000000000000000, 0.0000000000000000000, 0.0000000000000000000 ) ;
#2224 = LINE ( 'NONE', #2205, #2719 ) ;
#2225 =( NAMED_UNIT ( * ) SI_UNIT ( $, .STERADIAN. ) SOLID_ANGLE_UNIT ( ) );
#2226 = FACE_OUTER_BOUND ( 'NONE', #1722, .T. ) ;
#2227 = PLANE ( 'NONE',  #2312 ) ;
#2228 = ORIENTED_EDGE ( 'NONE', *, *, #1200, .F. ) ;
#2229 = PLANE ( 'NONE',  #1935 ) ;
#2230 = SURFACE_STYLE_USAGE ( .BOTH. , #511 ) ;
#2231 = LENGTH_MEASURE_WITH_UNIT ( LENGTH_MEASURE( 0.02539999999999999897 ), #250 );
#2232 = ADVANCED_FACE ( 'NONE', ( #2111 ), #2552, .T. ) ;
#2233 = AXIS2_PLACEMENT_3D ( 'NONE', #995, #2141, #2557 ) ;
#2234 = LENGTH_MEASURE_WITH_UNIT ( LENGTH_MEASURE( 0.02539999999999999897 ), #1096 );
#2235 = ORIENTED_EDGE ( 'NONE', *, *, #161, .F. ) ;
#2236 = CARTESIAN_POINT ( 'NONE',  ( 0.7677165354330710567, 1.759827093262929430E-17, 0.1240157480314961064 ) ) ;
#2237 = DIRECTION ( 'NONE',  ( 0.0000000000000000000, 0.0000000000000000000, -1.000000000000000000 ) ) ;
#2238 = LINE ( 'NONE', #765, #2539 ) ;
#2239 = CARTESIAN_POINT ( 'NONE',  ( 0.03149606299213146554, 0.1377952755905511584, 0.007381889763779528324 ) ) ;
#2240 = DIMENSIONAL_EXPONENTS ( 1.000000000000000000, 0.0000000000000000000, 0.0000000000000000000, 0.0000000000000000000, 0.0000000000000000000, 0.0000000000000000000, 0.0000000000000000000 ) ;
#2241 = ORIENTED_EDGE ( 'NONE', *, *, #1142, .T. ) ;
#2242 = PLANE ( 'NONE',  #379 ) ;
#2243 = EDGE_CURVE ( 'NONE', #1707, #2220, #1045, .T. ) ;
#2244 = DIRECTION ( 'NONE',  ( 0.0000000000000000000, 0.0000000000000000000, 1.000000000000000000 ) ) ;
#2245 = LINE ( 'NONE', #41, #2718 ) ;
#2246 = VERTEX_POINT ( 'NONE', #574 ) ;
#2247 = DIRECTION ( 'NONE',  ( 0.0000000000000000000, -8.673617379884034486E-16, 1.000000000000000000 ) ) ;
#2248 = ORIENTED_EDGE ( 'NONE', *, *, #1822, .T. ) ;
#2249 = EDGE_CURVE ( 'NONE', #1442, #988, #122, .T. ) ;
#2250 = DIRECTION ( 'NONE',  ( 0.0000000000000000000, 1.000000000000000000, 0.0000000000000000000 ) ) ;
#2251 = SURFACE_STYLE_FILL_AREA ( #2072 ) ;
#2252 = DIRECTION ( 'NONE',  ( -2.123516577716221514E-16, 1.000000000000000000, 0.0000000000000000000 ) ) ;
#2253 = CARTESIAN_POINT ( 'NONE',  ( 0.03937007874015747977, 0.0000000000000000000, 0.1968503937007872462 ) ) ;
#2254 = EDGE_LOOP ( 'NONE', ( #247, #1391, #1841, #1725 ) ) ;
#2255 = PLANE ( 'NONE',  #272 ) ;
#2256 = LINE ( 'NONE', #56, #2465 ) ;
#2257 = VECTOR ( 'NONE', #2620, 39.37007874015748143 ) ;
#2258 = DIRECTION ( 'NONE',  ( -1.000000000000000000, 0.0000000000000000000, 0.0000000000000000000 ) ) ;
#2259 = CARTESIAN_POINT ( 'NONE',  ( 0.03937007874015747977, -0.1968503937007874127, -4.268512490100411279E-17 ) ) ;
#2260 = ORIENTED_EDGE ( 'NONE', *, *, #2243, .F. ) ;
#2261 = VECTOR ( 'NONE', #1682, 39.37007874015748143 ) ;
#2262 = ORIENTED_EDGE ( 'NONE', *, *, #804, .F. ) ;
#2263 = VECTOR ( 'NONE', #1955, 39.37007874015748143 ) ;
#2264 = EDGE_CURVE ( 'NONE', #919, #1890, #1483, .T. ) ;
#2265 = VECTOR ( 'NONE', #791, 39.37007874015748143 ) ;
#2266 = VECTOR ( 'NONE', #862, 39.37007874015748143 ) ;
#2267 = CARTESIAN_POINT ( 'NONE',  ( 0.3937007874015748254, 0.1968503937007874405, -0.07874015748031515383 ) ) ;
#2268 = DIRECTION ( 'NONE',  ( 0.0000000000000000000, 0.0000000000000000000, -1.000000000000000000 ) ) ;
#2269 = VECTOR ( 'NONE', #529, 39.37007874015748143 ) ;
#2270 = EDGE_CURVE ( 'NONE', #1568, #1197, #2118, .T. ) ;
#2271 = COLOUR_RGB ( '',1.000000000000000000, 1.000000000000000000, 1.000000000000000000 ) ;
#2272 = ORIENTED_EDGE ( 'NONE', *, *, #1404, .F. ) ;
#2273 = CARTESIAN_POINT ( 'NONE',  ( 0.3937007874015747699, 0.0000000000000000000, 0.0000000000000000000 ) ) ;
#2274 = CARTESIAN_POINT ( 'NONE',  ( 0.0000000000000000000, -0.2165354330708662844, -0.07874015748031520934 ) ) ;
#2275 = CARTESIAN_POINT ( 'NONE',  ( 0.7529527559055119168, 0.0000000000000000000, 0.0000000000000000000 ) ) ;
#2276 =( LENGTH_UNIT ( ) NAMED_UNIT ( * ) SI_UNIT ( $, .METRE. ) );
#2277 = EDGE_LOOP ( 'NONE', ( #2507, #1862, #649, #967, #1710, #550, #786, #1097, #1680, #586, #871, #498 ) ) ;
#2278 = CARTESIAN_POINT ( 'NONE',  ( 0.03937007874015747977, 0.1633858267716535861, -0.07874015748031515383 ) ) ;
#2279 = ORIENTED_EDGE ( 'NONE', *, *, #237, .T. ) ;
#2280 = VECTOR ( 'NONE', #1310, 39.37007874015748143 ) ;
#2281 = CARTESIAN_POINT ( 'NONE',  ( 0.3937007874015748254, -0.3149606299212599492, 0.1968503937007872184 ) ) ;
#2282 = SURFACE_STYLE_USAGE ( .BOTH. , #2013 ) ;
#2283 = DIRECTION ( 'NONE',  ( 1.000000000000000000, 0.0000000000000000000, 0.0000000000000000000 ) ) ;
#2284 = AXIS2_PLACEMENT_3D ( 'NONE', #1812, #2244, #964 ) ;
#2285 = DIRECTION ( 'NONE',  ( 0.0000000000000000000, 0.0000000000000000000, -1.000000000000000000 ) ) ;
#2286 = ADVANCED_FACE ( 'NONE', ( #135 ), #2110, .F. ) ;
#2287 = CARTESIAN_POINT ( 'NONE',  ( 0.03937007874015747977, 0.1338582677165353896, 0.1968503937007872462 ) ) ;
#2288 = ORIENTED_EDGE ( 'NONE', *, *, #1420, .F. ) ;
#2289 = LINE ( 'NONE', #507, #2534 ) ;
#2290 = EDGE_CURVE ( 'NONE', #1218, #2067, #1456, .T. ) ;
#2291 = CARTESIAN_POINT ( 'NONE',  ( 0.03937007874015747977, 0.1338582677165353896, -0.07874015748031515383 ) ) ;
#2292 = PRESENTATION_STYLE_ASSIGNMENT (( #986 ) ) ;
#2293 = ORIENTED_EDGE ( 'NONE', *, *, #1732, .F. ) ;
#2294 = PLANE ( 'NONE',  #1339 ) ;
#2295 = ORIENTED_EDGE ( 'NONE', *, *, #1966, .F. ) ;
#2296 = ORIENTED_EDGE ( 'NONE', *, *, #1951, .F. ) ;
#2297 = FILL_AREA_STYLE_COLOUR ( '', #1254 ) ;
#2298 = LINE ( 'NONE', #931, #223 ) ;
#2299 = ORIENTED_EDGE ( 'NONE', *, *, #354, .T. ) ;
#2300 = ADVANCED_FACE ( 'NONE', ( #2377 ), #361, .F. ) ;
#2301 =( NAMED_UNIT ( * ) SI_UNIT ( $, .STERADIAN. ) SOLID_ANGLE_UNIT ( ) );
#2302 = EDGE_CURVE ( 'NONE', #310, #1918, #120, .T. ) ;
#2303 = LINE ( 'NONE', #2096, #2644 ) ;
#2304 = DIRECTION ( 'NONE',  ( -0.0000000000000000000, -0.0000000000000000000, -1.000000000000000000 ) ) ;
#2305 = ORIENTED_EDGE ( 'NONE', *, *, #1284, .T. ) ;
#2306 = FILL_AREA_STYLE_COLOUR ( '', #1066 ) ;
#2307 = ORIENTED_EDGE ( 'NONE', *, *, #2769, .T. ) ;
#2308 = AXIS2_PLACEMENT_3D ( 'NONE', #2840, #448, #1496 ) ;
#2309 =( NAMED_UNIT ( * ) PLANE_ANGLE_UNIT ( ) SI_UNIT ( $, .RADIAN. ) );
#2310 = PLANE ( 'NONE',  #100 ) ;
#2311 = VECTOR ( 'NONE', #141, 39.37007874015748143 ) ;
#2312 = AXIS2_PLACEMENT_3D ( 'NONE', #676, #914, #245 ) ;
#2313 = LINE ( 'NONE', #2102, #1900 ) ;
#2314 = VERTEX_POINT ( 'NONE', #2812 ) ;
#2315 = VECTOR ( 'NONE', #2346, 39.37007874015748143 ) ;
#2316 = VECTOR ( 'NONE', #219, 39.37007874015748143 ) ;
#2317 =( NAMED_UNIT ( * ) PLANE_ANGLE_UNIT ( ) SI_UNIT ( $, .RADIAN. ) );
#2318 = VECTOR ( 'NONE', #1211, 39.37007874015748143 ) ;
#2319 = VERTEX_POINT ( 'NONE', #1289 ) ;
#2320 = VECTOR ( 'NONE', #1128, 39.37007874015748143 ) ;
#2321 = CARTESIAN_POINT ( 'NONE',  ( 0.4121695784263760820, -0.1507545039255574482, 0.06299212598425196763 ) ) ;
#2322 = EDGE_CURVE ( 'NONE', #916, #432, #1495, .T. ) ;
#2323 = ORIENTED_EDGE ( 'NONE', *, *, #2373, .T. ) ;
#2324 =( NAMED_UNIT ( * ) SI_UNIT ( $, .STERADIAN. ) SOLID_ANGLE_UNIT ( ) );
#2325 = DIRECTION ( 'NONE',  ( 0.0000000000000000000, -1.000000000000000000, -2.168404344971008621E-16 ) ) ;
#2326 = LINE ( 'NONE', #2537, #2315 ) ;
#2327 = VERTEX_POINT ( 'NONE', #1012 ) ;
#2328 = VECTOR ( 'NONE', #1156, 39.37007874015748143 ) ;
#2329 = CARTESIAN_POINT ( 'NONE',  ( 0.2755905511811023723, -0.1968503937007874405, 0.1968503937007877458 ) ) ;
#2330 = VECTOR ( 'NONE', #2692, 39.37007874015748143 ) ;
#2331 = CARTESIAN_POINT ( 'NONE',  ( 0.03937007874015747977, -0.2165354330708662844, -0.07874015748031520934 ) ) ;
#2332 = PLANE ( 'NONE',  #1719 ) ;
#2333 = SHAPE_DEFINITION_REPRESENTATION ( #47, #387 ) ;
#2334 = CARTESIAN_POINT ( 'NONE',  ( 0.2600441219120755987, -0.3740157480314961203, 0.03937007874015722303 ) ) ;
#2335 = EDGE_LOOP ( 'NONE', ( #365, #430, #2848, #610 ) ) ;
#2336 = EDGE_CURVE ( 'NONE', #2606, #858, #1946, .T. ) ;
#2337 = CARTESIAN_POINT ( 'NONE',  ( 0.03937007874015747977, 0.1338582677165353896, -0.1968503937007876070 ) ) ;
#2338 = ORIENTED_EDGE ( 'NONE', *, *, #1184, .F. ) ;
#2339 = EDGE_CURVE ( 'NONE', #2533, #1702, #1466, .T. ) ;
#2340 = CARTESIAN_POINT ( 'NONE',  ( 0.2805388876818292743, -0.3346456692913385988, -0.03937007874015773651 ) ) ;
#2341 = DIRECTION ( 'NONE',  ( -1.000000000000000000, -0.0000000000000000000, -0.0000000000000000000 ) ) ;
#2342 =( LENGTH_UNIT ( ) NAMED_UNIT ( * ) SI_UNIT ( $, .METRE. ) );
#2343 = ORIENTED_EDGE ( 'NONE', *, *, #373, .T. ) ;
#2344 = CARTESIAN_POINT ( 'NONE',  ( 0.2738811202790752963, -0.3346456692913385988, 0.03937007874015722303 ) ) ;
#2345 = UNCERTAINTY_MEASURE_WITH_UNIT (LENGTH_MEASURE( 1.000000000000000082E-05 ), #1543, 'distance_accuracy_value', 'NONE');
#2346 = DIRECTION ( 'NONE',  ( 0.0000000000000000000, 0.0000000000000000000, 1.000000000000000000 ) ) ;
#2347 = VERTEX_POINT ( 'NONE', #1678 ) ;
#2348 =( GEOMETRIC_REPRESENTATION_CONTEXT ( 3 ) GLOBAL_UNCERTAINTY_ASSIGNED_CONTEXT ( ( #121 ) ) GLOBAL_UNIT_ASSIGNED_CONTEXT ( ( #2045, #1639, #487 ) ) REPRESENTATION_CONTEXT ( 'NONE', 'WORKASPACE' ) );
#2349 = PRESENTATION_STYLE_ASSIGNMENT (( #1468 ) ) ;
#2350 = LINE ( 'NONE', #1667, #2580 ) ;
#2351 = EDGE_CURVE ( 'NONE', #1999, #432, #818, .T. ) ;
#2352 = PRESENTATION_STYLE_ASSIGNMENT (( #1225 ) ) ;
#2353 = MECHANICAL_DESIGN_GEOMETRIC_PRESENTATION_REPRESENTATION (  '', ( #2804 ), #930 ) ;
#2354 = COLOUR_RGB ( '',1.000000000000000000, 1.000000000000000000, 1.000000000000000000 ) ;
#2355 = FACE_OUTER_BOUND ( 'NONE', #1576, .T. ) ;
#2356 = COLOUR_RGB ( '',1.000000000000000000, 1.000000000000000000, 1.000000000000000000 ) ;
#2357 =( GEOMETRIC_REPRESENTATION_CONTEXT ( 3 ) GLOBAL_UNCERTAINTY_ASSIGNED_CONTEXT ( ( #636 ) ) GLOBAL_UNIT_ASSIGNED_CONTEXT ( ( #2652, #2825, #1549 ) ) REPRESENTATION_CONTEXT ( 'NONE', 'WORKASPACE' ) );
#2358 = ORIENTED_EDGE ( 'NONE', *, *, #424, .T. ) ;
#2359 = VECTOR ( 'NONE', #426, 39.37007874015748143 ) ;
#2360 = DIRECTION ( 'NONE',  ( 0.0000000000000000000, 1.000000000000000000, 2.891205793294676847E-16 ) ) ;
#2361 = FILL_AREA_STYLE ('',( #2108 ) ) ;
#2362 = ORIENTED_EDGE ( 'NONE', *, *, #1366, .F. ) ;
#2363 = SURFACE_SIDE_STYLE ('',( #583 ) ) ;
#2364 = ORIENTED_EDGE ( 'NONE', *, *, #709, .T. ) ;
#2365 = VERTEX_POINT ( 'NONE', #1069 ) ;
#2366 = CARTESIAN_POINT ( 'NONE',  ( 0.03937007874015747977, -0.1968503937007873850, 0.007381889763779528324 ) ) ;
#2367 = LINE ( 'NONE', #1894, #1653 ) ;
#2368 = ORIENTED_EDGE ( 'NONE', *, *, #2698, .T. ) ;
#2369 = AXIS2_PLACEMENT_3D ( 'NONE', #170, #2001, #937 ) ;
#2370 =( CONVERSION_BASED_UNIT ( 'INCH', #1238 ) LENGTH_UNIT ( ) NAMED_UNIT ( #1061 ) );
#2371 = ADVANCED_FACE ( 'NONE', ( #1888 ), #1663, .F. ) ;
#2372 = VECTOR ( 'NONE', #609, 39.37007874015748143 ) ;
#2373 = EDGE_CURVE ( 'NONE', #432, #919, #573, .T. ) ;
#2374 = LINE ( 'NONE', #388, #2056 ) ;
#2375 = SURFACE_STYLE_USAGE ( .BOTH. , #1706 ) ;
#2376 = EDGE_LOOP ( 'NONE', ( #1515, #1479 ) ) ;
#2377 = FACE_OUTER_BOUND ( 'NONE', #2697, .T. ) ;
#2378 = VERTEX_POINT ( 'NONE', #2344 ) ;
#2379 = ORIENTED_EDGE ( 'NONE', *, *, #904, .F. ) ;
#2380 = CARTESIAN_POINT ( 'NONE',  ( 0.3937007874015748254, -0.1968503937007873850, -0.06299212598425196763 ) ) ;
#2381 = ORIENTED_EDGE ( 'NONE', *, *, #382, .T. ) ;
#2382 = ADVANCED_FACE ( 'NONE', ( #2149 ), #1724, .F. ) ;
#2383 =( CONVERSION_BASED_UNIT ( 'INCH', #856 ) LENGTH_UNIT ( ) NAMED_UNIT ( #798 ) );
#2384 = DIRECTION ( 'NONE',  ( 0.0000000000000000000, 8.673617379884036458E-16, 1.000000000000000000 ) ) ;
#2385 = VERTEX_POINT ( 'NONE', #1767 ) ;
#2386 = ADVANCED_FACE ( 'NONE', ( #860 ), #2448, .F. ) ;
#2387 = CARTESIAN_POINT ( 'NONE',  ( 0.7283464566929135353, 0.0000000000000000000, 0.0000000000000000000 ) ) ;
#2388 = CARTESIAN_POINT ( 'NONE',  ( 0.03937007874015747977, -0.2165354330708662844, 0.0000000000000000000 ) ) ;
#2389 = ORIENTED_EDGE ( 'NONE', *, *, #2082, .T. ) ;
#2390 = LINE ( 'NONE', #438, #745 ) ;
#2391 = FILL_AREA_STYLE_COLOUR ( '', #360 ) ;
#2392 = STYLED_ITEM ( 'NONE', ( #1509 ), #1982 ) ;
#2393 = AXIS2_PLACEMENT_3D ( 'NONE', #1614, #299, #756 ) ;
#2394 = ORIENTED_EDGE ( 'NONE', *, *, #1864, .T. ) ;
#2395 = VECTOR ( 'NONE', #376, 39.37007874015748143 ) ;
#2396 = PRESENTATION_LAYER_ASSIGNMENT (  '', '', ( #513 ) ) ;
#2397 = EDGE_CURVE ( 'NONE', #1734, #2169, #421, .T. ) ;
#2398 = CARTESIAN_POINT ( 'NONE',  ( 0.03937007874015747977, 0.1338582677165353896, 0.07874015748031515383 ) ) ;
#2399 = DIRECTION ( 'NONE',  ( 0.0000000000000000000, 1.000000000000000000, 0.0000000000000000000 ) ) ;
#2400 = ORIENTED_EDGE ( 'NONE', *, *, #2685, .F. ) ;
#2401 = AXIS2_PLACEMENT_3D ( 'NONE', #1083, #2004, #873 ) ;
#2402 = DIMENSIONAL_EXPONENTS ( 1.000000000000000000, 0.0000000000000000000, 0.0000000000000000000, 0.0000000000000000000, 0.0000000000000000000, 0.0000000000000000000, 0.0000000000000000000 ) ;
#2403 = AXIS2_PLACEMENT_3D ( 'NONE', #2216, #1733, #1337 ) ;
#2404 = EDGE_CURVE ( 'NONE', #1218, #1886, #1258, .T. ) ;
#2405 =( CONVERSION_BASED_UNIT ( 'INCH', #1111 ) LENGTH_UNIT ( ) NAMED_UNIT ( #2831 ) );
#2406 = VERTEX_POINT ( 'NONE', #1314 ) ;
#2407 = FACE_OUTER_BOUND ( 'NONE', #328, .T. ) ;
#2408 = ORIENTED_EDGE ( 'NONE', *, *, #2585, .F. ) ;
#2409 = CARTESIAN_POINT ( 'NONE',  ( 0.3937007874015748254, -0.2559055118110237781, 0.1968503937007872462 ) ) ;
#2410 = CARTESIAN_POINT ( 'NONE',  ( 0.03149606299213146554, 0.1377952755905511584, 0.007381889763779528324 ) ) ;
#2411 = PLANE ( 'NONE',  #743 ) ;
#2412 = FILL_AREA_STYLE ('',( #1540 ) ) ;
#2413 = ORIENTED_EDGE ( 'NONE', *, *, #835, .F. ) ;
#2414 = PLANE ( 'NONE',  #1215 ) ;
#2415 = ORIENTED_EDGE ( 'NONE', *, *, #2302, .T. ) ;
#2416 = VECTOR ( 'NONE', #2757, 39.37007874015748143 ) ;
#2417 = CARTESIAN_POINT ( 'NONE',  ( 0.3937007874015747699, 0.0000000000000000000, 0.0000000000000000000 ) ) ;
#2418 = ORIENTED_EDGE ( 'NONE', *, *, #12, .T. ) ;
#2419 = CARTESIAN_POINT ( 'NONE',  ( 1.528703531385835257, -0.3740157480314961203, 0.03937007874015724385 ) ) ;
#2420 = ORIENTED_EDGE ( 'NONE', *, *, #1443, .F. ) ;
#2421 = EDGE_CURVE ( 'NONE', #342, #1798, #2190, .T. ) ;
#2422 = DIMENSIONAL_EXPONENTS ( 1.000000000000000000, 0.0000000000000000000, 0.0000000000000000000, 0.0000000000000000000, 0.0000000000000000000, 0.0000000000000000000, 0.0000000000000000000 ) ;
#2423 = CARTESIAN_POINT ( 'NONE',  ( 0.3937007874015748254, 0.1968503937007874127, 0.07874015748031477913 ) ) ;
#2424 = DIRECTION ( 'NONE',  ( 0.0000000000000000000, 0.0000000000000000000, 1.000000000000000000 ) ) ;
#2425 = FILL_AREA_STYLE ('',( #2842 ) ) ;
#2426 = ADVANCED_FACE ( 'NONE', ( #1755 ), #2838, .F. ) ;
#2427 =( LENGTH_UNIT ( ) NAMED_UNIT ( * ) SI_UNIT ( $, .METRE. ) );
#2428 = FILL_AREA_STYLE_COLOUR ( '', #2354 ) ;
#2429 = ORIENTED_EDGE ( 'NONE', *, *, #2685, .T. ) ;
#2430 = LENGTH_MEASURE_WITH_UNIT ( LENGTH_MEASURE( 0.02539999999999999897 ), #1152 );
#2431 = PLANE ( 'NONE',  #760 ) ;
#2432 = CARTESIAN_POINT ( 'NONE',  ( 0.0000000000000000000, 0.1968503937007874405, -0.07874015748031515383 ) ) ;
#2433 = ORIENTED_EDGE ( 'NONE', *, *, #2099, .T. ) ;
#2434 = UNCERTAINTY_MEASURE_WITH_UNIT (LENGTH_MEASURE( 1.000000000000000082E-05 ), #2822, 'distance_accuracy_value', 'NONE');
#2435 = LINE ( 'NONE', #2419, #1849 ) ;
#2436 = ORIENTED_EDGE ( 'NONE', *, *, #1565, .F. ) ;
#2437 = CARTESIAN_POINT ( 'NONE',  ( 0.03937007874015747977, 0.0000000000000000000, -0.1377952755905509641 ) ) ;
#2438 = CARTESIAN_POINT ( 'NONE',  ( 0.3937007874015748254, -0.1968503937007874127, 0.07874015748031472361 ) ) ;
#2439 = CARTESIAN_POINT ( 'NONE',  ( 0.03937007874015747977, -0.1968503937007874127, -0.1377952755905509641 ) ) ;
#2440 = ADVANCED_FACE ( 'NONE', ( #446 ), #1392, .T. ) ;
#2441 = EDGE_LOOP ( 'NONE', ( #2400, #1418, #1904, #850, #540, #748, #1992, #1003 ) ) ;
#2442 = VECTOR ( 'NONE', #295, 39.37007874015748143 ) ;
#2443 = PRESENTATION_LAYER_ASSIGNMENT (  '', '', ( #2213 ) ) ;
#2444 = CIRCLE ( 'NONE', #1559, 0.1181102362204724532 ) ;
#2445 =( LENGTH_UNIT ( ) NAMED_UNIT ( * ) SI_UNIT ( $, .METRE. ) );
#2446 = PRESENTATION_LAYER_ASSIGNMENT (  '', '', ( #92 ) ) ;
#2447 = PRESENTATION_LAYER_ASSIGNMENT (  '', '', ( #1301 ) ) ;
#2448 = PLANE ( 'NONE',  #982 ) ;
#2449 =( GEOMETRIC_REPRESENTATION_CONTEXT ( 3 ) GLOBAL_UNCERTAINTY_ASSIGNED_CONTEXT ( ( #875 ) ) GLOBAL_UNIT_ASSIGNED_CONTEXT ( ( #189, #1739, #638 ) ) REPRESENTATION_CONTEXT ( 'NONE', 'WORKASPACE' ) );
#2450 = PRESENTATION_STYLE_ASSIGNMENT (( #2021 ) ) ;
#2451 = ORIENTED_EDGE ( 'NONE', *, *, #554, .T. ) ;
#2452 = VECTOR ( 'NONE', #2384, 39.37007874015748143 ) ;
#2453 = DIRECTION ( 'NONE',  ( 0.0000000000000000000, 0.0000000000000000000, 1.000000000000000000 ) ) ;
#2454 = CARTESIAN_POINT ( 'NONE',  ( 0.3937007874015748254, -0.2559055118110237781, 0.1968503937007872462 ) ) ;
#2455 = DIRECTION ( 'NONE',  ( -1.000000000000000000, 0.0000000000000000000, 0.0000000000000000000 ) ) ;
#2456 = CYLINDRICAL_SURFACE ( 'NONE', #276, 0.1633858267716535861 ) ;
#2457 = DIRECTION ( 'NONE',  ( 1.000000000000000000, 0.0000000000000000000, 0.0000000000000000000 ) ) ;
#2458 = ORIENTED_EDGE ( 'NONE', *, *, #2516, .T. ) ;
#2459 = EDGE_CURVE ( 'NONE', #422, #1453, #1340, .T. ) ;
#2460 = FACE_OUTER_BOUND ( 'NONE', #771, .T. ) ;
#2461 = PRESENTATION_LAYER_ASSIGNMENT (  '', '', ( #2599 ) ) ;
#2462 = ADVANCED_FACE ( 'NONE', ( #1214 ), #940, .F. ) ;
#2463 = LINE ( 'NONE', #1826, #109 ) ;
#2464 = DIRECTION ( 'NONE',  ( 0.0000000000000000000, -1.000000000000000000, 0.0000000000000000000 ) ) ;
#2465 = VECTOR ( 'NONE', #1153, 39.37007874015748143 ) ;
#2466 = ORIENTED_EDGE ( 'NONE', *, *, #892, .T. ) ;
#2467 = DIRECTION ( 'NONE',  ( 1.000000000000000000, 0.0000000000000000000, 0.0000000000000000000 ) ) ;
#2468 = LENGTH_MEASURE_WITH_UNIT ( LENGTH_MEASURE( 0.02539999999999999897 ), #1802 );
#2469 = DIRECTION ( 'NONE',  ( 1.000000000000000000, -1.224765123292916509E-14, 0.0000000000000000000 ) ) ;
#2470 = CARTESIAN_POINT ( 'NONE',  ( 0.0000000000000000000, 0.1338582677165353896, 0.0000000000000000000 ) ) ;
#2471 = CARTESIAN_POINT ( 'NONE',  ( 0.03937007874015747977, 0.1377952755905511584, -0.007381889763779528324 ) ) ;
#2472 = VERTEX_POINT ( 'NONE', #2688 ) ;
#2473 = SURFACE_STYLE_USAGE ( .BOTH. , #2028 ) ;
#2474 = LINE ( 'NONE', #491, #831 ) ;
#2475 = CARTESIAN_POINT ( 'NONE',  ( 0.03937007874015747977, -0.1968503937007874405, 0.1968503937007872462 ) ) ;
#2476 = DIRECTION ( 'NONE',  ( 0.0000000000000000000, -1.000000000000000000, -5.782411586589358625E-16 ) ) ;
#2477 = DIRECTION ( 'NONE',  ( -6.672013369141566203E-16, 1.000000000000000000, 0.0000000000000000000 ) ) ;
#2478 = EDGE_CURVE ( 'NONE', #829, #385, #700, .T. ) ;
#2479 = EDGE_LOOP ( 'NONE', ( #2678, #2364, #2296, #558 ) ) ;
#2480 = ORIENTED_EDGE ( 'NONE', *, *, #2749, .F. ) ;
#2481 = PLANE ( 'NONE',  #1818 ) ;
#2482 = CARTESIAN_POINT ( 'NONE',  ( 0.4089275629027642189, -0.1507545039255574759, -0.06299212598425196763 ) ) ;
#2483 = LINE ( 'NONE', #285, #2493 ) ;
#2484 = LINE ( 'NONE', #1416, #1389 ) ;
#2485 = DIRECTION ( 'NONE',  ( 0.2754921105640215084, -0.9613033324695076098, 0.0000000000000000000 ) ) ;
#2486 = EDGE_LOOP ( 'NONE', ( #2148, #621, #1092, #2420, #435, #334 ) ) ;
#2487 = LENGTH_MEASURE_WITH_UNIT ( LENGTH_MEASURE( 0.02539999999999999897 ), #725 );
#2488 = LINE ( 'NONE', #1811, #1754 ) ;
#2489 = VECTOR ( 'NONE', #1006, 39.37007874015748143 ) ;
#2490 = LINE ( 'NONE', #2727, #1041 ) ;
#2491 = LINE ( 'NONE', #1368, #1347 ) ;
#2492 = EDGE_LOOP ( 'NONE', ( #1821, #1815, #151, #7 ) ) ;
#2493 = VECTOR ( 'NONE', #1182, 39.37007874015748143 ) ;
#2494 = CARTESIAN_POINT ( 'NONE',  ( 0.03937007874015747977, -0.2165354330708662844, 0.0000000000000000000 ) ) ;
#2495 = VECTOR ( 'NONE', #1168, 39.37007874015748143 ) ;
#2496 = EDGE_CURVE ( 'NONE', #1274, #2365, #2245, .T. ) ;
#2497 = AXIS2_PLACEMENT_3D ( 'NONE', #515, #966, #1621 ) ;
#2498 = VECTOR ( 'NONE', #576, 39.37007874015748143 ) ;
#2499 = DIRECTION ( 'NONE',  ( -0.0000000000000000000, -0.0000000000000000000, -1.000000000000000000 ) ) ;
#2500 = FACE_OUTER_BOUND ( 'NONE', #217, .T. ) ;
#2501 = DIRECTION ( 'NONE',  ( 0.9613033324695078319, 0.2754921105640215639, 0.0000000000000000000 ) ) ;
#2502 =( GEOMETRIC_REPRESENTATION_CONTEXT ( 3 ) GLOBAL_UNCERTAINTY_ASSIGNED_CONTEXT ( ( #23 ) ) GLOBAL_UNIT_ASSIGNED_CONTEXT ( ( #2018, #28, #1996 ) ) REPRESENTATION_CONTEXT ( 'NONE', 'WORKASPACE' ) );
#2503 = EDGE_CURVE ( 'NONE', #1467, #1737, #2218, .T. ) ;
#2504 = DIRECTION ( 'NONE',  ( 0.0000000000000000000, 0.0000000000000000000, 1.000000000000000000 ) ) ;
#2505 = ORIENTED_EDGE ( 'NONE', *, *, #1807, .T. ) ;
#2506 = DIRECTION ( 'NONE',  ( -0.0000000000000000000, -0.0000000000000000000, -1.000000000000000000 ) ) ;
#2507 = ORIENTED_EDGE ( 'NONE', *, *, #2082, .F. ) ;
#2508 = DIRECTION ( 'NONE',  ( 0.0000000000000000000, 1.000000000000000000, 5.782411586589301432E-16 ) ) ;
#2509 = VECTOR ( 'NONE', #2499, 39.37007874015748143 ) ;
#2510 = DIRECTION ( 'NONE',  ( 1.000000000000000000, 0.0000000000000000000, 0.0000000000000000000 ) ) ;
#2511 = PRESENTATION_STYLE_ASSIGNMENT (( #2282 ) ) ;
#2512 = VERTEX_POINT ( 'NONE', #2052 ) ;
#2513 = EDGE_CURVE ( 'NONE', #960, #1415, #716, .T. ) ;
#2514 = CARTESIAN_POINT ( 'NONE',  ( 0.3937007874015748254, -0.2559055118110236671, -0.03937007874015773651 ) ) ;
#2515 = CARTESIAN_POINT ( 'NONE',  ( 0.03937007874015747977, -0.2165354330708662844, 0.07874015748031472361 ) ) ;
#2516 = EDGE_CURVE ( 'NONE', #1589, #318, #280, .T. ) ;
#2517 = ORIENTED_EDGE ( 'NONE', *, *, #867, .F. ) ;
#2518 = APPLICATION_PROTOCOL_DEFINITION ( 'draft international standard', 'automotive_design', 1998, #929 ) ;
#2519 = LENGTH_MEASURE_WITH_UNIT ( LENGTH_MEASURE( 0.02539999999999999897 ), #208 );
#2520 = ORIENTED_EDGE ( 'NONE', *, *, #1385, .T. ) ;
#2521 = CYLINDRICAL_SURFACE ( 'NONE', #2711, 0.1181102362204724532 ) ;
#2522 = ORIENTED_EDGE ( 'NONE', *, *, #402, .F. ) ;
#2523 = PRESENTATION_STYLE_ASSIGNMENT (( #1907 ) ) ;
#2524 = ORIENTED_EDGE ( 'NONE', *, *, #1284, .F. ) ;
#2525 = CARTESIAN_POINT ( 'NONE',  ( 0.2755905511811023723, -0.2559055118110237781, -0.1377952755905509641 ) ) ;
#2526 = EDGE_CURVE ( 'NONE', #396, #2319, #2702, .T. ) ;
#2527 = DIRECTION ( 'NONE',  ( 1.000000000000000000, 0.0000000000000000000, 0.0000000000000000000 ) ) ;
#2528 =( CONVERSION_BASED_UNIT ( 'INCH', #812 ) LENGTH_UNIT ( ) NAMED_UNIT ( #2130 ) );
#2529 = CARTESIAN_POINT ( 'NONE',  ( 0.2805388876818292743, -0.3346456692913385988, 0.03937007874015722303 ) ) ;
#2530 = EDGE_CURVE ( 'NONE', #331, #1203, #2713, .T. ) ;
#2531 = DIRECTION ( 'NONE',  ( 0.0000000000000000000, 0.0000000000000000000, -1.000000000000000000 ) ) ;
#2532 = ORIENTED_EDGE ( 'NONE', *, *, #1485, .F. ) ;
#2533 = VERTEX_POINT ( 'NONE', #731 ) ;
#2534 = VECTOR ( 'NONE', #302, 39.37007874015748143 ) ;
#2535 = VECTOR ( 'NONE', #769, 39.37007874015748143 ) ;
#2536 = AXIS2_PLACEMENT_3D ( 'NONE', #885, #2828, #1760 ) ;
#2537 = CARTESIAN_POINT ( 'NONE',  ( 0.3885475311822815248, -0.2047244094488188948, 0.03937007874015722303 ) ) ;
#2538 = VERTEX_POINT ( 'NONE', #1603 ) ;
#2539 = VECTOR ( 'NONE', #1832, 39.37007874015748143 ) ;
#2540 = DIRECTION ( 'NONE',  ( 6.672013369141566203E-16, -1.000000000000000000, 0.0000000000000000000 ) ) ;
#2541 = AXIS2_PLACEMENT_3D ( 'NONE', #1397, #1837, #1827 ) ;
#2542 = CARTESIAN_POINT ( 'NONE',  ( 0.3937007874015748254, -0.1507545039255574759, 0.06299212598425196763 ) ) ;
#2543 = STYLED_ITEM ( 'NONE', ( #1884 ), #387 ) ;
#2544 = CARTESIAN_POINT ( 'NONE',  ( 0.2328915887395679174, -0.2559055118110236671, 0.03937007874015722303 ) ) ;
#2545 = EDGE_CURVE ( 'NONE', #1875, #77, #105, .T. ) ;
#2546 =( NAMED_UNIT ( * ) SI_UNIT ( $, .STERADIAN. ) SOLID_ANGLE_UNIT ( ) );
#2547 = ORIENTED_EDGE ( 'NONE', *, *, #2264, .F. ) ;
#2548 = EDGE_CURVE ( 'NONE', #2634, #2705, #2491, .T. ) ;
#2549 = LINE ( 'NONE', #1261, #1536 ) ;
#2550 = DIRECTION ( 'NONE',  ( -1.000000000000000000, 0.0000000000000000000, 0.0000000000000000000 ) ) ;
#2551 = VECTOR ( 'NONE', #345, 39.37007874015748143 ) ;
#2552 = PLANE ( 'NONE',  #1940 ) ;
#2553 = ORIENTED_EDGE ( 'NONE', *, *, #2548, .T. ) ;
#2554 = CARTESIAN_POINT ( 'NONE',  ( 0.2738811202790752963, -0.3346456692913385988, -0.03937007874015773651 ) ) ;
#2555 = MECHANICAL_DESIGN_GEOMETRIC_PRESENTATION_REPRESENTATION (  '', ( #198 ), #1723 ) ;
#2556 = LINE ( 'NONE', #1224, #1937 ) ;
#2557 = DIRECTION ( 'NONE',  ( 0.0000000000000000000, 0.0000000000000000000, 1.000000000000000000 ) ) ;
#2558 = DIRECTION ( 'NONE',  ( 0.0000000000000000000, -1.000000000000000000, 0.0000000000000000000 ) ) ;
#2559 = CARTESIAN_POINT ( 'NONE',  ( 0.0000000000000000000, 0.0000000000000000000, 0.0000000000000000000 ) ) ;
#2560 = VERTEX_POINT ( 'NONE', #747 ) ;
#2561 = ADVANCED_FACE ( 'NONE', ( #2066 ), #1410, .T. ) ;
#2562 =( LENGTH_UNIT ( ) NAMED_UNIT ( * ) SI_UNIT ( $, .METRE. ) );
#2563 = FILL_AREA_STYLE ('',( #807 ) ) ;
#2564 = ORIENTED_EDGE ( 'NONE', *, *, #1366, .T. ) ;
#2565 = DIMENSIONAL_EXPONENTS ( 1.000000000000000000, 0.0000000000000000000, 0.0000000000000000000, 0.0000000000000000000, 0.0000000000000000000, 0.0000000000000000000, 0.0000000000000000000 ) ;
#2566 = DIRECTION ( 'NONE',  ( 1.000000000000000000, 0.0000000000000000000, 0.0000000000000000000 ) ) ;
#2567 = CARTESIAN_POINT ( 'NONE',  ( 0.3937007874015748254, 0.1633858267716535584, 0.07874015748031477913 ) ) ;
#2568 = EDGE_LOOP ( 'NONE', ( #602, #1830, #2630, #2572 ) ) ;
#2569 = DIRECTION ( 'NONE',  ( 0.0000000000000000000, -1.000000000000000000, 0.0000000000000000000 ) ) ;
#2570 = CARTESIAN_POINT ( 'NONE',  ( 0.0000000000000000000, 0.1968503937007873017, 0.1968503937007872462 ) ) ;
#2571 = CARTESIAN_POINT ( 'NONE',  ( 0.4089222840328312070, -0.1507545039255573649, 0.06299212598425196763 ) ) ;
#2572 = ORIENTED_EDGE ( 'NONE', *, *, #2666, .F. ) ;
#2573 = UNCERTAINTY_MEASURE_WITH_UNIT (LENGTH_MEASURE( 1.000000000000000082E-05 ), #592, 'distance_accuracy_value', 'NONE');
#2574 = LENGTH_MEASURE_WITH_UNIT ( LENGTH_MEASURE( 0.02539999999999999897 ), #2562 );
#2575 = CARTESIAN_POINT ( 'NONE',  ( 0.2328915887395679174, -0.1968503937007873850, 0.03937007874015722303 ) ) ;
#2576 = ORIENTED_EDGE ( 'NONE', *, *, #1859, .F. ) ;
#2577 = VECTOR ( 'NONE', #979, 39.37007874015748143 ) ;
#2578 = DIRECTION ( 'NONE',  ( 1.000000000000000000, 0.0000000000000000000, 0.0000000000000000000 ) ) ;
#2579 = EDGE_LOOP ( 'NONE', ( #781, #2576, #1500, #1112 ) ) ;
#2580 = VECTOR ( 'NONE', #577, 39.37007874015748143 ) ;
#2581 = PRESENTATION_LAYER_ASSIGNMENT (  '', '', ( #1433 ) ) ;
#2582 = CARTESIAN_POINT ( 'NONE',  ( 0.07874015748031498729, -0.1968503937007874405, -0.007381889763779528324 ) ) ;
#2583 = CARTESIAN_POINT ( 'NONE',  ( 0.03937007874015747977, 0.1338582677165353896, 0.0000000000000000000 ) ) ;
#2584 =( GEOMETRIC_REPRESENTATION_CONTEXT ( 3 ) GLOBAL_UNCERTAINTY_ASSIGNED_CONTEXT ( ( #176 ) ) GLOBAL_UNIT_ASSIGNED_CONTEXT ( ( #1917, #1445, #2772 ) ) REPRESENTATION_CONTEXT ( 'NONE', 'WORKASPACE' ) );
#2585 = EDGE_CURVE ( 'NONE', #385, #1875, #2115, .T. ) ;
#2586 = DIRECTION ( 'NONE',  ( 0.0000000000000000000, -1.000000000000000000, 0.0000000000000000000 ) ) ;
#2587 = AXIS2_PLACEMENT_3D ( 'NONE', #1588, #1381, #954 ) ;
#2588 = TOROIDAL_SURFACE ( 'NONE', #2308, 0.1751968503937008370, 0.01181102362204724393 ) ;
#2589 = STYLED_ITEM ( 'NONE', ( #2511 ), #2784 ) ;
#2590 = CARTESIAN_POINT ( 'NONE',  ( 0.7529527559055119168, 0.0000000000000000000, 0.0000000000000000000 ) ) ;
#2591 = AXIS2_PLACEMENT_3D ( 'NONE', #2559, #347, #1037 ) ;
#2592 = ORIENTED_EDGE ( 'NONE', *, *, #1675, .T. ) ;
#2593 = CARTESIAN_POINT ( 'NONE',  ( 0.2328915887395679174, -0.2559055118110236671, 0.03937007874015722303 ) ) ;
#2594 = ORIENTED_EDGE ( 'NONE', *, *, #1607, .F. ) ;
#2595 = CARTESIAN_POINT ( 'NONE',  ( 0.2755905511811023723, -0.2559055118110237226, -0.1968503937007876903 ) ) ;
#2596 =( LENGTH_UNIT ( ) NAMED_UNIT ( * ) SI_UNIT ( $, .METRE. ) );
#2597 = EDGE_CURVE ( 'NONE', #1737, #1423, #1915, .T. ) ;
#2598 = LINE ( 'NONE', #2331, #688 ) ;
#2599 = STYLED_ITEM ( 'NONE', ( #397 ), #251 ) ;
#2600 = ADVANCED_FACE ( 'NONE', ( #1492 ), #1903, .T. ) ;
#2601 = ORIENTED_EDGE ( 'NONE', *, *, #1249, .F. ) ;
#2602 = CARTESIAN_POINT ( 'NONE',  ( 0.3937007874015748254, -0.2559055118110237781, -0.07874015748031520934 ) ) ;
#2603 = PLANE ( 'NONE',  #2222 ) ;
#2604 = EDGE_LOOP ( 'NONE', ( #1256, #895, #2203, #2505 ) ) ;
#2605 = EDGE_LOOP ( 'NONE', ( #1882, #2553, #2624, #1312, #202, #1777 ) ) ;
#2606 = VERTEX_POINT ( 'NONE', #774 ) ;
#2607 = CARTESIAN_POINT ( 'NONE',  ( 0.9436874067777375474, -0.1507545039255574759, -0.06299212598425196763 ) ) ;
#2608 = LINE ( 'NONE', #2818, #316 ) ;
#2609 = ORIENTED_EDGE ( 'NONE', *, *, #1716, .F. ) ;
#2610 = LINE ( 'NONE', #665, #39 ) ;
#2611 =( NAMED_UNIT ( * ) SI_UNIT ( $, .STERADIAN. ) SOLID_ANGLE_UNIT ( ) );
#2612 = FILL_AREA_STYLE ('',( #201 ) ) ;
#2613 = ORIENTED_EDGE ( 'NONE', *, *, #2397, .F. ) ;
#2614 =( NAMED_UNIT ( * ) SI_UNIT ( $, .STERADIAN. ) SOLID_ANGLE_UNIT ( ) );
#2615 = ORIENTED_EDGE ( 'NONE', *, *, #1198, .T. ) ;
#2616 = ORIENTED_EDGE ( 'NONE', *, *, #2516, .F. ) ;
#2617 = DIMENSIONAL_EXPONENTS ( 1.000000000000000000, 0.0000000000000000000, 0.0000000000000000000, 0.0000000000000000000, 0.0000000000000000000, 0.0000000000000000000, 0.0000000000000000000 ) ;
#2618 =( LENGTH_UNIT ( ) NAMED_UNIT ( * ) SI_UNIT ( $, .METRE. ) );
#2619 =( NAMED_UNIT ( * ) PLANE_ANGLE_UNIT ( ) SI_UNIT ( $, .RADIAN. ) );
#2620 = DIRECTION ( 'NONE',  ( 0.0000000000000000000, 0.0000000000000000000, 1.000000000000000000 ) ) ;
#2621 = VECTOR ( 'NONE', #1814, 39.37007874015748143 ) ;
#2622 =( NAMED_UNIT ( * ) SI_UNIT ( $, .STERADIAN. ) SOLID_ANGLE_UNIT ( ) );
#2623 = MECHANICAL_DESIGN_GEOMETRIC_PRESENTATION_REPRESENTATION (  '', ( #1300 ), #457 ) ;
#2624 = ORIENTED_EDGE ( 'NONE', *, *, #2095, .T. ) ;
#2625 = PRESENTATION_LAYER_ASSIGNMENT (  '', '', ( #1300 ) ) ;
#2626 = CIRCLE ( 'NONE', #2171, 0.06496062992125985203 ) ;
#2627 = SURFACE_STYLE_USAGE ( .BOTH. , #2821 ) ;
#2628 = SURFACE_STYLE_USAGE ( .BOTH. , #1311 ) ;
#2629 = EDGE_CURVE ( 'NONE', #664, #84, #358, .T. ) ;
#2630 = ORIENTED_EDGE ( 'NONE', *, *, #952, .F. ) ;
#2631 = COLOUR_RGB ( '',1.000000000000000000, 1.000000000000000000, 1.000000000000000000 ) ;
#2632 = LINE ( 'NONE', #1503, #1138 ) ;
#2633 = EDGE_CURVE ( 'NONE', #2731, #331, #870, .T. ) ;
#2634 = VERTEX_POINT ( 'NONE', #2658 ) ;
#2635 = UNCERTAINTY_MEASURE_WITH_UNIT (LENGTH_MEASURE( 1.000000000000000082E-05 ), #2019, 'distance_accuracy_value', 'NONE');
#2636 = CARTESIAN_POINT ( 'NONE',  ( 0.4003585548043288034, -0.1486220472440945017, 0.03937007874015722303 ) ) ;
#2637 = ORIENTED_EDGE ( 'NONE', *, *, #709, .F. ) ;
#2638 = DIRECTION ( 'NONE',  ( 0.0000000000000000000, 0.0000000000000000000, -1.000000000000000000 ) ) ;
#2639 = LENGTH_MEASURE_WITH_UNIT ( LENGTH_MEASURE( 0.02539999999999999897 ), #2025 );
#2640 = CARTESIAN_POINT ( 'NONE',  ( 0.9436874067777375474, 2.000899297819494852E-17, 0.1633858267716535861 ) ) ;
#2641 = DIRECTION ( 'NONE',  ( 1.000000000000000000, 0.0000000000000000000, 0.0000000000000000000 ) ) ;
#2642 = DIMENSIONAL_EXPONENTS ( 1.000000000000000000, 0.0000000000000000000, 0.0000000000000000000, 0.0000000000000000000, 0.0000000000000000000, 0.0000000000000000000, 0.0000000000000000000 ) ;
#2643 = ORIENTED_EDGE ( 'NONE', *, *, #1537, .F. ) ;
#2644 = VECTOR ( 'NONE', #2506, 39.37007874015748143 ) ;
#2645 = PRESENTATION_STYLE_ASSIGNMENT (( #1764 ) ) ;
#2646 = AXIS2_PLACEMENT_3D ( 'NONE', #2065, #1794, #2674 ) ;
#2647 = DIRECTION ( 'NONE',  ( 0.4617486132350321348, 0.8870108331782227129, 0.0000000000000000000 ) ) ;
#2648 = ORIENTED_EDGE ( 'NONE', *, *, #2597, .F. ) ;
#2649 = CARTESIAN_POINT ( 'NONE',  ( 0.3346456692913387099, -0.3149606299212599492, 0.1377952755905509641 ) ) ;
#2650 = ORIENTED_EDGE ( 'NONE', *, *, #1675, .F. ) ;
#2651 = EDGE_CURVE ( 'NONE', #1197, #2634, #417, .T. ) ;
#2652 =( CONVERSION_BASED_UNIT ( 'INCH', #1952 ) LENGTH_UNIT ( ) NAMED_UNIT ( #1963 ) );
#2653 = CARTESIAN_POINT ( 'NONE',  ( 0.2328915887395679174, -0.1968503937007873850, 0.06299212598425196763 ) ) ;
#2654 = PLANE ( 'NONE',  #556 ) ;
#2655 = ORIENTED_EDGE ( 'NONE', *, *, #267, .F. ) ;
#2656 =( NAMED_UNIT ( * ) SI_UNIT ( $, .STERADIAN. ) SOLID_ANGLE_UNIT ( ) );
#2657 = FILL_AREA_STYLE ('',( #2050 ) ) ;
#2658 = CARTESIAN_POINT ( 'NONE',  ( 0.2395493561423218953, -0.2559055118110236671, -0.03937007874015774345 ) ) ;
#2659 = DIMENSIONAL_EXPONENTS ( 1.000000000000000000, 0.0000000000000000000, 0.0000000000000000000, 0.0000000000000000000, 0.0000000000000000000, 0.0000000000000000000, 0.0000000000000000000 ) ;
#2660 = PRESENTATION_STYLE_ASSIGNMENT (( #434 ) ) ;
#2661 = ORIENTED_EDGE ( 'NONE', *, *, #2829, .T. ) ;
#2662 = UNCERTAINTY_MEASURE_WITH_UNIT (LENGTH_MEASURE( 1.000000000000000082E-05 ), #548, 'distance_accuracy_value', 'NONE');
#2663 = EDGE_LOOP ( 'NONE', ( #2381, #1502 ) ) ;
#2664 = DIRECTION ( 'NONE',  ( 0.4617486132350320238, -0.8870108331782227129, 0.0000000000000000000 ) ) ;
#2665 = PRESENTATION_STYLE_ASSIGNMENT (( #2012 ) ) ;
#2666 = EDGE_CURVE ( 'NONE', #1939, #595, #680, .T. ) ;
#2667 = CARTESIAN_POINT ( 'NONE',  ( 0.2328915887395679174, -0.2559055118110236671, 0.03937007874015722303 ) ) ;
#2668 = EDGE_CURVE ( 'NONE', #91, #1875, #1555, .T. ) ;
#2669 = VERTEX_POINT ( 'NONE', #1081 ) ;
#2670 = PLANE ( 'NONE',  #1476 ) ;
#2671 = VECTOR ( 'NONE', #197, 39.37007874015748143 ) ;
#2672 = CARTESIAN_POINT ( 'NONE',  ( 0.2755905511811023723, -0.2559055118110237226, 0.1968503937007876903 ) ) ;
#2673 = AXIS2_PLACEMENT_3D ( 'NONE', #683, #2453, #1560 ) ;
#2674 = DIRECTION ( 'NONE',  ( 0.0000000000000000000, 0.0000000000000000000, 1.000000000000000000 ) ) ;
#2675 =( CONVERSION_BASED_UNIT ( 'INCH', #1855 ) LENGTH_UNIT ( ) NAMED_UNIT ( #2422 ) );
#2676 = VECTOR ( 'NONE', #2477, 39.37007874015748143 ) ;
#2677 = AXIS2_PLACEMENT_3D ( 'NONE', #2273, #2049, #490 ) ;
#2678 = ORIENTED_EDGE ( 'NONE', *, *, #2421, .T. ) ;
#2679 = DIRECTION ( 'NONE',  ( -0.0000000000000000000, -0.0000000000000000000, -1.000000000000000000 ) ) ;
#2680 = ORIENTED_EDGE ( 'NONE', *, *, #1271, .F. ) ;
#2681 = CARTESIAN_POINT ( 'NONE',  ( 0.04013182416398604346, -0.3794388210740949341, 0.007381889763779528324 ) ) ;
#2682 = EDGE_CURVE ( 'NONE', #437, #778, #650, .T. ) ;
#2683 = ORIENTED_EDGE ( 'NONE', *, *, #854, .T. ) ;
#2684 = FACE_OUTER_BOUND ( 'NONE', #296, .T. ) ;
#2685 = EDGE_CURVE ( 'NONE', #1203, #447, #903, .T. ) ;
#2686 = DIRECTION ( 'NONE',  ( -1.000000000000000000, -0.0000000000000000000, -0.0000000000000000000 ) ) ;
#2687 = VECTOR ( 'NONE', #666, 39.37007874015748143 ) ;
#2688 = CARTESIAN_POINT ( 'NONE',  ( 0.02165354330708658612, -0.3149606299212598381, -0.007381889763779528324 ) ) ;
#2689 = VECTOR ( 'NONE', #2134, 39.37007874015748143 ) ;
#2690 = ORIENTED_EDGE ( 'NONE', *, *, #1565, .T. ) ;
#2691 = ORIENTED_EDGE ( 'NONE', *, *, #1966, .T. ) ;
#2692 = DIRECTION ( 'NONE',  ( 0.0000000000000000000, -1.000000000000000000, 0.0000000000000000000 ) ) ;
#2693 = DIRECTION ( 'NONE',  ( 1.000000000000000000, 0.0000000000000000000, 0.0000000000000000000 ) ) ;
#2694 = PRESENTATION_STYLE_ASSIGNMENT (( #1611 ) ) ;
#2695 = DIRECTION ( 'NONE',  ( 1.000000000000000000, 0.0000000000000000000, 0.0000000000000000000 ) ) ;
#2696 = CARTESIAN_POINT ( 'NONE',  ( 0.03937007874015747977, -0.1968503937007873295, -1.138269997360098334E-16 ) ) ;
#2697 = EDGE_LOOP ( 'NONE', ( #1640, #68, #2035, #2138, #1687 ) ) ;
#2698 = EDGE_CURVE ( 'NONE', #1240, #264, #2809, .T. ) ;
#2699 = DIRECTION ( 'NONE',  ( 0.0000000000000000000, -1.000000000000000000, 0.0000000000000000000 ) ) ;
#2700 = ADVANCED_FACE ( 'NONE', ( #1750 ), #2603, .F. ) ;
#2701 = DIRECTION ( 'NONE',  ( 0.0000000000000000000, -1.000000000000000000, 0.0000000000000000000 ) ) ;
#2702 = LINE ( 'NONE', #74, #2269 ) ;
#2703 = ORIENTED_EDGE ( 'NONE', *, *, #386, .F. ) ;
#2704 = CARTESIAN_POINT ( 'NONE',  ( 0.3346456692913387099, -0.2559055118110237781, 0.1377952755905509641 ) ) ;
#2705 = VERTEX_POINT ( 'NONE', #187 ) ;
#2706 = DIRECTION ( 'NONE',  ( 1.000000000000000000, 0.0000000000000000000, 0.0000000000000000000 ) ) ;
#2707 = CARTESIAN_POINT ( 'NONE',  ( 0.3937007874015748254, 0.1633858267716535584, 0.07874015748031477913 ) ) ;
#2708 = DIRECTION ( 'NONE',  ( 0.0000000000000000000, 1.000000000000000000, 0.0000000000000000000 ) ) ;
#2709 = VERTEX_POINT ( 'NONE', #2187 ) ;
#2710 = LENGTH_MEASURE_WITH_UNIT ( LENGTH_MEASURE( 0.02539999999999999897 ), #2093 );
#2711 = AXIS2_PLACEMENT_3D ( 'NONE', #2074, #723, #1417 ) ;
#2712 = EDGE_CURVE ( 'NONE', #349, #215, #2836, .T. ) ;
#2713 = LINE ( 'NONE', #2259, #1708 ) ;
#2714 = ORIENTED_EDGE ( 'NONE', *, *, #691, .T. ) ;
#2715 = COLOUR_RGB ( '',1.000000000000000000, 1.000000000000000000, 1.000000000000000000 ) ;
#2716 = DIRECTION ( 'NONE',  ( -1.000000000000000000, 0.0000000000000000000, 0.0000000000000000000 ) ) ;
#2717 = ORIENTED_EDGE ( 'NONE', *, *, #732, .T. ) ;
#2718 = VECTOR ( 'NONE', #544, 39.37007874015748143 ) ;
#2719 = VECTOR ( 'NONE', #1772, 39.37007874015748143 ) ;
#2720 = ADVANCED_FACE ( 'NONE', ( #1529 ), #2414, .T. ) ;
#2721 = FILL_AREA_STYLE_COLOUR ( '', #1580 ) ;
#2722 = ORIENTED_EDGE ( 'NONE', *, *, #570, .F. ) ;
#2723 = LINE ( 'NONE', #2525, #363 ) ;
#2724 = ORIENTED_EDGE ( 'NONE', *, *, #2122, .T. ) ;
#2725 = PRESENTATION_STYLE_ASSIGNMENT (( #2473 ) ) ;
#2726 = STYLED_ITEM ( 'NONE', ( #2352 ), #17 ) ;
#2727 = CARTESIAN_POINT ( 'NONE',  ( 0.03937007874015747977, 0.1377952755905511584, 0.0000000000000000000 ) ) ;
#2728 = FILL_AREA_STYLE ('',( #279 ) ) ;
#2729 = ORIENTED_EDGE ( 'NONE', *, *, #1642, .F. ) ;
#2730 = FILL_AREA_STYLE ('',( #2306 ) ) ;
#2731 = VERTEX_POINT ( 'NONE', #923 ) ;
#2732 = PRODUCT_DEFINITION ( 'UNKNOWN', '', #794, #1257 ) ;
#2733 = CIRCLE ( 'NONE', #248, 0.1181102362204724532 ) ;
#2734 =( CONVERSION_BASED_UNIT ( 'INCH', #2574 ) LENGTH_UNIT ( ) NAMED_UNIT ( #384 ) );
#2735 = CARTESIAN_POINT ( 'NONE',  ( 0.3937007874015748254, 0.1968503937007874127, 0.07874015748031477913 ) ) ;
#2736 =( CONVERSION_BASED_UNIT ( 'INCH', #1861 ) LENGTH_UNIT ( ) NAMED_UNIT ( #2855 ) );
#2737 = ORIENTED_EDGE ( 'NONE', *, *, #672, .T. ) ;
#2738 = ADVANCED_FACE ( 'NONE', ( #471 ), #912, .F. ) ;
#2739 = FACE_OUTER_BOUND ( 'NONE', #2568, .T. ) ;
#2740 = DIRECTION ( 'NONE',  ( 0.0000000000000000000, -1.000000000000000000, 0.0000000000000000000 ) ) ;
#2741 = CARTESIAN_POINT ( 'NONE',  ( 0.03937007874015747977, 0.1338582677165353896, 0.0000000000000000000 ) ) ;
#2742 = ORIENTED_EDGE ( 'NONE', *, *, #1628, .F. ) ;
#2743 =( NAMED_UNIT ( * ) PLANE_ANGLE_UNIT ( ) SI_UNIT ( $, .RADIAN. ) );
#2744 = DIRECTION ( 'NONE',  ( 0.0000000000000000000, 0.0000000000000000000, -1.000000000000000000 ) ) ;
#2745 = ORIENTED_EDGE ( 'NONE', *, *, #2503, .T. ) ;
#2746 = LINE ( 'NONE', #1664, #1436 ) ;
#2747 = EDGE_LOOP ( 'NONE', ( #834, #1789, #906, #190, #2517, #1222, #1768, #2228, #1341, #921, #1871, #843, #2069, #735, #2680, #1125, #1751, #2814, #900, #2198 ) ) ;
#2748 = DIRECTION ( 'NONE',  ( 0.0000000000000000000, 0.0000000000000000000, -1.000000000000000000 ) ) ;
#2749 = EDGE_CURVE ( 'NONE', #2560, #2472, #220, .T. ) ;
#2750 = DIRECTION ( 'NONE',  ( 0.0000000000000000000, 0.0000000000000000000, -1.000000000000000000 ) ) ;
#2751 = ORIENTED_EDGE ( 'NONE', *, *, #158, .F. ) ;
#2752 = SURFACE_SIDE_STYLE ('',( #567 ) ) ;
#2753 = EDGE_CURVE ( 'NONE', #1411, #1079, #1089, .T. ) ;
#2754 = SURFACE_STYLE_USAGE ( .BOTH. , #2147 ) ;
#2755 = ORIENTED_EDGE ( 'NONE', *, *, #867, .T. ) ;
#2756 = PRESENTATION_LAYER_ASSIGNMENT (  '', '', ( #1074 ) ) ;
#2757 = DIRECTION ( 'NONE',  ( -1.000000000000000000, -0.0000000000000000000, -0.0000000000000000000 ) ) ;
#2758 = CIRCLE ( 'NONE', #1473, 0.03937007874015747977 ) ;
#2759 = AXIS2_PLACEMENT_3D ( 'NONE', #440, #226, #886 ) ;
#2760 = CARTESIAN_POINT ( 'NONE',  ( 0.3346456692913387099, -0.3149606299212599492, 0.1377952755905509641 ) ) ;
#2761 = EDGE_LOOP ( 'NONE', ( #1035, #2408, #340, #762 ) ) ;
#2762 = CIRCLE ( 'NONE', #598, 0.1633858267716535861 ) ;
#2763 = AXIS2_PLACEMENT_3D ( 'NONE', #605, #2153, #2540 ) ;
#2764 = CARTESIAN_POINT ( 'NONE',  ( 0.2328915887395679174, -0.2559055118110236671, 0.03937007874015722303 ) ) ;
#2765 = CARTESIAN_POINT ( 'NONE',  ( 0.2755905511811023723, -0.1968503937007874127, -0.1377952755905509641 ) ) ;
#2766 = ORIENTED_EDGE ( 'NONE', *, *, #2629, .T. ) ;
#2767 = ADVANCED_FACE ( 'NONE', ( #2826 ), #1120, .F. ) ;
#2768 = VECTOR ( 'NONE', #5, 39.37007874015748143 ) ;
#2769 = EDGE_CURVE ( 'NONE', #1956, #2184, #2193, .T. ) ;
#2770 = CARTESIAN_POINT ( 'NONE',  ( 0.2600441219120755987, -0.3740157480314961203, -0.03937007874015772263 ) ) ;
#2771 = ORIENTED_EDGE ( 'NONE', *, *, #675, .T. ) ;
#2772 =( NAMED_UNIT ( * ) SI_UNIT ( $, .STERADIAN. ) SOLID_ANGLE_UNIT ( ) );
#2773 = UNCERTAINTY_MEASURE_WITH_UNIT (LENGTH_MEASURE( 1.000000000000000082E-05 ), #2383, 'distance_accuracy_value', 'NONE');
#2774 = EDGE_LOOP ( 'NONE', ( #45, #2133, #1974, #1839, #1065, #1770 ) ) ;
#2775 = VECTOR ( 'NONE', #953, 39.37007874015748143 ) ;
#2776 = VECTOR ( 'NONE', #131, 39.37007874015748143 ) ;
#2777 = CARTESIAN_POINT ( 'NONE',  ( 0.7529527559055119168, 0.0000000000000000000, 0.0000000000000000000 ) ) ;
#2778 = FACE_OUTER_BOUND ( 'NONE', #2492, .T. ) ;
#2779 = CARTESIAN_POINT ( 'NONE',  ( 0.0000000000000000000, -0.2559055118110237781, -0.1377952755905509641 ) ) ;
#2780 = CARTESIAN_POINT ( 'NONE',  ( 0.2395493561423218676, -0.2047244094488189226, -0.06299212598425196763 ) ) ;
#2781 = EDGE_CURVE ( 'NONE', #1956, #331, #19, .T. ) ;
#2782 = VERTEX_POINT ( 'NONE', #450 ) ;
#2783 = DIRECTION ( 'NONE',  ( 0.0000000000000000000, -5.782411586589301432E-16, -1.000000000000000000 ) ) ;
#2784 = ADVANCED_FACE ( 'NONE', ( #1101 ), #329, .T. ) ;
#2785 = CARTESIAN_POINT ( 'NONE',  ( 0.0000000000000000000, -0.2559055118110237781, 0.1968503937007872462 ) ) ;
#2786 = ORIENTED_EDGE ( 'NONE', *, *, #750, .F. ) ;
#2787 = LENGTH_MEASURE_WITH_UNIT ( LENGTH_MEASURE( 0.02539999999999999897 ), #2596 );
#2788 = CARTESIAN_POINT ( 'NONE',  ( 0.3937007874015747699, 2.000899297819494852E-17, 0.1633858267716535861 ) ) ;
#2789 = CARTESIAN_POINT ( 'NONE',  ( 0.2805388876818292743, -0.3346456692913385988, 0.03937007874015722303 ) ) ;
#2790 = CARTESIAN_POINT ( 'NONE',  ( 0.0000000000000000000, -0.2559055118110237781, 0.1377952755905509641 ) ) ;
#2791 = CARTESIAN_POINT ( 'NONE',  ( 0.4058130083190386594, -0.1522603223953538920, 0.06299212598425196763 ) ) ;
#2792 = ORIENTED_EDGE ( 'NONE', *, *, #332, .F. ) ;
#2793 = ADVANCED_FACE ( 'NONE', ( #897 ), #2071, .T. ) ;
#2794 =( LENGTH_UNIT ( ) NAMED_UNIT ( * ) SI_UNIT ( $, .METRE. ) );
#2795 = COLOUR_RGB ( '',1.000000000000000000, 1.000000000000000000, 1.000000000000000000 ) ;
#2796 = DIRECTION ( 'NONE',  ( -1.000000000000000000, -0.0000000000000000000, -0.0000000000000000000 ) ) ;
#2797 = VERTEX_POINT ( 'NONE', #2085 ) ;
#2798 = EDGE_CURVE ( 'NONE', #960, #43, #776, .T. ) ;
#2799 =( GEOMETRIC_REPRESENTATION_CONTEXT ( 3 ) GLOBAL_UNCERTAINTY_ASSIGNED_CONTEXT ( ( #2150 ) ) GLOBAL_UNIT_ASSIGNED_CONTEXT ( ( #1727, #2014, #1102 ) ) REPRESENTATION_CONTEXT ( 'NONE', 'WORKASPACE' ) );
#2800 = SURFACE_SIDE_STYLE ('',( #588 ) ) ;
#2801 = VECTOR ( 'NONE', #1488, 39.37007874015748143 ) ;
#2802 = DIRECTION ( 'NONE',  ( 1.000000000000000000, 0.0000000000000000000, 0.0000000000000000000 ) ) ;
#2803 = DIRECTION ( 'NONE',  ( 1.000000000000000000, 0.0000000000000000000, 0.0000000000000000000 ) ) ;
#2804 = STYLED_ITEM ( 'NONE', ( #2694 ), #2046 ) ;
#2805 = AXIS2_PLACEMENT_3D ( 'NONE', #2043, #1183, #2285 ) ;
#2806 = AXIS2_PLACEMENT_3D ( 'NONE', #2636, #2716, #749 ) ;
#2807 = VECTOR ( 'NONE', #2002, 39.37007874015748143 ) ;
#2808 = CARTESIAN_POINT ( 'NONE',  ( 0.2755905511811023723, -0.1968503937007874405, 0.1968503937007877458 ) ) ;
#2809 = LINE ( 'NONE', #1778, #2132 ) ;
#2810 = ORIENTED_EDGE ( 'NONE', *, *, #1020, .T. ) ;
#2811 = CARTESIAN_POINT ( 'NONE',  ( 0.0000000000000000000, 0.1338582677165353896, -0.07874015748031515383 ) ) ;
#2812 = CARTESIAN_POINT ( 'NONE',  ( 0.3937007874015748254, 0.1633858267716535861, -0.07874015748031515383 ) ) ;
#2813 = FACE_OUTER_BOUND ( 'NONE', #653, .T. ) ;
#2814 = ORIENTED_EDGE ( 'NONE', *, *, #2023, .F. ) ;
#2815 = FILL_AREA_STYLE_COLOUR ( '', #1801 ) ;
#2816 = EDGE_CURVE ( 'NONE', #2406, #449, #1647, .T. ) ;
#2817 = AXIS2_PLACEMENT_3D ( 'NONE', #2454, #1149, #736 ) ;
#2818 = CARTESIAN_POINT ( 'NONE',  ( 0.2395493561423218953, -0.2559055118110236671, 0.03937007874015722303 ) ) ;
#2819 = VECTOR ( 'NONE', #2699, 39.37007874015748143 ) ;
#2820 = ORIENTED_EDGE ( 'NONE', *, *, #2682, .T. ) ;
#2821 = SURFACE_SIDE_STYLE ('',( #869 ) ) ;
#2822 =( CONVERSION_BASED_UNIT ( 'INCH', #171 ) LENGTH_UNIT ( ) NAMED_UNIT ( #203 ) );
#2823 = EDGE_LOOP ( 'NONE', ( #1073, #1970, #518, #2338 ) ) ;
#2824 = ORIENTED_EDGE ( 'NONE', *, *, #804, .T. ) ;
#2825 =( NAMED_UNIT ( * ) PLANE_ANGLE_UNIT ( ) SI_UNIT ( $, .RADIAN. ) );
#2826 = FACE_OUTER_BOUND ( 'NONE', #1095, .T. ) ;
#2827 = CARTESIAN_POINT ( 'NONE',  ( 0.2755905511811023723, -0.1968503937007874127, 0.1377952755905509641 ) ) ;
#2828 = DIRECTION ( 'NONE',  ( 0.0000000000000000000, 0.0000000000000000000, -1.000000000000000000 ) ) ;
#2829 = EDGE_CURVE ( 'NONE', #1886, #1781, #414, .T. ) ;
#2830 = SURFACE_SIDE_STYLE ('',( #6 ) ) ;
#2831 = DIMENSIONAL_EXPONENTS ( 1.000000000000000000, 0.0000000000000000000, 0.0000000000000000000, 0.0000000000000000000, 0.0000000000000000000, 0.0000000000000000000, 0.0000000000000000000 ) ;
#2832 = ORIENTED_EDGE ( 'NONE', *, *, #2162, .F. ) ;
#2833 = PLANE ( 'NONE',  #228 ) ;
#2834 = EDGE_CURVE ( 'NONE', #2512, #1467, #1595, .T. ) ;
#2835 = FACE_OUTER_BOUND ( 'NONE', #693, .T. ) ;
#2836 = LINE ( 'NONE', #1110, #1076 ) ;
#2837 = VERTEX_POINT ( 'NONE', #1206 ) ;
#2838 = PLANE ( 'NONE',  #2401 ) ;
#2839 = ORIENTED_EDGE ( 'NONE', *, *, #2668, .F. ) ;
#2840 = CARTESIAN_POINT ( 'NONE',  ( 0.4121695784263760820, 0.0000000000000000000, 0.0000000000000000000 ) ) ;
#2841 = ORIENTED_EDGE ( 'NONE', *, *, #2834, .F. ) ;
#2842 = FILL_AREA_STYLE_COLOUR ( '', #1070 ) ;
#2843 = AXIS2_PLACEMENT_3D ( 'NONE', #1652, #1460, #1498 ) ;
#2844 = LINE ( 'NONE', #225, #2263 ) ;
#2845 = CARTESIAN_POINT ( 'NONE',  ( 0.4003585548043288034, -0.1929133858267716162, 0.06299212598425196763 ) ) ;
#2846 = VECTOR ( 'NONE', #1233, 39.37007874015748143 ) ;
#2847 = VECTOR ( 'NONE', #2126, 39.37007874015748143 ) ;
#2848 = ORIENTED_EDGE ( 'NONE', *, *, #442, .T. ) ;
#2849 = VECTOR ( 'NONE', #2464, 39.37007874015748143 ) ;
#2850 = FILL_AREA_STYLE ('',( #901 ) ) ;
#2851 = CARTESIAN_POINT ( 'NONE',  ( 0.3346456692913387099, -0.2559055118110237226, -0.1968503937007877180 ) ) ;
#2852 = SURFACE_SIDE_STYLE ('',( #1986 ) ) ;
#2853 = STYLED_ITEM ( 'NONE', ( #2645 ), #2720 ) ;
#2854 = ADVANCED_FACE ( 'NONE', ( #2500 ), #2310, .F. ) ;
#2855 = DIMENSIONAL_EXPONENTS ( 1.000000000000000000, 0.0000000000000000000, 0.0000000000000000000, 0.0000000000000000000, 0.0000000000000000000, 0.0000000000000000000, 0.0000000000000000000 ) ;
ENDSEC;
END-ISO-10303-21;
